tick,population,occupancy,n_lineages,shannon_eco,shannon_lin,mean_theta,theta_std,theta_range,mean_r,mean_fitness,mean_resource
1,19,0.011875,18,2.4791224365093933,2.871476118054867,0.4886512711731827,0.24671765953441213,0.834304962650759,0.15,0.07347484515602065,0.9999250000000001
2,19,0.011875,18,2.40615957539782,2.871476118054867,0.4792797496544927,0.24221692605139522,0.834304962650759,0.15,0.05940768127734849,0.99985
3,21,0.013125,20,2.557507739075623,2.9785084205272367,0.4855085875699878,0.2438968600398371,0.834304962650759,0.14999999999999997,0.06146455390251494,0.9997
4,22,0.01375,21,2.437124646314522,3.0280290733074113,0.485993188033946,0.2338171288179703,0.7654976501228724,0.14999999999999997,0.05870656322344499,0.99956875
5,21,0.013125,19,2.3063362705074937,2.912494403331052,0.4623786285766945,0.22137892896743197,0.7654976501228724,0.14999999999999997,0.06236444108359618,0.99945625
6,20,0.0125,18,2.316113923221488,2.857102837442002,0.49194794826997457,0.20546388803137508,0.7278511403292249,0.14999999999999997,0.08307185634597641,0.9994375
7,22,0.01375,18,2.2873138796779617,2.8152049266199475,0.4753184466374067,0.2051118655374417,0.7278511403292249,0.14999999999999997,0.08086331330376356,0.9993437499999999
8,24,0.015,18,2.36173836677077,2.8096782340777837,0.46643508834239694,0.22460184082777665,0.8550515727220744,0.15,0.07885193129797456,0.9991562500000001
9,25,0.015625,18,2.3413103364639394,2.7752616293098358,0.47500800469176613,0.22216687359078657,0.8550515727220744,0.15,0.07551852247117286,0.9990437499999999
10,27,0.016875,19,2.341828635638573,2.833738745631032,0.4664291190370357,0.21823677141643652,0.8550515727220744,0.15,0.07868926493606224,0.9989312499999999
11,25,0.015625,19,2.345239356695102,2.8443053266982625,0.46491602401343807,0.2297218836067265,0.8550515727220744,0.15,0.06168076067424906,0.9989312499999999
12,29,0.018125,20,2.277151219599969,2.841460037837549,0.45423099242572934,0.2191542970702588,0.8550515727220744,0.15000000000000002,0.06484869795053795,0.9987062499999999
13,30,0.01875,21,2.200339104202688,2.8405646348750735,0.45396729845899714,0.20826614578289515,0.8550515727220744,0.15000000000000002,0.06321874996551298,0.99859375
14,31,0.019375,20,2.227147117875343,2.7541133014931725,0.4665651507500562,0.21730638652515522,0.8550515727220744,0.15000000000000005,0.060830898526952656,0.99859375
15,30,0.01875,19,2.1541292921653583,2.6986610152371155,0.4432203794286688,0.20559568091926944,0.7935190228122762,0.15000000000000002,0.06405874877938898,0.9986875
16,32,0.02,19,2.1587484869409987,2.6771429629212613,0.44732969353166874,0.21340692547787782,0.7935190228122762,0.15,0.06479284931264659,0.998725
17,34,0.02125,20,2.294930982275893,2.727992389881006,0.481444602037535,0.23528554197415932,0.8855584481241737,0.15000000000000002,0.06314796450400476,0.9986499999999999
18,38,0.02375,22,2.2696470936726723,2.8212249995052763,0.4674022528352753,0.22922983257312834,0.8855584481241737,0.15000000000000005,0.06181960245793681,0.9983687499999999
19,39,0.024375,23,2.2827665286265506,2.9098730010150162,0.47411556632629664,0.238929175792456,0.8855584481241737,0.15000000000000005,0.06973740696819763,0.998275
20,39,0.024375,22,2.2320289908335664,2.8743269917555323,0.45707401402745834,0.2316671928710071,0.8282822775580361,0.15000000000000005,0.0732606418498585,0.998275
21,39,0.024375,20,2.1830663625031965,2.7676889639770796,0.4537153607476411,0.22442360667898134,0.7935190228122762,0.15000000000000005,0.07773107980510514,0.998275
22,39,0.024375,20,2.169934332442669,2.767688963977079,0.44713621992410435,0.22742382068555603,0.7935190228122762,0.15000000000000005,0.0744954555538128,0.9983124999999999
23,42,0.02625,20,2.1794371980130176,2.755549790664179,0.43643419921547294,0.21883841672021126,0.9087066188142513,0.15000000000000002,0.0748395147326335,0.99810625
24,44,0.0275,20,2.1518990501735766,2.713369106355918,0.43332162545074665,0.2138503400005009,0.9087066188142513,0.15000000000000002,0.07533263890767973,0.998125
25,50,0.03125,20,2.154383188685633,2.677204900573793,0.43791421965914884,0.20126377879223625,0.9087066188142513,0.15000000000000002,0.07797769908308778,0.9978437500000001
26,51,0.031875,20,2.1223658976596784,2.620686851291128,0.4373987575833596,0.19546405568575648,0.9087066188142513,0.15000000000000002,0.07514821330313405,0.9978625
27,54,0.03375,20,2.1414623711124565,2.612098827319938,0.4518848557468927,0.1999954574027095,0.9087066188142513,0.15000000000000002,0.07773609504399674,0.997825
28,53,0.033125,21,2.1650747652487174,2.694122484642838,0.4519619709092102,0.20608464370736532,0.9087066188142513,0.15000000000000005,0.07679178586859489,0.9979187500000001
29,57,0.035625,20,2.1106648957387937,2.6203518626843962,0.456551701887985,0.20410367685713282,0.9087066188142513,0.15000000000000002,0.07938936412317524,0.99775
30,62,0.03875,21,2.1075583676001943,2.63095952954393,0.47054736134026354,0.20676035460013814,0.9087066188142513,0.15000000000000005,0.08639295271607177,0.9975812500000001
31,68,0.0425,21,2.0571555596339604,2.5652041258370484,0.4741354891435375,0.2000193615545077,0.9167364709482368,0.15000000000000002,0.08512718607506294,0.99724375
32,77,0.048125,22,2.0170573247233423,2.513890933871843,0.471784293904658,0.19427342540709752,0.9167364709482368,0.15000000000000002,0.08573149323176835,0.9965125
33,85,0.053125,23,2.013669605756517,2.511912656901557,0.46560266141187123,0.18367513118996695,0.9167364709482368,0.15,0.08840463474624197,0.9961749999999999
34,87,0.054375,23,2.0293608345153262,2.4952658535695758,0.45704549668280986,0.1800104530609339,0.9167364709482368,0.15,0.0894138391071939,0.9961375
35,92,0.0575,23,1.9575476260722688,2.4308461201904312,0.4515473173866164,0.16818592680924077,0.9167364709482368,0.15,0.08841565159840896,0.99593125
36,99,0.061875,24,1.9117150415573947,2.431504704857574,0.455166332130375,0.165468163080411,0.9167364709482368,0.14999999999999997,0.09193838910072462,0.9955375
37,104,0.065,23,1.8608837451026639,2.3663467988943245,0.44871591093522106,0.15664487082069795,0.9167364709482368,0.14999999999999997,0.09452631759870307,0.9952937499999999
38,110,0.06875,23,1.859191995129754,2.3449854770339003,0.4519017199892121,0.1546728118273705,0.9167364709482368,0.14999999999999994,0.08886257972329441,0.99525625
39,117,0.073125,20,1.7783115472381137,2.2449728187091784,0.4501878366817712,0.1453808017465261,0.8055465814560383,0.1499999999999999,0.09149870842674598,0.9947874999999999
40,124,0.0775,20,1.765928474010448,2.2220406895702456,0.458240600038362,0.14341363151665015,0.8055465814560383,0.14999999999999994,0.09235760821499514,0.99435625
41,127,0.079375,19,1.7675786495275754,2.189373927688792,0.45819529408920684,0.13967520307256662,0.8055465814560383,0.14999999999999988,0.09206503260550057,0.99424375
42,140,0.0875,20,1.760608405077757,2.207699575571459,0.4614301802634714,0.13972625906279945,0.8055465814560383,0.14994336281286264,0.08954558175919539,0.99356875
43,155,0.096875,22,1.7587076073601993,2.2477651385645046,0.4654201097743882,0.1394745171261912,0.8055465814560383,0.15008863830686361,0.09181558256448835,0.99293125
44,163,0.101875,21,1.7630523763684214,2.222028075278411,0.4649042029141034,0.13754668731152522,0.8055465814560383,0.1499814940903258,0.09158904504483834,0.9925375
45,171,0.106875,20,1.755525552122311,2.162186159390049,0.4649840424326484,0.13517745969091513,0.8055465814560383,0.1499823598638778,0.09169843957729348,0.9922187499999999
46,177,0.110625,20,1.7775000659252707,2.194672013306223,0.4641478510608839,0.13448134279745816,0.8055465814560383,0.1499829578345938,0.09071051598752815,0.9922562500000001
47,185,0.115625,22,1.750225952577069,2.186573508741599,0.4586699301096057,0.12869483316712266,0.8055465814560383,0.15000470393430534,0.09096472374799101,0.9916749999999999
48,188,0.1175,23,1.7624464957635555,2.2197127436156383,0.4586571067989407,0.1309537022898798,0.8055465814560383,0.15015982331577127,0.09402607865827844,0.99169375
49,199,0.124375,23,1.7304489647345442,2.177293404767416,0.45784704899201895,0.12653862310991162,0.8055465814560383,0.15015098886113065,0.09202121486996927,0.99113125
50,215,0.134375,23,1.7289297730080873,2.1677993026565865,0.4569013786851093,0.12334285152072957,0.8055465814560383,0.15015783011389944,0.09127400467500224,0.9902687499999999
51,225,0.140625,24,1.6909119539826816,2.1575370153595674,0.4576179330284644,0.1220059448538533,0.8055465814560383,0.15015081544217057,0.09018076084987249,0.98995
52,246,0.15375,25,1.7071594994286272,2.175761589144553,0.4543671275180058,0.12158019521386809,0.8502897367950644,0.15027651533711067,0.09269967990415279,0.98888125
53,256,0.16,26,1.7035029942742104,2.1470708427028757,0.4549016302181549,0.12010847879737281,0.8502897367950644,0.1502657139567548,0.0958128452002936,0.98815
54,271,0.169375,29,1.7149475957486944,2.1880783020752177,0.45688363872486704,0.11990911806394473,0.8502897367950644,0.15026913474483977,0.09264989475085122,0.98725
55,284,0.1775,31,1.7248623085091026,2.181221837665179,0.45991539115889074,0.11937383916051085,0.8502897367950644,0.15023951680608888,0.09300688181437364,0.9865375000000001
56,291,0.181875,30,1.7130584817078016,2.1686533041768454,0.4591971893891543,0.11543915575465619,0.7978755986438217,0.15023375523343382,0.09266244163418048,0.9862375
57,302,0.18875,32,1.729547714771823,2.182910856837749,0.45901798819640993,0.11523580386773564,0.7978755986438217,0.15023571226587784,0.09120722060783316,0.98588125
58,321,0.200625,32,1.7132567833517944,2.151322353820529,0.46079763518153377,0.11138752488021002,0.7978755986438217,0.15012892695801852,0.0890828770887913,0.98520625
59,338,0.21125,33,1.7116829171083805,2.1453706107616632,0.4610065510436717,0.11320882544344915,0.7978755986438217,0.15009871356080026,0.09216517674106206,0.98486875
60,363,0.226875,35,1.7105632682040246,2.1491310016053258,0.4630941867647935,0.11224737832231237,0.7978755986438217,0.15006431940707315,0.09391530333752919,0.98329375
61,383,0.239375,36,1.727103396508608,2.210973569311431,0.4617040636799138,0.11080490417597665,0.7978755986438217,0.15003589747364043,0.09196351492596845,0.982375
62,393,0.245625,39,1.7138399643197746,2.2214678820130147,0.4609593263274771,0.10939738738227495,0.7978755986438217,0.15001826216979744,0.0909836889022191,0.9820375
63,415,0.259375,40,1.7163374737489576,2.233592679431686,0.46395099527521216,0.1104823871709816,0.7978755986438217,0.15006679651643434,0.09128589568533209,0.980875
64,429,0.268125,37,1.7006842202252799,2.184731091833401,0.463167870302353,0.10767023559740883,0.7978755986438217,0.15001056846775868,0.09406821491110423,0.9806875
65,444,0.2775,39,1.7092806693215021,2.2041541625374217,0.4638149814177702,0.10930079630880936,0.8272436932885285,0.14996198726150267,0.09399572084101886,0.9803687499999999
66,472,0.295,39,1.699768426927804,2.2210417809503746,0.46233943753694445,0.10669072297340441,0.748823876381558,0.14990855020722146,0.09318889169285871,0.9788125
67,498,0.31125,40,1.6905647348000916,2.2244846691229574,0.46569954924457535,0.1075594137886044,0.8416940041360939,0.14988625493287105,0.09287132926898738,0.9772
68,508,0.3175,42,1.6757467190861697,2.2140613960175397,0.467563192654183,0.10801069930378542,0.8416940041360939,0.14996912797185616,0.09431481828893805,0.9766374999999999
69,529,0.330625,42,1.6640827468418715,2.184361554189001,0.46701769300063056,0.1074813849532538,0.8416940041360939,0.1499819939864404,0.09467510415892341,0.97553125
70,557,0.348125,43,1.6683645506810976,2.1955140234240433,0.46768993297811295,0.10837504925595826,0.8416940041360939,0.15003001018477516,0.09474719129238282,0.97369375
71,578,0.36125,43,1.6564165758649843,2.1738849440355814,0.47067828550209656,0.10775456072897548,0.8416940041360939,0.15006804818859618,0.09545767569366351,0.97204375
72,594,0.37125,44,1.6566721842586876,2.1440011052799814,0.4740452873410512,0.10965838173437394,0.8416940041360939,0.15009112712618755,0.09503409249283716,0.9708062500000001
73,618,0.38625,45,1.6647555332582138,2.1563526144486533,0.4731102389961018,0.10895886697340565,0.8416940041360939,0.15013940650104407,0.09514709034578478,0.9695125
74,659,0.411875,45,1.6771969972056389,2.1605178498594806,0.473479929002399,0.10815853149659985,0.8416940041360939,0.15017406187846902,0.09481033530087016,0.9670750000000001
75,678,0.42375,46,1.6687751347565012,2.1516177222294157,0.47317276694355176,0.10710957185293206,0.8416940041360939,0.15019687763045494,0.0935230428086005,0.96548125
76,696,0.435,45,1.657162917937033,2.165036902737885,0.47234962342393055,0.10572233435332033,0.8416940041360939,0.15013249490129787,0.09328138304888121,0.9646375
77,713,0.445625,43,1.6281370436524074,2.1375783480855364,0.4741161153996269,0.10409892749574835,0.748823876381558,0.15009601168333708,0.0927516150452846,0.963625
78,750,0.46875,44,1.6411399948162513,2.1551100539491754,0.47317315656308295,0.10548015815019172,0.924980264046139,0.15009427741390088,0.0922384936708155,0.9623124999999999
79,776,0.485,45,1.627831663140677,2.1332717041679943,0.4735248069616113,0.1053547138538726,0.924980264046139,0.15007654335866571,0.09202035196363144,0.9606062500000001
80,806,0.50375,46,1.6178266456823152,2.1405553704881726,0.4716970166133416,0.102878766560175,0.924980264046139,0.15011082604323853,0.09237029052776763,0.9589749999999999
81,833,0.520625,45,1.6086598493693116,2.1050954447898005,0.4723781426385826,0.10270262503649875,0.924980264046139,0.15012421530757644,0.09112737347880207,0.9572687500000001
82,862,0.53875,46,1.6011619941995958,2.0910461174474,0.4718431546547153,0.102785787446271,0.924980264046139,0.1501321534109988,0.09092060028751889,0.9560875000000002
83,901,0.563125,50,1.6184500520304883,2.1180982914184034,0.4718518232055178,0.1032360600382882,0.924980264046139,0.15013083537284977,0.0908700297126406,0.9533687500000001
84,909,0.568125,51,1.6281405021814765,2.139625012252292,0.46989232592092645,0.10135386300860028,0.924980264046139,0.15016144982404622,0.09066103219825962,0.95246875
85,933,0.583125,52,1.6290332875886742,2.151883725990393,0.4711333910544837,0.10071434028863892,0.924980264046139,0.15018769763325157,0.09301857182111246,0.95108125
86,981,0.613125,56,1.622244987945581,2.170261085188794,0.4690603184426913,0.09938648840685746,0.924980264046139,0.15028677306140936,0.09200062036065013,0.9481375
87,1023,0.639375,57,1.6237553253148649,2.177479989274309,0.46844388710545676,0.0994503096193263,0.924980264046139,0.15028088075873772,0.09296766706509887,0.9453999999999999
88,1064,0.665,60,1.6303152408184372,2.1741637142737362,0.47086254663186844,0.09950876841000467,0.924980264046139,0.15025685050410248,0.09340059745879634,0.94238125
89,1093,0.683125,58,1.6363174950301616,2.1727139685620216,0.47279851731089556,0.1004068803724906,0.924980264046139,0.15022642645325013,0.09512444787822376,0.93915625
90,1142,0.71375,56,1.608321114115224,2.169627327649816,0.471837274467146,0.09716263539117634,0.8956121694014322,0.1502065172475128,0.09450643607191142,0.9353312500000002
91,1188,0.7425,57,1.5981593593262824,2.176849126197262,0.47056862729731647,0.09591853824170359,0.8956121694014322,0.15020377130127782,0.09372135705615743,0.930775
92,1224,0.765,56,1.6050576540944297,2.185870196889349,0.4707754768169898,0.09562032851857624,0.8956121694014322,0.15015355001861244,0.09240004607100862,0.9272875
93,1236,0.7725,55,1.5891873359687505,2.176877942204871,0.4725280637544386,0.09463589324359284,0.8956121694014322,0.1501221698036597,0.09347505956161775,0.9239875000000001
94,1250,0.78125,56,1.5885810759447172,2.172190046675313,0.47312142903842613,0.09536642983520799,0.8956121694014322,0.15009170543498318,0.0923771960859785,0.9211375
95,1277,0.798125,57,1.5736439774639484,2.1527063591654834,0.4722746408727595,0.09347962578633365,0.860979131769835,0.15007318794239619,0.09172645520781651,0.9186625
96,1288,0.805,59,1.5711829237946011,2.163170844527179,0.4720593235613016,0.0932957664534578,0.860979131769835,0.15008753718908877,0.0908228867817242,0.9160375000000001
97,1289,0.805625,59,1.5786290882936358,2.179374400190132,0.4747672014248041,0.09353104105348688,0.6940520437579036,0.15006108547565003,0.09161260748539185,0.9147812500000001
98,1305,0.815625,61,1.573679323128803,2.188760107383135,0.4734783819775557,0.09221117025432449,0.6940520437579036,0.150016506769785,0.09164296926845604,0.9115937500000001
99,1313,0.820625,60,1.571317258929406,2.1952800407082758,0.47369887222220664,0.09157305470792139,0.6940520437579036,0.15011448563914198,0.09050288825398145,0.908875
100,1332,0.8325,61,1.5649498651261065,2.1886424076438353,0.47403677052130344,0.09125264696242813,0.6940520437579036,0.1500874669759164,0.08984329958433433,0.9066062500000001
101,1336,0.835,63,1.5586414590521127,2.1813262424385473,0.4746726488664212,0.09146660129877848,0.6940520437579036,0.15004429380533751,0.08885692345594266,0.9050312500000001
102,1338,0.83625,63,1.5595705469009211,2.1716431139584573,0.47431256634988456,0.09087251697459875,0.6940520437579036,0.14999857657751345,0.0890502396363575,0.9027250000000001
103,1352,0.845,63,1.554036365888543,2.1773714886532383,0.4746498848101021,0.09001675032270563,0.6940520437579036,0.1500383663307524,0.08934713737577173,0.90085
104,1356,0.8475,64,1.5491524871241837,2.188720942841498,0.4751366411418697,0.0902249537365714,0.6940520437579036,0.1500199506301665,0.08853715539840633,0.8995750000000001
105,1347,0.841875,65,1.5571828134353078,2.211001346999419,0.4754604415248433,0.0911887296516072,0.6940520437579036,0.15001155084752005,0.08857501758325485,0.8988625000000002
106,1361,0.850625,67,1.5647579277583412,2.2116451132632102,0.4750003348016327,0.09178722229313847,0.8107989198423784,0.15004426065111104,0.08877190647137827,0.8963500000000002
107,1360,0.85,64,1.5486682534548308,2.191002151273408,0.4732563907384645,0.09047081535284197,0.8107989198423784,0.15008981368116234,0.08853541724483664,0.894325
108,1372,0.8575,64,1.5381841821389621,2.1807922899016283,0.47450411660010877,0.09075111690200387,0.8107989198423784,0.15013926275697753,0.08814691743839402,0.89235625
109,1368,0.855,67,1.5493923423219322,2.2082481453239264,0.4753628756249404,0.09101317367653597,0.8107989198423784,0.15014752823632754,0.0873103846610659,0.8911562500000001
110,1382,0.86375,68,1.5564818984873736,2.217858933850146,0.474655733760945,0.09098728123903889,0.8107989198423784,0.15014670601131175,0.08722730485095412,0.8886250000000001
111,1369,0.855625,68,1.554218687954033,2.2206732173462487,0.47320000509698096,0.09066612390433199,0.8107989198423784,0.1501883130214252,0.08610793872817582,0.8870687500000001
112,1370,0.85625,71,1.5584970786229306,2.242402363562852,0.47273760121372016,0.09040657451295749,0.8107989198423784,0.15016636838307726,0.0860972453168325,0.8855500000000001
113,1356,0.8475,71,1.561391960715868,2.2583321398552436,0.47246518283865147,0.09047374963550948,0.8107989198423784,0.15017231267601738,0.08566428806426506,0.884875
114,1343,0.839375,71,1.571835120598392,2.2725580333730893,0.472018342343221,0.09058738712786436,0.8107989198423784,0.15011205437834704,0.08597538477847023,0.88345
115,1355,0.846875,71,1.5674719396216377,2.30131532619266,0.47125554975405404,0.08920829902347886,0.8107989198423784,0.150138337516161,0.08637690866323354,0.8821750000000002
116,1373,0.858125,70,1.5631544123944476,2.2969402461781137,0.4717769552478367,0.08958118779875314,0.8107989198423784,0.15009891309283946,0.08519330876117863,0.87956875
117,1373,0.858125,68,1.5537896175917472,2.270328090306447,0.4727022998244524,0.08942151618939631,0.8107989198423784,0.15005131165979702,0.08599800240875821,0.8776750000000001
118,1370,0.85625,71,1.5572573898010331,2.2820365467893597,0.47346860420781517,0.08946684003398987,0.8107989198423784,0.15004700827121695,0.08538380414773084,0.8759312500000002
119,1379,0.861875,75,1.5545585660438865,2.266738657151825,0.473318355919967,0.08948047240123248,0.8107989198423784,0.15001641221976234,0.08450097353429127,0.8742437500000001
120,1377,0.860625,73,1.5419310615297923,2.241626987300884,0.47332205353217804,0.08853755298666265,0.8107989198423784,0.1499527100824213,0.08526443096938965,0.8722750000000002
121,1377,0.860625,71,1.5396169702408025,2.2412209421353766,0.4743148918908876,0.08862235134543207,0.8107989198423784,0.15002244236637385,0.08513992011050525,0.8701562500000002
122,1382,0.86375,72,1.5419873681852037,2.2579362328680523,0.4740564021992515,0.08847064790571395,0.8107989198423784,0.15000683862830438,0.08544780443419786,0.8677750000000001
123,1386,0.86625,72,1.5422767104005426,2.246344876777765,0.4738636000418767,0.08834020818354564,0.8107989198423784,0.1499927381726863,0.08520423150158718,0.86576875
124,1388,0.8675,73,1.5395164088728681,2.245112100290201,0.4753856348145656,0.08844100287014962,0.8107989198423784,0.14999351695022908,0.08508893753040156,0.8639875
125,1384,0.865,71,1.5350626529104554,2.214201584730159,0.4756508555636789,0.08857802541044425,0.8107989198423784,0.14999450015956636,0.08487029084915776,0.8627875
126,1361,0.850625,69,1.5402319913675404,2.2192082255016725,0.4762135954387263,0.0889451726210469,0.8107989198423784,0.14996223879201842,0.08446520813250934,0.8622812500000001
127,1363,0.851875,69,1.5393644371819744,2.21734184717629,0.47645473538995986,0.08889753772724923,0.8107989198423784,0.15003482336773186,0.08394348697345579,0.8605562500000002
128,1368,0.855,69,1.547896555787163,2.216035346820557,0.4768142209863305,0.08924695796474709,0.8107989198423784,0.15005289053558338,0.08387683666793713,0.8594124999999999
129,1372,0.8575,70,1.5442925093332096,2.2334859766289084,0.47570273666840834,0.08884997886483201,0.7878690523065836,0.1500496137562561,0.0841668097270431,0.8579687500000002
130,1352,0.845,70,1.5393921713888783,2.223121692433348,0.47546552462418307,0.08826422167472407,0.7878690523065836,0.15001223923671334,0.0839635171134041,0.8578375000000001
131,1372,0.8575,71,1.5584377693242226,2.2384731242044817,0.47731373195293986,0.08954396360845746,0.7878690523065836,0.15002375665173762,0.08515272340158085,0.8551937500000001
132,1383,0.864375,72,1.5519749540336472,2.23553486147448,0.4763880840395516,0.08871261147640398,0.7878690523065836,0.15007473213793063,0.08401626428768122,0.8533750000000001
133,1367,0.854375,72,1.5557407153497116,2.2327776802977937,0.47585739475638544,0.08901844054969485,0.7878690523065836,0.15013289042071856,0.08458804581473245,0.8531500000000001
134,1375,0.859375,73,1.5492864456920923,2.237594763959964,0.4762816800923349,0.08830654796099777,0.7878690523065836,0.15010212691236,0.08494058667276638,0.85114375
135,1378,0.86125,72,1.5461084039913109,2.237635596222578,0.4767597458732796,0.08856193437130337,0.7878690523065836,0.15011615911519072,0.08446567284701811,0.8495125000000001
136,1378,0.86125,70,1.5461439800685735,2.2476440936702704,0.47702390657194604,0.08864940896076647,0.7878690523065836,0.15008474059472263,0.08406965131937369,0.8481062500000002
137,1368,0.855,70,1.5469285759491387,2.257817855461565,0.4776486711104052,0.08858649002168024,0.7878690523065836,0.15011678425331915,0.0837310483536595,0.8464000000000002
138,1360,0.85,70,1.5447173450246914,2.256976591159394,0.47686706817321955,0.0881795917962115,0.7878690523065836,0.1501059725976679,0.08339037437477795,0.8459500000000001
139,1363,0.851875,69,1.5330663103757924,2.2493024740056127,0.4753674664991726,0.08678301439873824,0.7878690523065836,0.15017216979096457,0.08310597774725416,0.8446375
140,1369,0.855625,70,1.5257271699434314,2.2483378862057903,0.47521208114021585,0.08698335770087813,0.7878690523065836,0.15016520128645566,0.08265623124753543,0.84263125
141,1358,0.84875,72,1.5342222599043416,2.271077877917397,0.4746626550653656,0.08666967667127996,0.7878690523065836,0.15014298413056032,0.08228810811184362,0.8421625
142,1354,0.84625,71,1.545587885687513,2.2880876010105973,0.47506420879682487,0.08701596394894497,0.7878690523065836,0.15016701682003764,0.08232940770477477,0.8410000000000002
143,1344,0.84,71,1.5400921830699121,2.2753353861541896,0.47447522565229244,0.08622852385387697,0.7878690523065836,0.15020369009599974,0.0825207767481594,0.8406437500000001
144,1350,0.84375,72,1.5407620191436822,2.265265802242481,0.475677627184145,0.0866272818943073,0.7878690523065836,0.15012158459396419,0.08229129795107894,0.8392562500000001
145,1341,0.838125,72,1.5339428601514926,2.2668665976835936,0.4747696370191232,0.08554226620725433,0.6590268967908939,0.15013299016540127,0.08203961863713263,0.8384875
146,1354,0.84625,70,1.531147390621915,2.25586835822239,0.47563407807234703,0.08614380263411522,0.6590268967908939,0.15014542190056854,0.08213860357928157,0.837775
147,1354,0.84625,70,1.532259731739191,2.2744312217198988,0.47565095930264706,0.08627276480391652,0.6590268967908939,0.15018559438943144,0.08189312665012416,0.83725
148,1341,0.838125,71,1.5377915225738472,2.2905566544587757,0.47520010154530534,0.08573169169842945,0.6590268967908939,0.15022189962792576,0.08120916059356581,0.83678125
149,1322,0.82625,70,1.532213127660651,2.2821953107780972,0.4740170894676831,0.0857136240368787,0.8291399955756689,0.15027226990691483,0.08162886182211235,0.8372312500000001
150,1314,0.82125,71,1.5146890492918181,2.289623840390262,0.47369902343037235,0.08527298848515767,0.8291399955756689,0.15024645071489018,0.08127285776109548,0.8366687500000002
151,1333,0.833125,71,1.5249166418436606,2.2985341280329985,0.47398467141388323,0.08534739682168903,0.8291399955756689,0.1502808094411016,0.08067533108902149,0.8353562500000002
152,1328,0.83,70,1.5193388405562447,2.29569130467782,0.47424073339512507,0.08524805680097707,0.8291399955756689,0.15030182547248155,0.08090571627332935,0.8347750000000002
153,1329,0.830625,68,1.5174759885446967,2.285955875575779,0.47372067495656855,0.08550805000448579,0.8291399955756689,0.15033629814861824,0.08078570940640968,0.8339125000000002
154,1326,0.82875,69,1.5319523511061088,2.302009346255625,0.47335078384977225,0.08557843663052808,0.8291399955756689,0.15031265291428922,0.079716425889723,0.8331812500000001
155,1329,0.830625,72,1.5456353199657427,2.316111907151476,0.4744568564755633,0.08660684086174059,0.8291399955756689,0.15031083669929896,0.08036702824309087,0.8317000000000001
156,1322,0.82625,73,1.561578930608397,2.3440177638447826,0.47589799259115195,0.08629567882301546,0.6391814849463141,0.15036252644714873,0.08011672950573655,0.8313812500000002
157,1332,0.8325,74,1.5706848096202202,2.3614290826786113,0.4756716526092538,0.08642314662639562,0.6391814849463141,0.1504168989133678,0.08047872507142027,0.8305000000000001
158,1331,0.831875,72,1.5720131122735834,2.3579095035511766,0.47644199327354797,0.08689903804821164,0.6391814849463141,0.15042463763941616,0.08008992109790154,0.8300500000000003
159,1326,0.82875,70,1.5719310710680818,2.3454066645408203,0.4767377917878082,0.0866775481171352,0.6391814849463141,0.1503841002844138,0.07981144487656819,0.8295250000000002
160,1320,0.825,69,1.5759978851964946,2.352206777885587,0.4763709759136775,0.08746072374079968,0.6391814849463141,0.15042147868148126,0.08020246158490793,0.8291125000000003
161,1318,0.82375,70,1.5715996365254215,2.3493175690358714,0.4762017588521586,0.08721803203605258,0.6391814849463141,0.1504534395711573,0.07961213009276184,0.8292062500000001
162,1317,0.823125,71,1.578391241156641,2.3611503733164474,0.47629410298936964,0.08763392185757603,0.6391814849463141,0.15047360755081035,0.07883164242244395,0.8290750000000001
163,1312,0.82,71,1.5814557615904843,2.368418181061633,0.4756372088280498,0.0865795519012978,0.5664320155718904,0.1505156732023751,0.07910592956142115,0.8287750000000003
164,1326,0.82875,70,1.5736476848489034,2.3584821505108917,0.47497282795703194,0.08540807408330262,0.5664320155718904,0.15046943947515914,0.07906161290569073,0.8281000000000002
165,1324,0.8275,70,1.5704783875673016,2.3680920431529824,0.4748367218958006,0.0851862633036602,0.5664320155718904,0.15044950672326785,0.07903100021697937,0.82763125
166,1326,0.82875,70,1.5810977043436714,2.371385921796791,0.4740214612139826,0.08507553557302619,0.5664320155718904,0.15038713493078418,0.07907222424713635,0.8267312500000001
167,1336,0.835,72,1.5795973477291985,2.3712311012218374,0.47430611390652,0.08532694477948718,0.5664320155718904,0.15044529310231394,0.07941833774006078,0.8265250000000002
168,1335,0.834375,70,1.5755117604845634,2.3670023967393705,0.4741754707708863,0.08484497833449935,0.5664320155718904,0.15047304067319237,0.07951067097097822,0.8256812500000001
169,1346,0.84125,72,1.5740204146402414,2.369749746981871,0.474617650955604,0.08447826852718679,0.5664320155718904,0.1504994140083986,0.07888639909106682,0.8240875000000001
170,1344,0.84,73,1.5732854429477616,2.3723887639154544,0.47328536693053314,0.08369696917638465,0.5664320155718904,0.15050013742806495,0.07921196174033533,0.8229437500000003
171,1332,0.8325,74,1.5776461611273913,2.387444722468815,0.4738729546401381,0.08469668400304442,0.753022177650906,0.15053631892465105,0.0794163462718804,0.8224562500000002
172,1335,0.834375,75,1.580675069055782,2.40383907347174,0.47499573598306793,0.08535031427526824,0.753022177650906,0.15055250840800555,0.07900591329427045,0.8210687500000001
173,1354,0.84625,77,1.588553562222315,2.418246203937804,0.4744348934357429,0.08579685619265363,0.753022177650906,0.15061429382420127,0.0794671826018066,0.8200375000000001
174,1355,0.846875,79,1.5911887727826102,2.4384616657110914,0.47415041443227257,0.08561189080964636,0.753022177650906,0.15063847916463935,0.07883059312795596,0.8187062500000002
175,1367,0.854375,79,1.5813766262930435,2.4230497879928863,0.4738685722516331,0.08509647833244889,0.753022177650906,0.15070229878990704,0.07880455304556266,0.8175812500000003
176,1371,0.856875,84,1.584496512596423,2.43378209072546,0.4737593243159707,0.08606844624406207,0.7661015187738238,0.15071364757230857,0.07835609101398161,0.8166062500000002
177,1348,0.8425,84,1.5775137262012742,2.4193220292839523,0.47384110119255507,0.08586641000943972,0.7661015187738238,0.15070805190590722,0.07918068990808162,0.8164187500000001
178,1336,0.835,84,1.5748319431523063,2.4325099545601985,0.4747835079451498,0.08708425015610932,0.753022177650906,0.15072287795891504,0.0794017295175617,0.8155937500000001
179,1319,0.824375,85,1.5778150848044907,2.454991128458793,0.47523170789537794,0.08719687453322988,0.753022177650906,0.15080026061734605,0.08018310989304919,0.8154062500000001
180,1330,0.83125,82,1.5762701595173112,2.4303389563111457,0.47636199090278497,0.08695840895409188,0.753022177650906,0.15080582901421608,0.07908654086202126,0.8151062500000001
181,1331,0.831875,81,1.5612610355829468,2.4002226002598297,0.4758179824959337,0.08500976443985947,0.753022177650906,0.15078066741318574,0.07913363871486835,0.8144875000000001
182,1337,0.835625,82,1.5600342165200545,2.4151794415285144,0.4753834242034772,0.08499265439704161,0.753022177650906,0.15072326438739536,0.07951695097362654,0.8133437500000003
183,1335,0.834375,82,1.5509290049973714,2.4100021371237452,0.4743895404947531,0.08445672078810265,0.753022177650906,0.15068320501036214,0.07959718621677593,0.81259375
184,1326,0.82875,82,1.5559586770387706,2.412409871209391,0.47420535906589634,0.08477597240142311,0.753022177650906,0.1506978563387717,0.07972637797541934,0.8127437500000002
185,1341,0.838125,82,1.5414941137156208,2.4045727849269474,0.4740375518909122,0.08367596207519266,0.753022177650906,0.15074625794852306,0.07980312493456132,0.8118437500000002
186,1331,0.831875,85,1.5459915833112763,2.4019221423743704,0.47399546228973716,0.08351900790732061,0.753022177650906,0.15067914415791053,0.0795872790610871,0.8111875000000001
187,1348,0.8425,85,1.5466571641203186,2.4103319992133616,0.4749668222566725,0.08385180382515905,0.753022177650906,0.1506817737502924,0.07905568609942489,0.8097437500000002
188,1345,0.840625,84,1.5449904376313432,2.394499280070896,0.4755198625800498,0.08398753056916893,0.753022177650906,0.15069869038213224,0.07849780330789491,0.8093125000000002
189,1348,0.8425,86,1.552014185428593,2.4184978756243183,0.47505927521898056,0.08441601364161458,0.753022177650906,0.15069553964847598,0.07937885829482912,0.8083750000000002
190,1322,0.82625,85,1.5473874702361703,2.4031365081840224,0.4748890343212147,0.08409115952241383,0.753022177650906,0.15066524515856208,0.07962365356432338,0.8091062500000001
191,1320,0.825,85,1.5529680758940072,2.396765122720967,0.4756653377960032,0.0844818594198142,0.753022177650906,0.15068915658186588,0.08027441181423771,0.8088062500000001
192,1322,0.82625,85,1.5568464449249226,2.4085651899858567,0.47513867794982684,0.08467586912993391,0.753022177650906,0.1506828338799503,0.07931530662506463,0.8085812500000001
193,1314,0.82125,84,1.5611279699893887,2.419644031955955,0.47606261366864544,0.0847344831172206,0.753022177650906,0.15072665646361275,0.07895883594073283,0.8085625000000002
194,1306,0.81625,82,1.563887421300562,2.4141690600705976,0.47719902853149104,0.0857199540830596,0.753022177650906,0.15069502125408923,0.07993402315969686,0.8077750000000001
195,1311,0.819375,83,1.565799254916675,2.420418869829185,0.477950379196645,0.08626341241066993,0.753022177650906,0.1506792917495597,0.07940439789703174,0.8072687500000001
196,1327,0.829375,82,1.5698018492042025,2.4141127745488316,0.477297089531529,0.08612153185316837,0.753022177650906,0.15066586984616825,0.07853072643178682,0.8062937500000003
197,1314,0.82125,82,1.5742785824192616,2.418101757480424,0.4777950839013646,0.08608357286217734,0.753022177650906,0.15071082166263175,0.07830537677159782,0.8056937500000002
198,1308,0.8175,83,1.5860835703651275,2.459125563834055,0.4776719475544121,0.08665738434856905,0.753022177650906,0.1506502196759516,0.0783979349231359,0.80509375
199,1300,0.8125,83,1.5834941539593606,2.463104718394032,0.47815632201788344,0.08696170122816015,0.753022177650906,0.15065442171220675,0.07778858038246587,0.8054687500000002
200,1301,0.813125,83,1.6023137980506936,2.4936533021828557,0.47796814690839096,0.08691863076550571,0.753022177650906,0.15066625633691166,0.07792625094513755,0.8056375000000002
201,1299,0.811875,85,1.6094746949196477,2.493428413932299,0.4783056148725983,0.08692989713159505,0.753022177650906,0.15075433169087718,0.07771791496048694,0.8059750000000002
202,1301,0.813125,86,1.6241888564022025,2.5162933578232964,0.4778403932202832,0.08741655418595644,0.753022177650906,0.15073408760934306,0.07757377587922787,0.8061062500000001
203,1289,0.805625,84,1.6230593069439485,2.498752125320345,0.4797781744188355,0.0883509858606755,0.753022177650906,0.15073942272049698,0.07742523805461196,0.8060500000000002
204,1286,0.80375,84,1.6209379193542481,2.5067983144865678,0.47986167599842006,0.08835689663554736,0.753022177650906,0.1507098679441935,0.07862754476050103,0.8062375000000003
205,1276,0.7975,81,1.6145108197571358,2.474041129803864,0.4793256027597161,0.08793746435115456,0.753022177650906,0.1507664278574473,0.07848865863500856,0.8063500000000002
206,1255,0.784375,80,1.6250851837921854,2.4992678002729356,0.4792887153243481,0.08818561206768051,0.753022177650906,0.15072727429398977,0.07781498186837536,0.8069125000000003
207,1259,0.786875,79,1.6263403741566453,2.5093586819956855,0.4781840387788948,0.08765396265296635,0.753022177650906,0.1507447315160494,0.07762078523603484,0.8071187500000002
208,1263,0.789375,75,1.6235558862291966,2.49851239956109,0.47705102705035024,0.08738962912111946,0.753022177650906,0.15077520487256482,0.07867758380599177,0.8073812500000003
209,1248,0.78,79,1.6360037498255087,2.543139249592196,0.47697525056257195,0.08733506756627209,0.753022177650906,0.15084494879786164,0.07845288374865611,0.8080750000000003
210,1256,0.785,78,1.6404594113569084,2.540966820741013,0.47725187356980336,0.08739262159909303,0.753022177650906,0.15096879833948854,0.07834463383720983,0.8073625000000003
211,1255,0.784375,76,1.6329682928636762,2.536213659770065,0.47717291335679474,0.08703987336040578,0.753022177650906,0.15094533183520906,0.07869583667605486,0.8074937500000001
212,1268,0.7925,77,1.621804303327035,2.521678200984664,0.4769716633201047,0.08589551044715096,0.753022177650906,0.1509489377086739,0.07761581496830453,0.8071937500000003
213,1277,0.798125,77,1.629449320327194,2.5174528751105125,0.4772299241670608,0.08664378568909996,0.753022177650906,0.1510314770041913,0.07755997929878886,0.8071562500000001
214,1279,0.799375,78,1.6431277817502132,2.532074146078186,0.47663585707987227,0.0867673528171805,0.753022177650906,0.1510840344755912,0.07815605300007038,0.8068375000000003
215,1286,0.80375,78,1.6491787168306669,2.5312853520665746,0.47598075643514676,0.08693031504981759,0.753022177650906,0.1510857616251159,0.07788133436758533,0.8065187500000003
216,1302,0.81375,78,1.64600851267551,2.5296573876538737,0.475685656990766,0.086608212756722,0.753022177650906,0.15106712161384828,0.07795972257114907,0.8057500000000002
217,1314,0.82125,77,1.636634901531755,2.5225591312161835,0.47484454285276617,0.08591347831987724,0.753022177650906,0.1511099031965846,0.0781456409700293,0.8046250000000001
218,1319,0.824375,75,1.628272570798918,2.5104469192285324,0.4744846930623643,0.08582759111628045,0.753022177650906,0.15108592052527892,0.07776263664211916,0.8043437500000001
219,1314,0.82125,76,1.6174387095961857,2.506503350645623,0.4742185386250281,0.08507501346931358,0.753022177650906,0.15103210790405333,0.07786806003583414,0.8047000000000003
220,1312,0.82,77,1.6161785271631717,2.5067502956273673,0.4747192885457631,0.084942489744005,0.753022177650906,0.1510774427525939,0.077222573433977,0.8044000000000002
221,1326,0.82875,78,1.618115104983947,2.5137877400864346,0.47568039854071914,0.08549600288142022,0.753022177650906,0.1509715041502545,0.07723351422108206,0.8035750000000002
222,1309,0.818125,78,1.6099330151449454,2.5146673117224325,0.47574516251644783,0.08495103807239367,0.753022177650906,0.15103321049855542,0.07691384448153234,0.8041562500000002
223,1321,0.825625,77,1.6101815161686102,2.5182724830919456,0.4746386935669751,0.0848197419231844,0.753022177650906,0.15102826762436172,0.07780235853680574,0.8031812500000002
224,1324,0.8275,78,1.606134622063414,2.520010619710529,0.4743464095990465,0.08438244458424408,0.753022177650906,0.15115246954260872,0.07811206578618618,0.8027312500000003
225,1330,0.83125,81,1.6065563111210859,2.5281409753478603,0.47403716429342085,0.08476118213898018,0.753022177650906,0.15117444989817913,0.07820552665813359,0.8017750000000001
226,1322,0.82625,80,1.6051510047406305,2.514185409360233,0.4745119977234386,0.08526097479745691,0.753022177650906,0.15117818660496626,0.07800346514656921,0.8013625000000002
227,1320,0.825,79,1.6147372048941402,2.5463978671402114,0.4754973599114778,0.08570006490766184,0.753022177650906,0.15125324598573509,0.07841269649662178,0.8009687500000002
228,1316,0.8225,79,1.6106292725075873,2.557543206165648,0.47544371384651085,0.08544317987307283,0.753022177650906,0.15130670782510616,0.0784495012364212,0.8010062500000004
229,1305,0.815625,78,1.6091729554094332,2.548857068210157,0.4759659338008093,0.08533215245164841,0.753022177650906,0.15132229176042397,0.07874285829606228,0.8009500000000003
230,1311,0.819375,76,1.602263544681415,2.5435584001604146,0.4760277158734808,0.08507088978353888,0.753022177650906,0.1512800618272228,0.07766606042432254,0.8005562500000002
231,1305,0.815625,73,1.6111107702651728,2.5523085658422398,0.47682702092113055,0.08518866480552047,0.753022177650906,0.15125374564559096,0.07819455815042338,0.8013625000000002
232,1311,0.819375,72,1.6041879377837738,2.5317602015608767,0.4775197891899259,0.0849727332582752,0.753022177650906,0.1513892863658283,0.07767071569817735,0.8001812500000003
233,1315,0.821875,75,1.610549186284761,2.5469273625074917,0.47788425776102617,0.08560636824720581,0.753022177650906,0.15141781339040344,0.07766501318767838,0.8000687500000002
234,1309,0.818125,75,1.6149629754622308,2.5435338839231076,0.47877802475074105,0.08574648887618928,0.753022177650906,0.15141886670749763,0.07674105821790307,0.7995250000000002
235,1299,0.811875,74,1.6097021530303481,2.542886650263224,0.4796712330031124,0.08562146926916521,0.753022177650906,0.15155415960881832,0.0770037097542588,0.7995062500000003
236,1311,0.819375,76,1.6127657228653056,2.547862302571791,0.4796513794198373,0.08497957079355986,0.753022177650906,0.1515441460951858,0.07674807249026885,0.7990000000000004
237,1311,0.819375,76,1.6197498802302912,2.55179375807005,0.4788973004478393,0.08473327733643303,0.753022177650906,0.15151381301865163,0.07831089868696467,0.7989062500000003
238,1314,0.82125,78,1.6168409666875185,2.546377279623285,0.47942729756668256,0.08468909882956895,0.753022177650906,0.15155346522007,0.07777767366722699,0.7987562500000003
239,1312,0.82,76,1.6107280472714336,2.5448679448927924,0.4786620436733085,0.08354613711986411,0.753022177650906,0.15168834036248421,0.07765680390776257,0.7981562500000002
240,1309,0.818125,78,1.6113088435176444,2.5521971263766083,0.47859374063093246,0.08302047777405967,0.753022177650906,0.1516204451645122,0.07744707400141798,0.7982125000000003
241,1311,0.819375,75,1.597989183799503,2.5348807043966795,0.4789265742915975,0.08249130335280272,0.753022177650906,0.1516829794445637,0.07712806989603302,0.7979500000000002
242,1311,0.819375,74,1.5980442474751253,2.543891746953633,0.47728806892015857,0.08122825094427176,0.5206434628981947,0.1517812599763186,0.07758590157877158,0.7975000000000003
243,1310,0.81875,73,1.598184331444772,2.533058514589035,0.47795475917564145,0.08137443629935277,0.5206434628981947,0.1517406708045031,0.0776728092924241,0.7969750000000003
244,1317,0.823125,72,1.6018437342309917,2.545418224219315,0.4793951556097825,0.08193081468626703,0.5206434628981947,0.15170232977078268,0.07721087883422553,0.7961687500000002
245,1336,0.835,74,1.6008846220514867,2.5374394902059416,0.47971558446919293,0.0816580251120382,0.5206434628981947,0.15161189624262683,0.07717747426299373,0.7949687500000002
246,1350,0.84375,75,1.5839576668729418,2.536071800054446,0.47837496347647224,0.08072563355033524,0.5206434628981947,0.15167032511967057,0.07688510912242484,0.7927750000000003
247,1353,0.845625,74,1.5795507259878099,2.5254513993954752,0.47833639119131544,0.08029882173081078,0.5206434628981947,0.15164670115920928,0.07665317577800962,0.7917625000000003
248,1332,0.8325,73,1.5813794194985116,2.5305069318839637,0.4776398216118545,0.08005972104812746,0.5206434628981947,0.15169968943178241,0.07659945788165794,0.7916687500000001
249,1320,0.825,72,1.5784718788138201,2.5468441807321303,0.47649105184831797,0.07919047162122347,0.5206434628981947,0.15177371552342755,0.07629903040816219,0.7914812500000004
250,1314,0.82125,71,1.575772912177885,2.542264896233993,0.47651254657631265,0.0797519130255352,0.6983115657329945,0.15174854172164465,0.0764032844718159,0.7920437500000003
251,1322,0.82625,72,1.5787274249202463,2.554626123356268,0.4769593808644264,0.07982360335173272,0.6983115657329945,0.15179326722239275,0.07656956609628168,0.7907125000000002
252,1322,0.82625,71,1.5844285614697236,2.565937488858534,0.4759156865821865,0.07921966026645984,0.6983115657329945,0.15192723189100532,0.07691982732670882,0.7901125000000003
253,1321,0.825625,72,1.5950462496752509,2.5785025005529523,0.47622639892842816,0.08029679102497876,0.6983115657329945,0.15193517324857947,0.07755370026893552,0.7902062500000002
254,1325,0.828125,71,1.6020335967007062,2.5960322003009733,0.47693539527989176,0.08048197474684561,0.6983115657329945,0.1519544839411933,0.07825742719142419,0.7893062500000002
255,1326,0.82875,71,1.6071109437168698,2.608293047109962,0.4766340190134058,0.08053069109381365,0.6983115657329945,0.15188882783488875,0.077539404570636,0.7887250000000003
256,1323,0.826875,73,1.608139775055419,2.6027859312887993,0.47613788143522473,0.0811923015159083,0.6983115657329945,0.15188884588671855,0.07718023005923037,0.7885187500000004
257,1327,0.829375,72,1.608212288472736,2.5883899696093042,0.4771345459225868,0.08149938990502929,0.6983115657329945,0.15186832203398135,0.07751789387409995,0.7879187500000003
258,1326,0.82875,72,1.6073642300881403,2.5690410988421153,0.4775702121494338,0.0813545741155903,0.6983115657329945,0.1518422281426213,0.07724010351344189,0.7875625000000003
259,1320,0.825,71,1.6059110811975512,2.553179724797787,0.47623052490986467,0.08081693489272458,0.6983115657329945,0.1519200795625769,0.07779651935377836,0.7874125000000002
260,1330,0.83125,71,1.6093339303294512,2.5494063075032076,0.47629346623963575,0.08062727182815482,0.6983115657329945,0.15196003749343895,0.07721767968724604,0.7870750000000004
261,1330,0.83125,71,1.6011162547404845,2.5299210551704228,0.47688931013147806,0.08032235695659602,0.6983115657329945,0.1519883274532729,0.07667327623811455,0.7870000000000001
262,1329,0.830625,70,1.600944789502065,2.520669033786731,0.476128973809969,0.07980869171012059,0.6983115657329945,0.15207827936160945,0.0771123268820943,0.7865875000000002
263,1307,0.816875,71,1.5915144430308328,2.5148904908614713,0.4759665696169807,0.07912772202191411,0.6983115657329945,0.1520886415622083,0.07695915246502633,0.7871875000000003
264,1308,0.8175,73,1.5946959116971995,2.526392226112479,0.47599539864766705,0.07965795227256141,0.6983115657329945,0.15212784559113524,0.07692866169448948,0.7873750000000003
265,1312,0.82,73,1.5905429862039326,2.528661859530626,0.4762527744043122,0.07991764185851202,0.6983115657329945,0.15211013685398,0.07632712271645564,0.7859687500000004
266,1315,0.821875,74,1.5833483257011616,2.517259544495205,0.4772350020028907,0.07987751767671945,0.6983115657329945,0.15197620839526813,0.07711863034504331,0.7855562500000002
267,1315,0.821875,75,1.5940273114110854,2.523575806658695,0.4760844310114826,0.08025460805541017,0.7397067230000974,0.15191018063929881,0.07784881946592948,0.7850687500000003
268,1311,0.819375,75,1.5891529760195267,2.519477415565263,0.4760394127566206,0.07976775911663661,0.7397067230000974,0.15200636190862496,0.07727056611861853,0.7849937500000004
269,1309,0.818125,76,1.5913091491681968,2.5303927110985014,0.4756045709364791,0.07958555162844044,0.7397067230000974,0.15201895623490855,0.07741764569765755,0.7852937500000003
270,1321,0.825625,77,1.5848191697774572,2.5356191592238306,0.47570068540725563,0.07939344578971408,0.7397067230000974,0.15211319176051363,0.07718305492577564,0.7843562500000002
271,1324,0.8275,77,1.574537052396897,2.5376796988322328,0.4766078899084059,0.07799678969430454,0.7397067230000974,0.15220154995927637,0.07713239184418728,0.7837375000000003
272,1333,0.833125,75,1.5765334999648102,2.545783570698072,0.4764068423722833,0.0782566995455492,0.7397067230000974,0.15225400468076541,0.0777583000298895,0.7825375000000002
273,1327,0.829375,76,1.588036924781348,2.561521590149554,0.4771708565655126,0.0790061914641522,0.7397067230000974,0.15233124043797988,0.07803653899507328,0.7828187500000005
274,1322,0.82625,74,1.576974245710771,2.548961825418279,0.477519295874033,0.07815988691115323,0.7060050598359485,0.1523501851086472,0.07773436268388673,0.7828562500000003
275,1323,0.826875,74,1.5780733098925552,2.5465478672278525,0.4777001008443313,0.07783592785695628,0.7060050598359485,0.1524098506472425,0.07810863785089461,0.7828750000000002
276,1295,0.809375,74,1.57780933247091,2.564151139873019,0.4781699023803588,0.07744469924550114,0.7060050598359485,0.15254361591471788,0.07805809097172377,0.7840750000000003
277,1295,0.809375,74,1.585016438762852,2.564398920857143,0.4776584385883363,0.07718921420583089,0.7060050598359485,0.15252270911613405,0.07772882908654133,0.7842250000000003
278,1295,0.809375,76,1.5955412537287517,2.567657057922257,0.4780343607894099,0.0778758054897037,0.7060050598359485,0.1524968357450635,0.07824014423339543,0.7835875000000004
279,1311,0.819375,77,1.5933247248230353,2.5700168682264706,0.47873788623037383,0.07841891232279263,0.7060050598359485,0.1525179456458914,0.07802280999683625,0.7828375000000003
280,1297,0.810625,76,1.5917771037890285,2.5784196953464615,0.4788367428851269,0.07834512991784284,0.7060050598359485,0.1524719002718683,0.07737590146710936,0.7832875000000001
281,1303,0.814375,77,1.5930927646659996,2.5747934380976716,0.4789941829018599,0.07838757673938007,0.7060050598359485,0.15246013064551392,0.07696360242448619,0.7827062500000003
282,1300,0.8125,76,1.5965098326704699,2.5825444731410796,0.4795685585572164,0.07812271036934801,0.6681781355427173,0.15242815331314857,0.07657812844479524,0.7835312500000003
283,1311,0.819375,77,1.5921871825907048,2.583905053160836,0.47932919680171143,0.07704873525765202,0.6681781355427173,0.15250539559194823,0.07713083668287042,0.7826312500000003
284,1297,0.810625,79,1.5843910076224181,2.5990458540317043,0.4796381628424286,0.07653656371946893,0.6708166233046052,0.15247505612146614,0.07645368426637827,0.7834375000000002
285,1309,0.818125,78,1.5788339901065962,2.6012446864536276,0.47954721235295455,0.07607053210385863,0.6708166233046052,0.1525896036103041,0.0775458150725188,0.7831000000000004
286,1300,0.8125,78,1.5888337661092344,2.617245634965098,0.4803692182877349,0.07657019550524746,0.6708166233046052,0.15273094776172635,0.07731885571591611,0.7838500000000004
287,1306,0.81625,79,1.5832236919207252,2.6193921917079694,0.4810312192591676,0.07623022567501031,0.6708166233046052,0.15280159338566043,0.07627785151072307,0.7836625000000004
288,1310,0.81875,78,1.5792718210466676,2.606303004493554,0.4813139723295497,0.07623980899243729,0.6708166233046052,0.15283137085287182,0.07607541596691628,0.7832875000000002
289,1328,0.83,78,1.5780211906167743,2.604565912167113,0.4818011343135618,0.07669049599893203,0.6708166233046052,0.15291312174867971,0.0771316697892578,0.7822187500000004
290,1326,0.82875,77,1.5819653127855604,2.602993440077671,0.48116416778873955,0.07685533706418511,0.6708166233046052,0.15291143734272217,0.07687600265435958,0.7819187500000004
291,1335,0.834375,78,1.5754035229197265,2.6020477213658406,0.48158705345542896,0.07735289594338737,0.7708226202172525,0.1529729137318322,0.07621684145280849,0.7808312500000002
292,1346,0.84125,78,1.5747323741803392,2.5826863706390615,0.48129151660378283,0.07705200054091423,0.7708226202172525,0.1530717311988126,0.07577732828115397,0.7795187500000003
293,1346,0.84125,78,1.5724198625391392,2.5893649555181764,0.4818244880421871,0.07728244223811216,0.7708226202172525,0.1531807934921469,0.07625531324219274,0.7792375000000004
294,1324,0.8275,77,1.5743454174388405,2.608758640577291,0.48163594158263084,0.07710732247539373,0.7708226202172525,0.15342094107336302,0.07606719064637434,0.7799125000000003
295,1325,0.828125,78,1.5849079695410437,2.643470219980284,0.48127522799544353,0.07739539199839172,0.7708226202172525,0.15351219867103136,0.07595363655012936,0.7793875000000005
296,1326,0.82875,77,1.5842566901235433,2.62082389917179,0.4810758709629462,0.07705400487926879,0.7708226202172525,0.15346598498728453,0.07624419424900217,0.7794062500000003
297,1315,0.821875,77,1.5782441545019426,2.606766750784833,0.4821112104407654,0.07744775949552735,0.7708226202172525,0.15334344132627428,0.0773325132133731,0.7797250000000002
298,1315,0.821875,77,1.5756185600586206,2.5857631228661155,0.48272801141835575,0.07741705016947349,0.7708226202172525,0.15324708167415493,0.07666082437090582,0.7789375000000004
299,1308,0.8175,77,1.5882051676451643,2.6032844847594117,0.4842640001208404,0.07839513940659594,0.7708226202172525,0.1533392362691296,0.07664971480310816,0.7785437500000003
300,1323,0.826875,77,1.5710873525808662,2.597070609435502,0.4841236999712996,0.07758476967009026,0.6708166233046052,0.15331707852576057,0.0770878330782288,0.7772500000000003
301,1332,0.8325,77,1.570048238746047,2.6004937300136466,0.48392441657892615,0.0777163388951009,0.7513034550145382,0.15332159198064663,0.07694836256119593,0.7767250000000003
302,1332,0.8325,77,1.5784751672098296,2.5973162908266687,0.4843984944788799,0.07839073339475908,0.7513034550145382,0.15328809189900114,0.07738715644818549,0.7761812500000002
303,1329,0.830625,77,1.5795972243596705,2.601049444072766,0.48451780452601534,0.07878565100082638,0.7513034550145382,0.15332437137919114,0.07761805687854663,0.7767250000000004
304,1334,0.83375,77,1.5812898967806033,2.6149704789875368,0.4853820552705991,0.07969900748067588,0.8684136036435922,0.15324286578163043,0.07706822026164173,0.7764062500000003
305,1340,0.8375,77,1.5841410469324095,2.612216873573794,0.4856207941126102,0.07984455530238622,0.8684136036435922,0.15335309072381642,0.07740304032523324,0.7760875000000005
306,1326,0.82875,79,1.581097727774472,2.6171893970339593,0.4855919499005918,0.07920127508136011,0.8684136036435922,0.15321870987896044,0.07682859128268972,0.7766687500000004
307,1326,0.82875,78,1.5857195906855341,2.6127563026931355,0.486127904895927,0.0791134505121155,0.8684136036435922,0.15327508699089232,0.0773596689860717,0.7756000000000003
308,1328,0.83,78,1.5779917637147087,2.606231591692564,0.48604379773375916,0.07902010780634572,0.8684136036435922,0.1533123098277285,0.0771266297178771,0.7755437500000002
309,1319,0.824375,77,1.5723988863398002,2.587783023192982,0.4851735842198321,0.0786082928311505,0.8684136036435922,0.15329875992217584,0.07811997636857662,0.7758625000000003
310,1329,0.830625,79,1.5611649152639588,2.5799950932742504,0.48452715847659605,0.07744667192518262,0.8684136036435922,0.15346860907503918,0.0776598702049701,0.7738750000000003
311,1334,0.83375,79,1.5655694069657766,2.6021305975923195,0.4852883810272879,0.07781975754690766,0.8684136036435922,0.15352027195822315,0.0777051219913057,0.7726562500000003
312,1319,0.824375,77,1.574149807534584,2.605449028930851,0.4853888538015063,0.07937635443750748,0.8684136036435922,0.15350545054550188,0.07758108991726392,0.7725250000000002
313,1318,0.82375,77,1.5729436442989342,2.61660052374563,0.48542820952274124,0.07926427416320893,0.8684136036435922,0.1535897717931496,0.0778476408546309,0.7723000000000003
314,1310,0.81875,77,1.5632574944669753,2.6119984842925974,0.48545159874125754,0.07845785676848341,0.8684136036435922,0.1537177925857548,0.07831225288290061,0.7719812500000003
315,1314,0.82125,79,1.5620940901329465,2.5974418681371816,0.4852838622211635,0.07841481594702514,0.8684136036435922,0.15376320052771408,0.07774157188547785,0.7714750000000004
316,1311,0.819375,77,1.5544745540217728,2.599801561711964,0.484703857346422,0.0768513888211582,0.8647902708026051,0.15375912734946431,0.07692027806252284,0.7717187500000005
317,1315,0.821875,79,1.5409649506371152,2.6022218611630703,0.4853407567013203,0.0765536698521376,0.8647902708026051,0.15412577778386266,0.07737493554227551,0.7713062500000004
318,1325,0.828125,80,1.5394395706698745,2.60368385302067,0.4847465826087873,0.07648400420225843,0.8647902708026051,0.15413159119224687,0.07753973380341193,0.7705375000000003
319,1322,0.82625,81,1.5486025235858882,2.6202463219750793,0.48464525194711183,0.07597332814708234,0.8647902708026051,0.154082020482834,0.0769118452488517,0.7708000000000004
320,1316,0.8225,82,1.5544326127627,2.6303721913432003,0.483930864615009,0.07544182640551945,0.8647902708026051,0.15406115944927823,0.07694273126420835,0.7709312500000003
321,1300,0.8125,87,1.564455068896509,2.6823867119705365,0.48381676420667835,0.07630663369802489,0.8647902708026051,0.15413070119412914,0.07632893033546613,0.7714000000000003
322,1309,0.818125,86,1.5688106153752404,2.695459023402414,0.48414322288220796,0.07628804964575839,0.8647902708026051,0.15432207280567437,0.07634399560782011,0.7705937500000004
323,1293,0.808125,88,1.5717884590777649,2.712907998115588,0.4845927627783794,0.07548649658780847,0.8293086475833764,0.15448643120595917,0.07717118721248711,0.7709125000000004
324,1299,0.811875,87,1.581134908954758,2.731897372618132,0.4857667447076619,0.07580428567357635,0.8293086475833764,0.15447720301647055,0.07717769740265491,0.7696562500000003
325,1285,0.803125,89,1.5633901873232263,2.752379412502087,0.48502110028736417,0.07372677533282634,0.7691061146178536,0.15446924065842838,0.07817932241454693,0.7703500000000002
326,1302,0.81375,88,1.5704933758307775,2.7613135609022414,0.4854151036106958,0.07442478043540003,0.7691061146178536,0.15457073347642447,0.07630357999369207,0.7695812500000002
327,1297,0.810625,87,1.5721367357444735,2.7601153704823327,0.4849523287897933,0.07307238252941031,0.6444296270912339,0.15465676825557084,0.07544935511205929,0.7702000000000004
328,1300,0.8125,87,1.5670161193408925,2.7466055554270663,0.48515589936557174,0.07284230608945044,0.6444296270912339,0.15475927421502922,0.07615502975481209,0.7702562500000005
329,1303,0.814375,83,1.5675856405697248,2.7299615501208674,0.4859678783671895,0.0731269230380029,0.6444296270912339,0.1548833248486597,0.07672534960719098,0.7703312500000004
330,1313,0.820625,83,1.5644093260666518,2.721160937432587,0.4860371688245126,0.07291263581894121,0.6444296270912339,0.15485922594949444,0.07703896625205918,0.7694125000000003
331,1320,0.825,84,1.5547309531463775,2.7180842676942376,0.4857848107321827,0.0723807443772159,0.6444296270912339,0.15497766227034096,0.07732145231683031,0.7694687500000004
332,1323,0.826875,84,1.545586414064943,2.7132411483041587,0.48547084411707236,0.07271476769769682,0.6444296270912339,0.15509805347765757,0.07763976389613217,0.7693750000000005
333,1336,0.835,84,1.550788922796309,2.7247500778484084,0.485781640428307,0.07262457140211037,0.6444296270912339,0.15510315126959076,0.07766394647737145,0.7681937500000003
334,1323,0.826875,83,1.5600979991459067,2.749320640230615,0.4864373846638295,0.07265406058160691,0.589481085055639,0.15513909028944436,0.07774940499679775,0.7683062500000004
335,1321,0.825625,83,1.5536073977947022,2.7406698169435617,0.4866374096434776,0.07265220584519098,0.589481085055639,0.1551980029761912,0.07741432099398995,0.7679687500000004
336,1319,0.824375,82,1.5515569334241506,2.73458997890841,0.4861833174891628,0.07219228983920567,0.589481085055639,0.15519500659159255,0.07628002577269004,0.7676687500000005
337,1299,0.811875,80,1.5520081673730524,2.731619339512962,0.48595156315010285,0.07123124124036506,0.536196802233095,0.15509586239967577,0.07617800681956115,0.7683437500000003
338,1304,0.815,81,1.5531263321916455,2.7362662607405963,0.48703759550836023,0.07206449014752278,0.536196802233095,0.15511533358851015,0.07680714932461565,0.7686437500000003
339,1307,0.816875,82,1.5564208496878473,2.7354580767549286,0.48760495514080576,0.07225298551061526,0.536196802233095,0.1551233425998437,0.07678599835436445,0.7686625000000004
340,1308,0.8175,84,1.567842192489986,2.7547138303175753,0.4870721357253611,0.07276932285952248,0.6466920440368893,0.15542380218042837,0.07631569473334016,0.7684187500000003
341,1312,0.82,85,1.5668964460522867,2.7439027024415044,0.48829737885186725,0.0733690063802558,0.6466920440368893,0.15533998461451862,0.07638022648881787,0.7680062500000004
342,1329,0.830625,87,1.5590975130331712,2.753508596461211,0.48822292202180523,0.07305904554859972,0.6466920440368893,0.15553877194138452,0.07539765934114442,0.7671625000000004
343,1343,0.839375,87,1.5570240894682088,2.755088628794696,0.4888827499964706,0.07297665127928694,0.6466920440368893,0.15541547809987344,0.07681668227319059,0.7660000000000003
344,1337,0.835625,83,1.5633615981345685,2.7325767750633823,0.49009801859864516,0.07340677719507756,0.6466920440368893,0.15551676021363886,0.0765894626447953,0.7655312500000003
345,1319,0.824375,82,1.5492285367011243,2.71503777006402,0.4913124262348697,0.07332545725984022,0.6466920440368893,0.1555587853965067,0.07721479501851797,0.7662812500000004
346,1321,0.825625,84,1.5615868743724364,2.719074479766228,0.49039505174719056,0.073959971167381,0.6466920440368893,0.1556574047835906,0.07779395791641935,0.7660375000000005
347,1298,0.81125,83,1.5639348852585744,2.714269741423043,0.49108082197377645,0.07385170646964678,0.6466920440368893,0.1556101177577327,0.07798174525604813,0.7670875000000004
348,1288,0.805,83,1.5677328129160977,2.728060382440104,0.4901299269567591,0.07390517288291489,0.8106023723825487,0.15551112897438268,0.0767407972881685,0.7675000000000003
349,1280,0.8,82,1.5764894183131202,2.7268813735983635,0.4908515479801115,0.07541688753113829,0.8338199768244339,0.1556604316869114,0.0775648790311685,0.7686437500000004
350,1275,0.796875,83,1.5664578934245172,2.715202283861781,0.491556633049953,0.07475107404255779,0.8338199768244339,0.1556052460884042,0.07746145348867842,0.7687375000000004
351,1268,0.7925,79,1.5592010016449307,2.7215617875810367,0.4908091508919585,0.07289554602029821,0.5862817339233577,0.15589376330870688,0.07849803636152279,0.7695062500000003
352,1268,0.7925,79,1.5682050054620027,2.72483439734199,0.4906406534271724,0.07367077780140359,0.5862817339233577,0.15591681037617935,0.07796515615900247,0.7703687500000004
353,1286,0.80375,83,1.5698860639071928,2.7329459989877103,0.49038612994360264,0.07463579848044335,0.6416664226919245,0.15602926059030459,0.07832777007215519,0.7704062500000003
354,1297,0.810625,81,1.5828497074804817,2.7485805389778353,0.49090784503711266,0.07576959998767654,0.6416664226919245,0.15621254500422946,0.07915236179215263,0.7705000000000004
355,1309,0.818125,84,1.573947080495695,2.7511806170972983,0.491018723680035,0.07563446600418425,0.6416664226919245,0.15623815998461488,0.0792867190128956,0.7694312500000003
356,1286,0.80375,81,1.567653588631605,2.7592021515653498,0.490685910922009,0.07541801152018542,0.6416664226919245,0.15639484447761734,0.07937673115077769,0.7702187500000004
357,1282,0.80125,82,1.5624027908751892,2.7641867261348434,0.49112217283519916,0.07488270272641612,0.6416664226919245,0.1566203880872728,0.07949391024177227,0.7694687500000005
358,1302,0.81375,84,1.5749788393661144,2.7652063636188253,0.4917552982614629,0.07571608234726522,0.6582341940826464,0.15638853429017227,0.0788298635240167,0.7689250000000004
359,1296,0.81,85,1.592756733252416,2.778332909614397,0.49218063457036887,0.07646970118561575,0.6495526793754787,0.15668225767043964,0.0794966813986461,0.7688312500000003
360,1282,0.80125,85,1.5955550916735992,2.7873403056892054,0.49255802800085857,0.07548974862328185,0.6495526793754787,0.15668553173358182,0.07957336401251332,0.7690000000000005
361,1274,0.79625,87,1.5854707755226878,2.811431934203206,0.4922115773874319,0.074426496584998,0.6495526793754787,0.15670690373794297,0.080411459144541,0.7685687500000004
362,1291,0.806875,87,1.577683029890334,2.7979351608303524,0.4926181937950136,0.07437292105203902,0.6495526793754787,0.156809220113984,0.07989936496365305,0.7678750000000005
363,1293,0.808125,85,1.5740141169716775,2.782824056876624,0.4928461021385644,0.0742331321425567,0.6495526793754787,0.156685379633349,0.08007328221276201,0.7675562500000004
364,1300,0.8125,86,1.558427632656615,2.773739322620441,0.4916068390930204,0.07305038707147006,0.6495526793754787,0.1568196506856129,0.08040763059940373,0.7666187500000003
365,1302,0.81375,85,1.5533346233007967,2.7900713638598877,0.4912976587892562,0.07235399416760158,0.6495526793754787,0.15691196121484097,0.08053629368821152,0.7664125000000004
366,1308,0.8175,86,1.5620644930533314,2.8078836598530454,0.4911533690279275,0.07239433977480007,0.6495526793754787,0.15707601893603465,0.08151264340762011,0.7663187500000004
367,1329,0.830625,89,1.5798957930175916,2.8476124646208487,0.49254936306989827,0.07294634090966653,0.6495526793754787,0.15722302913168124,0.08079350476116125,0.7645187500000002
368,1328,0.83,90,1.5883040806557993,2.8613300734394613,0.49279211874600815,0.07367606620417634,0.6495526793754787,0.15727886282674716,0.08062804349861286,0.7642562500000004
369,1323,0.826875,89,1.5978753072030747,2.8709867812188214,0.49324432296880516,0.07422773034875503,0.6495526793754787,0.15742970267058073,0.08048853139238252,0.7633562500000005
370,1331,0.831875,89,1.601751397545225,2.8809573398338517,0.49293315935515863,0.07422547249104341,0.6495526793754787,0.15766849205073202,0.08019923421512769,0.7625687500000004
371,1325,0.828125,89,1.588707979205652,2.87070648268515,0.49405589040908676,0.07419220509627406,0.5860980896420964,0.15767491305330228,0.08082676838807556,0.7617062500000005
372,1332,0.8325,91,1.5874741422601588,2.8822175979405276,0.49390815208750133,0.07440574750255997,0.5860980896420964,0.1577226550953768,0.07997230517852966,0.7620250000000004
373,1321,0.825625,91,1.5807252632903706,2.8874456787644056,0.49377129926861696,0.07409133779792602,0.5860980896420964,0.15774025117769708,0.08000385458850527,0.7629062500000005
374,1341,0.838125,91,1.5852216622425326,2.886166804660868,0.4942128838027371,0.07419982240688168,0.5860980896420964,0.15787225675940647,0.07921937677881213,0.7617625000000003
375,1324,0.8275,90,1.5823831199810028,2.877378572078218,0.494008164380629,0.07446072636623888,0.5860980896420964,0.1582000443238779,0.07953700578382825,0.7621187500000005
376,1327,0.829375,90,1.6028143039097116,2.897742201071399,0.4956992952167151,0.07573906326858354,0.7051008663319296,0.1582317567599854,0.07905396347997651,0.7618750000000003
377,1336,0.835,90,1.6034441706793479,2.9000714335216755,0.495255128187475,0.07595113574293609,0.7051008663319296,0.1581749506862179,0.07845605647805828,0.7616687500000004
378,1342,0.83875,88,1.606603904982779,2.9031804031688617,0.4943590008061695,0.07597817761895222,0.7051008663319296,0.15809896347278574,0.078477768550353,0.7610125000000005
379,1327,0.829375,89,1.6054849986225697,2.893205334426997,0.4945177303664829,0.07583968591039804,0.7051008663319296,0.15815838872473345,0.07848093512475715,0.7619875000000005
380,1349,0.843125,90,1.6078043299404945,2.8906597429148535,0.4944780348277591,0.07596036067417297,0.7051008663319296,0.15819858259780092,0.07798710669768638,0.7603375000000006
381,1335,0.834375,89,1.5955046079850843,2.8656852483987625,0.4945734055868585,0.07580521715598876,0.7051008663319296,0.15838929601545154,0.07678541549199597,0.7600937500000003
382,1341,0.838125,90,1.6004319706297672,2.8811229604471804,0.49473132721514873,0.07615561844863752,0.7051008663319296,0.15840921435520583,0.07701704954336938,0.7596625000000004
383,1329,0.830625,92,1.6039324895617835,2.895044698548265,0.4947234593684267,0.07630274606665666,0.7051008663319296,0.15852253411535533,0.07713319819132604,0.7601875000000003
384,1321,0.825625,92,1.601641105933894,2.910627119751236,0.4952649746603441,0.07608477121023192,0.7051008663319296,0.1586412661298136,0.0766588310137189,0.7597937500000004
385,1317,0.823125,94,1.6009032439239677,2.9192733019885404,0.4952670230982308,0.0764314883254543,0.7051008663319296,0.15882004451995388,0.07644893011274963,0.7602812500000005
386,1334,0.83375,92,1.5962691508652804,2.906037879021148,0.4952419171857293,0.07650718206948187,0.7051008663319296,0.15882440383449742,0.07667454943481516,0.7587812500000004
387,1336,0.835,92,1.5813671404961722,2.8834514756923566,0.49511691898500404,0.07589897498379501,0.7051008663319296,0.15883690172055887,0.07655789451440985,0.7585562500000006
388,1334,0.83375,92,1.585113260195105,2.8985140096514046,0.4955924236566257,0.0760235931023036,0.7051008663319296,0.15865467596457702,0.076096919071329,0.7579187500000003
389,1345,0.840625,92,1.5714380661575469,2.881992830373917,0.4952273124309739,0.07506314676823338,0.6264985731214776,0.15876422966197576,0.07652916245544628,0.7566437500000004
390,1344,0.84,93,1.573135664445789,2.8870321314525422,0.49543161912762185,0.0753019880239986,0.6264985731214776,0.1589641548008512,0.07640277600948048,0.7567375000000005
391,1341,0.838125,93,1.569752260551953,2.8893330932151424,0.49547493954703603,0.07521604989427146,0.6264985731214776,0.15916137075771514,0.07708552888544658,0.7562125000000005
392,1342,0.83875,94,1.5726455492659497,2.9046911030466136,0.4953002559381444,0.0747102750959996,0.6264985731214776,0.15936867640189514,0.07769114831039978,0.7558562500000005
393,1351,0.844375,93,1.5824438477903708,2.912007969073136,0.495854254636985,0.07543305149742004,0.6264985731214776,0.15937271141105955,0.07740315911207331,0.7548250000000004
394,1339,0.836875,94,1.5843437260407747,2.9152137369312885,0.49575016957760504,0.07550681645723553,0.6264985731214776,0.1594169248881604,0.07719980593588474,0.7541312500000004
395,1331,0.831875,90,1.5811801278806072,2.90328524592411,0.4960124759943459,0.07533523262836327,0.6264985731214776,0.15943529312604424,0.07714718082919908,0.7539250000000005
396,1340,0.8375,91,1.5845338099864057,2.897094280217992,0.4965184141671271,0.07560798647102414,0.6264985731214776,0.15956200665863454,0.07745474235066989,0.7535125000000005
397,1336,0.835,91,1.589788859232028,2.893145804302871,0.4960950734602631,0.07556293437470296,0.6264985731214776,0.1596847323667766,0.07711844736852437,0.7533437500000005
398,1335,0.834375,91,1.5979719142057494,2.8897640512326532,0.49666547553851736,0.07787249151377935,0.8014181278908301,0.15962807351937558,0.07729281222112523,0.7531375000000006
399,1321,0.825625,90,1.5997794941437518,2.8992147870257714,0.49582101317199245,0.07811664618774368,0.8014181278908301,0.1597608301080084,0.0768907417754849,0.7531750000000004
400,1321,0.825625,89,1.5898902663205499,2.881253450941597,0.4968816927778211,0.07749125619805611,0.8014181278908301,0.16013416026961302,0.07584162975653382,0.7524812500000004
401,1311,0.819375,87,1.594947606702184,2.877683092313871,0.4968646810553628,0.0777781095198261,0.8014181278908301,0.15994846383055844,0.07630106420283339,0.7526125000000005
402,1319,0.824375,86,1.5927281051614002,2.9000394996502736,0.49641220687489884,0.07762205115393545,0.8014181278908301,0.16021756429509743,0.07723992395520708,0.7518062500000005
403,1318,0.82375,86,1.5895776433754045,2.8983669008307444,0.49539489996424174,0.07738041393423378,0.8014181278908301,0.16021494247968546,0.07741733329416124,0.7518250000000005
404,1330,0.83125,85,1.5877924771076595,2.89678147036257,0.49504785692356734,0.07701672132705616,0.8014181278908301,0.16018636478702183,0.0769115304145877,0.7509437500000005
405,1309,0.818125,86,1.5825704359807777,2.886421719719685,0.495172763237365,0.0768384336120761,0.8014181278908301,0.15997088794888267,0.07677392867344263,0.7526125000000005
406,1313,0.820625,90,1.5823348123821224,2.8960924011884437,0.4952935481334494,0.07760388853865592,0.8070498531607443,0.1600719288179335,0.07685667838132205,0.7521625000000006
407,1317,0.823125,91,1.5828978473007704,2.891136291525724,0.49561514992776784,0.07830909683254629,0.8737313295188384,0.1597451962900688,0.07593014894473209,0.7519187500000004
408,1299,0.811875,90,1.582098710180595,2.8914933486999823,0.49589145181990957,0.07805153193088377,0.8737313295188384,0.16008184781973836,0.07647127308108637,0.7524625000000005
409,1300,0.8125,92,1.582562315259182,2.8859465397112576,0.4962046104592078,0.07855077726090287,0.8737313295188384,0.159944574222397,0.076775036310012,0.7528937500000005
410,1305,0.815625,92,1.585447013386377,2.9057637324913506,0.49585406842714297,0.07861630132147666,0.8737313295188384,0.15970639397584965,0.0759785143015981,0.7517312500000005
411,1318,0.82375,95,1.5775679869665196,2.903010395946871,0.49629535758629206,0.07835549134040405,0.8737313295188384,0.15974435477725216,0.07600073419418787,0.7510562500000006
412,1316,0.8225,98,1.5783805723930806,2.924347486347232,0.4969676243889613,0.07808286683552468,0.8737313295188384,0.15968593571548925,0.07665255381414283,0.7505125000000006
413,1320,0.825,96,1.5769591706427692,2.9172201819713623,0.4969003247227814,0.07818806382695924,0.8737313295188384,0.15982305712859166,0.07721503856852889,0.7506812500000005
414,1322,0.82625,97,1.5823931196741923,2.93816553350902,0.4959543206357325,0.0780277665515914,0.8737313295188384,0.15969993668361365,0.07747964777951406,0.7509250000000004
415,1337,0.835625,97,1.5816808540620217,2.931608769592792,0.4969710298719097,0.07838555700088448,0.8737313295188384,0.15932514500808284,0.07710903849335919,0.7492187500000006
416,1330,0.83125,97,1.5840949540974179,2.944754885844364,0.4966647209846287,0.0783431407620062,0.8737313295188384,0.15914315722856404,0.07669595338594155,0.7492375000000004
417,1315,0.821875,95,1.5709958485585949,2.938017125814204,0.4965229753039562,0.0773760332076152,0.8737313295188384,0.15922620948278923,0.07649859086785112,0.7496312500000005
418,1296,0.81,95,1.574368428986189,2.9364990341490045,0.49628620875054785,0.07719275545871306,0.8737313295188384,0.15936131329997177,0.07601220841065533,0.7508312500000005
419,1314,0.82125,96,1.5789401646504622,2.937316334427577,0.4962904417099626,0.07781864880780513,0.8737313295188384,0.15917867404895752,0.07638714382515953,0.7507187500000004
420,1325,0.828125,98,1.5849821659763472,2.932585958782994,0.4962145850461036,0.0787799597847199,0.8737313295188384,0.1591319735341966,0.07712190867321718,0.7497625000000006
421,1328,0.83,99,1.5942829556154905,2.9370962804837513,0.4959093935959797,0.07910231447018311,0.8737313295188384,0.15907727488792994,0.07722833348962868,0.7493687500000005
422,1330,0.83125,98,1.6011666637823745,2.956185339784601,0.49622165552179964,0.07906107664882442,0.8737313295188384,0.15895214751063547,0.07644325008075518,0.7490125000000006
423,1330,0.83125,99,1.605314132787604,2.9745410476899212,0.49592466526202317,0.07915132126073153,0.8737313295188384,0.15904930779343324,0.0772123768826769,0.7492187500000006
424,1344,0.84,99,1.6037553092908414,2.9628868257611813,0.4966360515345992,0.08004159390641481,0.9583611380922777,0.15945674287278472,0.07733727377724094,0.7486750000000005
425,1352,0.845,101,1.596994869327393,2.9585318686677673,0.496219844686035,0.07935092432668804,0.9583611380922777,0.1594261735966291,0.07764197439648125,0.7478312500000005
426,1340,0.8375,103,1.6019724364957921,2.980090339981077,0.49649112520260913,0.07943046922416588,0.9583611380922777,0.15946296833713397,0.07714119449647945,0.7479812500000006
427,1346,0.84125,103,1.6061610016028534,2.996025010741211,0.4961019738909842,0.07932290518180404,0.9583611380922777,0.159347656623449,0.0762113117031364,0.7474937500000006
428,1325,0.828125,103,1.6156674047533843,3.011276916484567,0.49703102335640753,0.07999062956087524,0.9583611380922777,0.15946212592276074,0.07556337434196307,0.7483187500000006
429,1322,0.82625,101,1.6138058680889689,3.0210229219583074,0.4983031897552189,0.07909344516077185,0.8080655310010678,0.15943540543917364,0.07442444876633808,0.7481125000000006
430,1327,0.829375,103,1.6160875840354127,3.041073651263291,0.49859316961267275,0.0791983851247749,0.8080655310010678,0.15962786551242206,0.07594462053657373,0.7485062500000005
431,1321,0.825625,103,1.6032092820417878,3.0289812451049167,0.49829325202727,0.07830341056138214,0.8080655310010678,0.15971819509480498,0.07647961411332443,0.7490312500000006
432,1337,0.835625,103,1.5963045866546022,3.025358304349659,0.4978896389560693,0.07753583743452735,0.8080655310010678,0.15984186564003114,0.07667972926849125,0.7480750000000006
433,1334,0.83375,104,1.5892337890051398,3.0245300538792765,0.4983193501184888,0.0775424139398576,0.8080655310010678,0.1597979401794815,0.0757491197733431,0.7476062500000005
434,1320,0.825,106,1.5927020853079186,3.0373124413178902,0.49787523539101297,0.07740257261546227,0.8080655310010678,0.15976649425976344,0.07647264824512419,0.7476437500000006
435,1329,0.830625,105,1.5853111618503541,3.0374713328308607,0.49870177932683546,0.07707956291683632,0.8080655310010678,0.15976828233586074,0.07559442676672028,0.7469687500000005
436,1337,0.835625,104,1.583485860846343,3.0310447516897416,0.49857289644848385,0.07699987448881486,0.8080655310010678,0.15976441856607895,0.07605653571645987,0.7468750000000006
437,1324,0.8275,105,1.5939472440401035,3.04982146134808,0.49910395274900937,0.07791339082281375,0.8080655310010678,0.1599258729510711,0.07654834951012103,0.7470812500000005
438,1315,0.821875,104,1.590708317174351,3.0448062760112045,0.4983843567856452,0.07769392737805511,0.8080655310010678,0.15992130068887633,0.0768781968833972,0.7468750000000004
439,1295,0.809375,105,1.6145600996016478,3.0700506218775425,0.49910790008200767,0.07874465249168283,0.8080655310010678,0.15990016765745424,0.07810147048681433,0.7476062500000005
440,1304,0.815,104,1.6067496464501483,3.066146140153517,0.5000961038542608,0.07838940171885504,0.8080655310010678,0.1602567419308331,0.07755525324272008,0.7477375000000005
441,1315,0.821875,100,1.5947847543539577,3.026794078189736,0.5005141548692055,0.07823337773006242,0.8080655310010678,0.1605129213552401,0.078601391343397,0.7470812500000005
442,1318,0.82375,98,1.5888217555971131,3.0168948026335562,0.5002262632441771,0.07749145546106893,0.8080655310010678,0.16063122498155927,0.07792959395517274,0.7466687500000007
443,1321,0.825625,96,1.5802965541093272,2.999257257273629,0.5004799645360496,0.07700153072737927,0.8080655310010678,0.16077545109449076,0.0777956793316108,0.7456937500000005
444,1326,0.82875,94,1.578214114237139,3.00507384018419,0.500823719550306,0.07649022474278366,0.7234357224276284,0.16072352467659873,0.07690861396199039,0.7452437500000005
445,1339,0.836875,92,1.577752822604372,3.020196008917359,0.5001608575039734,0.07623667263596556,0.7234357224276284,0.16075499021597356,0.0768846115822602,0.7447937500000006
446,1327,0.829375,94,1.57639978274561,3.028338230884993,0.5005780350437017,0.07564694132304255,0.5847226452337324,0.1607441802490693,0.07655642010532705,0.7447187500000005
447,1326,0.82875,95,1.5865906245629122,3.047204775971571,0.5010203724332767,0.07658035723279155,0.5847226452337324,0.16075173181082425,0.07654181877322605,0.7447562500000005
448,1323,0.826875,95,1.5859878238928724,3.044931864037858,0.5011729348048671,0.07671818140737027,0.5847226452337324,0.16092697287428048,0.07641205421899218,0.7443625000000006
449,1311,0.819375,92,1.5713594409004807,3.015111344779863,0.5013625235525522,0.07628118665407302,0.5663975369244034,0.16104430933461839,0.07674402336962238,0.7446062500000005
450,1310,0.81875,92,1.5712561351645797,3.029932664396248,0.5015834881866064,0.07616007159919966,0.5663975369244034,0.16134817970052934,0.0768571495287988,0.7447187500000005
451,1304,0.815,92,1.572120609181492,3.0165066719374085,0.5018709557915416,0.07665754453276781,0.5663975369244034,0.16151036299078633,0.07643742482004477,0.7452812500000005
452,1306,0.81625,91,1.5799764935380456,3.031425882298357,0.5024990790261978,0.07735545568899442,0.5663975369244034,0.16140162507865052,0.07588994370139725,0.7458062500000006
453,1319,0.824375,92,1.578547475763484,3.026517457254828,0.5028558505377965,0.07736872880115161,0.5663975369244034,0.16134108958754353,0.07595061223098079,0.7455625000000005
454,1327,0.829375,93,1.5876613199000174,3.050710834853957,0.5034380846569809,0.07711793174534146,0.5663975369244034,0.16142007676717202,0.07602803729822884,0.7448875000000005
455,1322,0.82625,94,1.5877736909209086,3.0685533292204323,0.5033395687246847,0.07648238702587264,0.5663975369244034,0.16154224663427535,0.07663479616874017,0.7448500000000005
456,1309,0.818125,93,1.5792929612176962,3.0793352416508166,0.5032770067775032,0.07504104746074554,0.5180411688756383,0.16173840716723925,0.0763105017261058,0.7455812500000004
457,1309,0.818125,93,1.5857809015147517,3.0844948854982612,0.5039301729449509,0.07516075728855046,0.5180411688756383,0.16185454333950658,0.07628256336287803,0.7456187500000006
458,1315,0.821875,92,1.5778609532016898,3.069969279904645,0.5048737904906241,0.07482628376052497,0.5180411688756383,0.16188532760929775,0.0761370241058291,0.7452812500000005
459,1323,0.826875,95,1.5742010711211367,3.0665198534449822,0.5058472224915239,0.07469974445564279,0.5180411688756383,0.16203888342131167,0.07625117524011422,0.7448687500000005
460,1338,0.83625,92,1.5735157776262119,3.041921168895488,0.5050934911282386,0.07549077959096234,0.6108453481589831,0.1620758106956766,0.07728901249436529,0.7439875000000007
461,1345,0.840625,95,1.5818007384314077,3.061793561119839,0.5049915683425183,0.07577273574913125,0.7187116352455589,0.1622273411306595,0.07695282268924328,0.7431062500000004
462,1332,0.8325,92,1.566088759115435,3.046703413402875,0.5043502989572243,0.074530811922418,0.6259074559622142,0.1621469603695486,0.0776211901931823,0.7433312500000006
463,1327,0.829375,95,1.5631618945760228,3.055198791027365,0.5041756253799264,0.07434956463259554,0.6259074559622142,0.1620914906897925,0.07728266882680061,0.7433125000000005
464,1331,0.831875,95,1.5636669929569558,3.0472319824495018,0.5035938529073706,0.0737690506727212,0.6259074559622142,0.16230276152871043,0.07748092958679244,0.7426750000000005
465,1331,0.831875,93,1.553409926653834,3.033297908033978,0.502955205217776,0.07301810696918534,0.6259074559622142,0.162417173449522,0.07785589789048765,0.7425437500000005
466,1337,0.835625,92,1.562120073398668,3.031852227824407,0.5040932902444872,0.07382061303406966,0.6259074559622142,0.1625708077597053,0.07814786901217673,0.7417750000000006
467,1333,0.833125,91,1.5576773856771782,3.0221791484648675,0.5039279472903262,0.07390786991169251,0.6259074559622142,0.16282904497965958,0.07756661342537736,0.7423750000000006
468,1338,0.83625,93,1.5690802437201592,3.0386417068169043,0.5046556743581976,0.0752444728550824,0.7950337950106791,0.16281082013074016,0.07712812205546532,0.7419812500000006
469,1337,0.835625,92,1.5598975828322001,3.024270194596883,0.504593964926877,0.07500691596528632,0.7950337950106791,0.16282488499538486,0.07762622069989776,0.7416625000000004
470,1342,0.83875,93,1.5687642378330897,3.025903727946109,0.5043091192791715,0.07512631219520062,0.7950337950106791,0.16275734787406226,0.07693904328655524,0.7404250000000004
471,1329,0.830625,93,1.569670553129375,3.043901406822309,0.5044314270196475,0.07451310398110905,0.7950337950106791,0.1630780387090824,0.07758346797811054,0.7407625000000005
472,1337,0.835625,93,1.5723683229108663,3.0479786444771597,0.5037787124011711,0.07480454031353882,0.7950337950106791,0.16312949818539516,0.07719665434245541,0.7405187500000006
473,1329,0.830625,93,1.561847238313975,3.0274903967801885,0.5025110171632988,0.07430258314651689,0.7950337950106791,0.1630838906637846,0.0769211155284829,0.7403687500000005
474,1312,0.82,91,1.5582114391766917,3.010105818367518,0.5025726228687691,0.07446398244432043,0.7950337950106791,0.16324949001132494,0.0769499010485976,0.7420750000000007
475,1300,0.8125,91,1.5580961864712928,3.005782717443773,0.5034510756311139,0.07535925672786549,0.7950337950106791,0.16343736744187,0.07689109898507587,0.7431625000000005
476,1314,0.82125,94,1.5590064458458974,3.0356414001619663,0.5033382560059242,0.07495490070582203,0.7950337950106791,0.1634775152175786,0.07709168520351041,0.7416812500000006
477,1320,0.825,93,1.5719250512488443,3.04469144968671,0.5037901695715203,0.07559312243019961,0.7950337950106791,0.16357164215838424,0.07736467423530366,0.7418312500000005
478,1323,0.826875,92,1.5519278459601813,3.0218547645651124,0.5037082589797732,0.07421525908283415,0.7950337950106791,0.16377021152588234,0.07787365472077853,0.7414562500000005
479,1337,0.835625,92,1.5512930523075175,3.0271568666371076,0.5037247136665427,0.07435525912756248,0.7950337950106791,0.1639792427880637,0.07806704703870612,0.7407437500000005
480,1346,0.84125,93,1.537490295735198,3.0259260992443284,0.5034208431005895,0.07292427580960542,0.7950337950106791,0.1640317473945068,0.07827316972177646,0.7395062500000006
481,1330,0.83125,94,1.5331521321336021,3.026829827372677,0.5033471217221855,0.07267476859768339,0.7950337950106791,0.16413410876535847,0.07882179564498384,0.7401250000000005
482,1327,0.829375,96,1.5443720869120428,3.0556208323393492,0.5033009159255325,0.07272932607645986,0.7950337950106791,0.1641153298709947,0.07855490092257887,0.7398625000000006
483,1320,0.825,97,1.5401133892857664,3.0547847147583926,0.5030440169938488,0.07224902239461373,0.7950337950106791,0.16444495206210347,0.07836474658287838,0.7401250000000006
484,1331,0.831875,98,1.5414191585862351,3.0561196343221635,0.5029985416962285,0.07196394900083923,0.7950337950106791,0.16467738937597914,0.07764846106393691,0.7394875000000006
485,1330,0.83125,95,1.5380894346213019,3.051533261578005,0.5038615687856761,0.07200637113136786,0.7950337950106791,0.16452680234586065,0.07726026355485847,0.7396750000000005
486,1348,0.8425,91,1.5357175721492013,3.0353435745280586,0.5028964267609588,0.0715424431712214,0.7950337950106791,0.1645612064151985,0.07671094819277847,0.7383625000000006
487,1354,0.84625,92,1.5329770299030194,3.022315738299891,0.5022725611833596,0.07117572529321207,0.7950337950106791,0.16476564368297364,0.0780306740032563,0.7376500000000006
488,1348,0.8425,93,1.546947290366941,3.0283829506560536,0.5019918676035363,0.07237819583076818,0.7950337950106791,0.16486013534297464,0.07883432419900968,0.7371250000000006
489,1355,0.846875,93,1.5457126695912686,3.0286544901602976,0.501641747551508,0.07264320926540802,0.7950337950106791,0.1650920531351107,0.07952269078971948,0.7372000000000005
490,1346,0.84125,95,1.5492110240535635,3.0347107299334786,0.5016411452043011,0.07268454992399796,0.7950337950106791,0.16517223164970143,0.07864413737155948,0.7378187500000005
491,1356,0.8475,96,1.5423133884428286,3.0345057669317956,0.5017582145302105,0.07224681113179889,0.7950337950106791,0.16530889867154444,0.07764237789762893,0.7368437500000005
492,1360,0.85,96,1.535179318530685,3.027036421882281,0.5016742797256085,0.07167625846308541,0.7950337950106791,0.16522376874849642,0.07808232941274583,0.7365250000000007
493,1351,0.844375,96,1.5302538812438296,3.0271889623640598,0.5016813251155197,0.0713485224493101,0.7950337950106791,0.16522758958413958,0.07739844192359133,0.7358687500000005
494,1333,0.833125,94,1.5260210122997355,3.007499122353729,0.5019342416348899,0.07113779490814952,0.7950337950106791,0.16526479896062224,0.07783951942391248,0.7366562500000007
495,1335,0.834375,95,1.5209492790758754,3.0187127353728522,0.5015446434577892,0.07050079133604292,0.7950337950106791,0.1654897074247503,0.07672818044259178,0.7360187500000006
496,1354,0.84625,95,1.529310479299407,3.018479469227715,0.5014982356148122,0.07025923180297142,0.7950337950106791,0.16580815034772653,0.07763634924358379,0.7349687500000006
497,1350,0.84375,97,1.5196443145678806,3.01869571061415,0.5015081002830419,0.06991074744510023,0.7950337950106791,0.1656989274626908,0.07811227041886072,0.7354562500000006
498,1341,0.838125,99,1.5379083508319613,3.0491344663251625,0.501481797851736,0.07125007920255763,0.7950337950106791,0.16584024269914088,0.078352427581977,0.7349312500000006
499,1340,0.8375,100,1.5328894615674284,3.0463555064964467,0.5017780220554755,0.07093892574465897,0.7950337950106791,0.16589505744042277,0.07784117383499858,0.7346500000000006
500,1342,0.83875,99,1.5133735909314932,3.0364527204198346,0.5019427370108152,0.06991584372179875,0.7950337950106791,0.16616208481380917,0.07851621741672186,0.7331125000000006
501,1353,0.845625,98,1.5107912812325066,3.033874703561297,0.5019488482270206,0.06997683790387497,0.7950337950106791,0.16596548649046833,0.07868369632218757,0.7325125000000006
502,1347,0.841875,96,1.5188412768436907,3.046058970426108,0.5019444215109137,0.07002406866694923,0.7371540779866009,0.16597787639724568,0.07812798953208147,0.7320812500000006
503,1333,0.833125,96,1.5256023121390383,3.048482173289809,0.5016984433423637,0.07025638144355657,0.7371540779866009,0.16592197186316585,0.07864607576126251,0.7323625000000006
504,1346,0.84125,98,1.5253612046501845,3.0537268849259576,0.5014563747827484,0.06964083303544968,0.7371540779866009,0.16582520975748244,0.07902722006558054,0.7315000000000006
505,1345,0.840625,95,1.514891656021535,3.0316261314693196,0.5012300065648702,0.06862171592908373,0.7371540779866009,0.16570627729643594,0.07848946259139167,0.7310687500000006
506,1345,0.840625,96,1.5147455858675072,3.03291063263133,0.5002386587741663,0.06837650510791653,0.7371540779866009,0.16580362259113277,0.07875073773162382,0.7297937500000006
507,1353,0.845625,97,1.5254956715321961,3.053805385061946,0.5003743871144197,0.0690234698225951,0.7371540779866009,0.16569819441546005,0.07969608555097706,0.7288187500000006
508,1337,0.835625,97,1.5278480302666368,3.0735571668764647,0.500019887851888,0.06912299466551039,0.7371540779866009,0.16577105602453862,0.07858414725343706,0.7287625000000005
509,1345,0.840625,98,1.5211292602975435,3.07013259978144,0.4997053973593654,0.06845784558416368,0.7371540779866009,0.16584577292440209,0.07921914904816614,0.7280500000000006
510,1331,0.831875,99,1.5332646090316555,3.097014279594167,0.5001670574653496,0.06900786393614722,0.7371540779866009,0.1657035643571487,0.07898519902398225,0.7279937500000006
511,1329,0.830625,99,1.5298989817547524,3.0996621765902908,0.49929946512498435,0.06871559923797232,0.7504193040292176,0.1653996612623156,0.07856643014683773,0.7283125000000007
512,1361,0.850625,100,1.5443432285521794,3.117807604155302,0.49972015216270227,0.0692989842720658,0.7504193040292176,0.16517849794627135,0.07771980414239245,0.7263250000000008
513,1360,0.85,99,1.533686800334875,3.102658243726367,0.4992943918229805,0.0685463730148524,0.7504193040292176,0.16546662324796155,0.07738554069682724,0.7256500000000006
514,1352,0.845,98,1.5305192797643656,3.091689119799216,0.4999103793313817,0.06862773080752495,0.7504193040292176,0.16565112956861713,0.0783500912125158,0.7254062500000006
515,1350,0.84375,100,1.5404355085829096,3.10647336826663,0.5008000879368493,0.0690581900332923,0.7504193040292176,0.165849558045531,0.07948711148235058,0.7253125000000006
516,1364,0.8525,99,1.5430271062719372,3.0943949407177316,0.5009971734000322,0.06917607180279785,0.7504193040292176,0.16589926960037532,0.07915284676058518,0.7240937500000005
517,1354,0.84625,98,1.5464132012439493,3.1139665232126315,0.5002666663011397,0.06860608997263207,0.7504193040292176,0.16608914076827952,0.0793072030801864,0.7233812500000006
518,1355,0.846875,96,1.5479333288480577,3.1092286808642413,0.5009703333656182,0.06876828295893767,0.7504193040292176,0.16619457109249816,0.07880257932318409,0.7231000000000006
519,1351,0.844375,100,1.5523922139140405,3.1137089098608266,0.5011774640013362,0.0688921803236234,0.7504193040292176,0.16658971989725638,0.07867973397916718,0.7227625000000006
520,1348,0.8425,100,1.5524281631214025,3.118485072392925,0.5005875353062612,0.0692734086421836,0.7504193040292176,0.1664887764414784,0.07853862921825501,0.7233812500000006
521,1346,0.84125,99,1.5449170865410715,3.108944586553814,0.5005080407704515,0.06887109629163186,0.7504193040292176,0.1665030487618101,0.0778982100287102,0.7231937500000006
522,1355,0.846875,99,1.5437293048975251,3.127270178977073,0.5005218751902538,0.06865906396919436,0.7504193040292176,0.1666872691723087,0.07790891819532259,0.7228937500000007
523,1349,0.843125,101,1.5420114950914483,3.146747432579046,0.5006611903111942,0.06837241556525993,0.7504193040292176,0.16667813408164228,0.07703856309366315,0.7228187500000007
524,1354,0.84625,101,1.5493006911742202,3.1713073059982744,0.5005976534689344,0.06852161089406135,0.7504193040292176,0.16678604430068839,0.0774623674096748,0.7219562500000006
525,1362,0.85125,101,1.5490162560205807,3.1719694831855727,0.499978869882285,0.06842148577864599,0.7504193040292176,0.16706318469758827,0.07799099617080539,0.7211875000000006
526,1349,0.843125,101,1.5410592478047882,3.1704152405417942,0.5007950336228142,0.06864997651065445,0.7504193040292176,0.16702340539338334,0.07779701790214405,0.7216562500000007
527,1345,0.840625,103,1.5350571236607236,3.1731307092240515,0.5013252712891513,0.06838998818849254,0.7504193040292176,0.16705854792127467,0.07792505344842222,0.7217312500000006
528,1321,0.825625,103,1.5383412215707715,3.1651320411301893,0.5020000991111421,0.06864507408801293,0.7504193040292176,0.16730188483276404,0.07803491679698586,0.7226687500000005
529,1308,0.8175,105,1.5368097369975728,3.1641205677158446,0.5015762447152463,0.06869702539807411,0.7504193040292176,0.16742487654024987,0.0773815243384706,0.7229312500000006
530,1319,0.824375,105,1.5258103225016406,3.150435407225023,0.5015735880160248,0.0679265756680729,0.7504193040292176,0.1677862177409758,0.07751214360025685,0.7226687500000007
531,1319,0.824375,106,1.5243366732591876,3.160656566955069,0.5017337640702471,0.06788917739142152,0.7346236143728259,0.16777199423589276,0.07769990133215589,0.7222937500000006
532,1314,0.82125,106,1.5149352004347307,3.158967568762019,0.5011579181831289,0.06747761772582653,0.7346236143728259,0.16794344131270636,0.07776330907674531,0.7226312500000006
533,1326,0.82875,106,1.5022010007664004,3.1545374870939487,0.5009545574159032,0.06672086385908983,0.7346236143728259,0.16807284409133205,0.07775163022757255,0.7221250000000006
534,1323,0.826875,105,1.512109748277966,3.1546123534199175,0.5009136617305416,0.06742753755175415,0.7346236143728259,0.16796012782640868,0.07761978174667244,0.7217125000000008
535,1349,0.843125,106,1.5119617505334213,3.1533890455549423,0.501881155752286,0.06729132857782663,0.7346236143728259,0.1682340434856817,0.07781487287271871,0.7197250000000005
536,1365,0.853125,102,1.5095786935225288,3.1459459978011317,0.5016504945393642,0.06682482654669562,0.7346236143728259,0.16812973007321952,0.07714910928549004,0.7186937500000006
537,1362,0.85125,103,1.5047573626536528,3.139608013490767,0.5016578660154245,0.06682626753155978,0.7346236143728259,0.16818318563389367,0.07686327070115753,0.7180000000000006
538,1348,0.8425,104,1.4958638196275633,3.136688889057301,0.5019608655661975,0.06652858823840253,0.7346236143728259,0.16822654951057422,0.07703795072406835,0.7175500000000006
539,1349,0.843125,103,1.4789991981888893,3.1299511797185597,0.5018559722368983,0.06468165267052613,0.49679806207111793,0.16843553179582968,0.07676606893522965,0.7170437500000005
540,1347,0.841875,104,1.461087524713494,3.119650161241407,0.5016294788433582,0.06381846286949894,0.49679806207111793,0.16881760657712905,0.07688809836754945,0.7161250000000007
541,1334,0.83375,102,1.4555938279586966,3.0913628027645927,0.5016196488664885,0.0634283103323648,0.4835383926561351,0.1691754572209339,0.07730568420740637,0.7156375000000006
542,1320,0.825,105,1.4360485431349304,3.077178839539798,0.5013761928164293,0.06260301607497067,0.4835383926561351,0.16950834903861173,0.07688095233989106,0.7160312500000007
543,1315,0.821875,102,1.4498957774807473,3.083726135936186,0.501050245063504,0.063317270776078,0.4835383926561351,0.16926000258958993,0.07752864169878437,0.7166125000000007
544,1315,0.821875,104,1.4393449290465576,3.064418446470217,0.5012778473394615,0.06312867912698039,0.4835383926561351,0.16962331013740659,0.0778811735520019,0.7165750000000007
545,1327,0.829375,106,1.4430784134172743,3.0717048198654773,0.5014101728991338,0.06350046165606243,0.6549934881224893,0.16983021948612587,0.0783795152622328,0.7158250000000007
546,1318,0.82375,106,1.4382198760038638,3.057633105824297,0.5015784317309516,0.06301927241379629,0.6549934881224893,0.17011328730389882,0.0785211887902418,0.7167437500000007
547,1319,0.824375,106,1.438363380954534,3.0505775058969546,0.5015160147846517,0.0629528993470388,0.6549934881224893,0.1702222958731466,0.07854425271848677,0.7169500000000006
548,1316,0.8225,107,1.4385851585381464,3.04689512054394,0.5019154208263694,0.06301078022128369,0.6549934881224893,0.1705354358089348,0.07830912297645837,0.7171937500000007
549,1326,0.82875,108,1.4435379504876094,3.0547206934893048,0.5017118559122336,0.0629255797183667,0.6549934881224893,0.170785021495958,0.07908995663590393,0.7167062500000005
550,1344,0.84,111,1.4593322486296354,3.0740867987801828,0.502576730791961,0.06392930941688162,0.6549934881224893,0.17094262334718135,0.07847810407072163,0.7153562500000007
551,1346,0.84125,111,1.4637475136504978,3.0853412329413707,0.5025683625829621,0.0636665103852846,0.6549934881224893,0.1711006400734994,0.07895976167072084,0.7151500000000007
552,1345,0.840625,108,1.4524582625576483,3.0558512256728214,0.5029719708806156,0.06302186760012568,0.6549934881224893,0.17117146014254828,0.07841608773129402,0.7151500000000007
553,1335,0.834375,106,1.4676767036938474,3.0842347555748324,0.503095427191542,0.06340577639462511,0.6549934881224893,0.1710909756444528,0.07915172504533387,0.7149625000000006
554,1342,0.83875,103,1.4644738907470252,3.0823999059933502,0.503326583688766,0.06333271322452916,0.6549934881224893,0.1712527357194648,0.07998159173286447,0.7140250000000006
555,1336,0.835,104,1.467239234504017,3.0989832992767643,0.5028322606609299,0.06317805872935368,0.6549934881224893,0.17123520903873093,0.07895449620632979,0.7135937500000006
556,1330,0.83125,106,1.4712786515918757,3.1059740776379288,0.5023750680992056,0.06332640757822168,0.6549934881224893,0.17144843930847756,0.07852960595986036,0.7134250000000005
557,1329,0.830625,104,1.467489654138547,3.101165422752315,0.5019018479548643,0.06276429581392994,0.6549934881224893,0.17172609309024497,0.07916772344487283,0.7127687500000007
558,1334,0.83375,102,1.4574500796962988,3.0841629860664774,0.5018261189403054,0.06271366277185146,0.6549934881224893,0.17169796421177053,0.07908732309775578,0.7121125000000006
559,1318,0.82375,100,1.4540660614540544,3.0688253301972743,0.5023599571730948,0.06305884862494353,0.6549934881224893,0.17198864877525624,0.07926067684604442,0.7121312500000008
560,1328,0.83,100,1.435371039397018,3.0599299344554467,0.5022468770329114,0.062429863680089105,0.6549934881224893,0.172241530870047,0.08012354567470088,0.7111375000000006
561,1309,0.818125,98,1.4276668686169318,3.034154137643255,0.5032444136437252,0.062312023799226894,0.6549934881224893,0.17247319889495324,0.07972926206529171,0.7114562500000007
562,1319,0.824375,98,1.416962459888664,3.0243748049797015,0.5029542567719073,0.06157962950342725,0.6549934881224893,0.17257451607805893,0.07908382186092408,0.7119812500000008
563,1309,0.818125,99,1.418401483037898,3.0140850385513454,0.5031584251668201,0.06166213925942045,0.6549934881224893,0.17270730158534206,0.07860212340337798,0.7133875000000006
564,1302,0.81375,97,1.4180431661569626,2.993735928140896,0.5035712653708064,0.061516125569369855,0.6549934881224893,0.1727947924039759,0.07902710687708497,0.7131250000000009
565,1307,0.816875,100,1.4233477117869242,3.01725806484385,0.503877366139204,0.06107507662851593,0.6549934881224893,0.17273947652620236,0.07986478415803468,0.7132937500000007
566,1311,0.819375,100,1.4347728216469955,3.0320459263689585,0.5036370815764964,0.06145833528722141,0.6549934881224893,0.17260140949814964,0.08004859462464979,0.7129375000000008
567,1327,0.829375,100,1.4310275248076136,3.0293459588393326,0.5037044617986741,0.06135032925503742,0.6549934881224893,0.17282223421525975,0.07980230665591383,0.7124312500000006
568,1343,0.839375,99,1.4297429241852129,3.0149295273991235,0.5035087882918969,0.06107695944099722,0.6549934881224893,0.17325756108978357,0.08001626287154809,0.7114937500000008
569,1337,0.835625,98,1.4182359652928713,2.992813702430551,0.5029558720316365,0.060308486400366894,0.6549934881224893,0.17332772872553595,0.07976856992788074,0.7123187500000006
570,1344,0.84,99,1.410880048149035,2.999602926151641,0.5028680281396556,0.059805569681519795,0.6549934881224893,0.1735472148167688,0.08021517150181678,0.7114937500000006
571,1343,0.839375,100,1.4060808038505999,2.997205520708075,0.5019949787368605,0.06053001420553689,0.7366898792460023,0.1739127664252639,0.08022654701413226,0.7106125000000005
572,1353,0.845625,103,1.408313051003453,3.011380664150521,0.502114569780279,0.060711328019749364,0.7366898792460023,0.17407862950209407,0.08052378214851202,0.7093750000000008
573,1358,0.84875,102,1.4034227665117718,2.99621796268865,0.5013730274483467,0.06051184501385555,0.7366898792460023,0.17413364843409007,0.08084033195523244,0.7096187500000007
574,1360,0.85,102,1.4038319785678006,2.9986871784214304,0.5013356119080715,0.060336993333768206,0.7366898792460023,0.17420659271168923,0.0799035555035948,0.7098625000000007
575,1347,0.841875,102,1.4079570021079857,2.9904242988936556,0.5014589982760536,0.0600871782228743,0.7366898792460023,0.17467827989494158,0.07975661672897154,0.7094687500000006
576,1358,0.84875,99,1.402363857782535,2.9779457652316443,0.5013328659713289,0.05966620295484751,0.7366898792460023,0.17438831661081902,0.08011342786173864,0.7081750000000008
577,1348,0.8425,98,1.3752507135811962,2.953881082074491,0.5010543446661907,0.056528763139245916,0.4835383926561351,0.17488295624608324,0.08033489338593784,0.7079687500000007
578,1332,0.8325,96,1.3808931110708338,2.962273687705788,0.5007457980473436,0.056585712292147074,0.4835383926561351,0.1750585722760071,0.08016484701984856,0.7076687500000005
579,1330,0.83125,96,1.38673294350541,2.9610296173429997,0.501301603412264,0.056840188752011994,0.4835383926561351,0.17506762444727825,0.07960133464079966,0.7082500000000007
580,1348,0.8425,96,1.3897064405197657,2.9745246614822722,0.5016349697420155,0.05840339454257689,0.6760766748066588,0.17490744727852156,0.07983178623601905,0.7078562500000006
581,1350,0.84375,96,1.3915073675611025,2.967227032664458,0.5015256702498901,0.05861455158107551,0.6760766748066588,0.17496875517147484,0.08018399107835146,0.7071437500000007
582,1364,0.8525,94,1.3928654405633465,2.9741345143840454,0.5012684449733391,0.058473276322178816,0.6760766748066588,0.17509920092944917,0.08027838206148988,0.7066000000000007
583,1351,0.844375,95,1.3973441007619638,2.9896946644451288,0.5011562803451252,0.058489424307580216,0.6760766748066588,0.1751737754736734,0.08050453318501642,0.7066375000000008
584,1364,0.8525,95,1.3988014636243933,2.9924869202027438,0.5014647349544447,0.05900924978669708,0.6760766748066588,0.17554267349212765,0.07956867115819859,0.7055500000000008
585,1359,0.849375,94,1.4072187181232463,3.0168984842773527,0.5021164631573458,0.05917220944615876,0.6760766748066588,0.17590315959629077,0.07984540261468788,0.7044062500000007
586,1357,0.848125,91,1.4064854449839936,3.006025348527631,0.5024698801176715,0.058987703833232784,0.6760766748066588,0.17605737453474557,0.07982040867221868,0.7040687500000007
587,1337,0.835625,90,1.397282545031671,2.9859467865861156,0.5022496069383388,0.05881392825035234,0.6760766748066588,0.17604270235741462,0.08063013141181424,0.7050250000000007
588,1340,0.8375,89,1.413037258231477,2.989871042090556,0.5022759389185096,0.0593611884477874,0.6938364259628872,0.17622034129069777,0.0805626380942656,0.7036000000000007
589,1333,0.833125,91,1.411585958145547,2.9974387330757404,0.5020838701218412,0.05959150811299678,0.6938364259628872,0.17625101821116013,0.07994112001215278,0.7035062500000008
590,1347,0.841875,90,1.403461356153967,2.9812440142711774,0.5018638247310993,0.05961198713909731,0.6938364259628872,0.17645268054148877,0.08066815765928806,0.7026437500000009
591,1346,0.84125,92,1.397161357478602,2.9845098014593674,0.5014139356401911,0.059054296815970464,0.6938364259628872,0.17681606389481389,0.0803661611219256,0.7015375000000007
592,1341,0.838125,93,1.3990819646574073,2.981039993597884,0.5014855629145489,0.05951213810639128,0.6938364259628872,0.17699348612325752,0.0800645064636105,0.7007312500000008
593,1357,0.848125,94,1.4013061606532071,2.984195279325446,0.5009278879904646,0.0598264097360218,0.6938364259628872,0.17687854550368642,0.07913651530500565,0.7001125000000008
594,1347,0.841875,94,1.4112266219596654,2.9904287217884518,0.5011942599516243,0.06035793069179763,0.6938364259628872,0.17706091827569675,0.07895088892115132,0.7003000000000007
595,1353,0.845625,92,1.4053801771650403,2.978994546693105,0.5014897653874947,0.06010795780811169,0.6938364259628872,0.177189501530149,0.07986390313599025,0.6995312500000007
596,1351,0.844375,92,1.402508868980353,2.9656770531735237,0.5015036477539031,0.05997290748683849,0.6938364259628872,0.17748244417559395,0.0805972570087516,0.6995125000000008
597,1348,0.8425,94,1.3902145946982283,2.937445270468706,0.5020333509090519,0.060609095490793866,0.6938364259628872,0.1778123571738823,0.08129134919924443,0.6993250000000008
598,1345,0.840625,89,1.3851313452945007,2.9160842860584753,0.5022070474145619,0.05941393992486497,0.6938364259628872,0.17805580455983938,0.08122728392809882,0.6988562500000007
599,1342,0.83875,89,1.3995801309852927,2.9261564701852554,0.5025643491533016,0.06034643416798587,0.6938364259628872,0.17815105132164644,0.08168844011017617,0.6990250000000008
600,1324,0.8275,90,1.394120351465674,2.9313816927895395,0.5029767461466012,0.06031984998760024,0.6938364259628872,0.17804645912589576,0.08164005644667337,0.6998500000000007
601,1329,0.830625,92,1.398343924430813,2.942553356756971,0.5031183777915962,0.060524319837723335,0.6938364259628872,0.1779792723959033,0.08145987515755523,0.6993437500000007
602,1320,0.825,91,1.3973623303349934,2.9351658476798117,0.5022223299212836,0.05897020091092717,0.5012981438123635,0.17813166953838191,0.08060132352708116,0.6999625000000007
603,1305,0.815625,90,1.3994284018324041,2.9503593529097705,0.502654188021165,0.05874350684865785,0.5012981438123635,0.17825400997638693,0.07995100938430778,0.7001500000000007
604,1303,0.814375,90,1.3860638662360452,2.9261388877754015,0.5028624436970784,0.05852095471867689,0.5012981438123635,0.17813910184797868,0.07978424284727231,0.7000000000000007
605,1309,0.818125,92,1.4058899905087103,2.9496565503062033,0.5031872041836755,0.05892753454403034,0.5012981438123635,0.17827790612217798,0.0804335422245372,0.6993250000000008
606,1313,0.820625,93,1.4098328346135018,2.9488178903956856,0.5027916759556402,0.059243322740933205,0.5012981438123635,0.1786099263202513,0.08062864318159374,0.6996062500000008
607,1313,0.820625,93,1.4102816371527975,2.946209511434977,0.5025392424931614,0.05932695779981218,0.5012981438123635,0.17878515977201773,0.07997899855265071,0.6998687500000007
608,1305,0.815625,94,1.4111539123488122,2.953257242638103,0.5026931478812232,0.05918726038285517,0.5012981438123635,0.17852151476475514,0.07966638183149073,0.7004500000000007
609,1294,0.80875,94,1.41882678193067,2.973759369537757,0.5028596939770579,0.05939013574158709,0.5012981438123635,0.17823906886733426,0.08023210999805976,0.7006187500000007
610,1272,0.795,93,1.4207309107013826,2.9841978791745127,0.5026060267218658,0.059427016483153766,0.5012981438123635,0.1781932865915272,0.07974243184111098,0.7016500000000008
611,1277,0.798125,94,1.4162294992922444,2.998858125039166,0.5032703768038935,0.05882827278864965,0.5012981438123635,0.1780939611806804,0.08041654753826312,0.7019500000000007
612,1298,0.81125,92,1.422393396826032,3.001558919425646,0.5033013625404613,0.05841055228741501,0.5012981438123635,0.17811386326946657,0.08010375281629359,0.7006187500000007
613,1302,0.81375,94,1.4304887256965026,3.0100237180560914,0.5035123466774564,0.0597818689480194,0.5955646854293964,0.17833754718325545,0.08067608981025969,0.7005812500000007
614,1302,0.81375,95,1.4314607970579434,3.015914387979085,0.5024985309380483,0.06041094777611847,0.6940312302792294,0.17834548657779226,0.08011769971669339,0.7005812500000007
615,1325,0.828125,95,1.4446181103367182,3.036127855607779,0.5029108659087347,0.06080435639523313,0.6940312302792294,0.17836867284949434,0.08011145348652975,0.6988000000000008
616,1323,0.826875,95,1.434902073114958,3.025790216989882,0.5034817715683485,0.06028898999092029,0.6940312302792294,0.17845073149058877,0.08049647918652007,0.6988562500000007
617,1336,0.835,94,1.4254028073824079,3.019366392552161,0.5038325373883143,0.059845853033502094,0.6940312302792294,0.1782053183377366,0.08058127228088544,0.6981062500000007
618,1349,0.843125,97,1.4217042889184077,3.0065358284335564,0.5044634275150955,0.06007132306643178,0.6940312302792294,0.17837273571890475,0.08080395811581534,0.6976187500000008
619,1343,0.839375,94,1.431700113344924,3.0046906213904396,0.5046061099084185,0.059874349325192935,0.6940312302792294,0.17844556335351278,0.08073488169152201,0.6975062500000007
620,1344,0.84,97,1.4387061701301167,3.009551089883531,0.5053070195570917,0.05989975167372278,0.6940312302792294,0.17862394535863502,0.08150829577033421,0.6966812500000007
621,1332,0.8325,99,1.4426043435081692,3.0033939716209854,0.5050401821060247,0.05965334097255077,0.6940312302792294,0.17883680896231036,0.08119520431930091,0.6959125000000007
622,1328,0.83,99,1.4455480566148289,3.0134393406745197,0.504755076698065,0.05988785566180483,0.6940312302792294,0.1790541341844915,0.0810361716388877,0.6961187500000007
623,1334,0.83375,99,1.4409088892348514,3.0105411294498445,0.5045597980113411,0.05980124355099168,0.6940312302792294,0.17926960904284042,0.08096444085030811,0.6956875000000008
624,1330,0.83125,100,1.4444027355179565,3.015320024308035,0.5049356613070202,0.060160560195387,0.6940312302792294,0.1791700710819834,0.08054800645858762,0.6966625000000007
625,1325,0.828125,101,1.4470175191727714,3.027634080324059,0.504674130280327,0.06028256703872329,0.6940312302792294,0.17938064615105426,0.08048476401453047,0.6964937500000008
626,1303,0.814375,101,1.4449677558357614,3.0103287869958817,0.5052625133243893,0.060893230428011716,0.6940312302792294,0.17961129332436324,0.08126675475894618,0.6978812500000007
627,1320,0.825,101,1.4564764315189267,3.0157653090354555,0.5050854580413066,0.06110015520249115,0.6940312302792294,0.17979915352423664,0.08152479508253783,0.6977312500000008
628,1324,0.8275,99,1.4485789275634122,2.990169195259479,0.5049059817813973,0.06072104442407706,0.6940312302792294,0.1802313978131846,0.08108105140364333,0.6974500000000008
629,1335,0.834375,101,1.4390404815055522,2.9736491370099474,0.505585369329689,0.06059813635475791,0.6940312302792294,0.18029555505189332,0.08124696255345533,0.6968687500000007
630,1339,0.836875,101,1.4507822037976656,2.981955424958869,0.5059217150454669,0.061685874694918694,0.6940312302792294,0.18026254461455238,0.08137270054914053,0.6970375000000008
631,1356,0.8475,102,1.4419912715245131,2.9715206976372777,0.5064949889375145,0.06112199537436196,0.6940312302792294,0.18032026255673453,0.08128169577107103,0.6947312500000007
632,1346,0.84125,102,1.4379621231643407,2.975134338696974,0.5065090816003671,0.060778774478897485,0.5955646854293964,0.1805666426942084,0.08072204708679634,0.6953312500000008
633,1356,0.8475,103,1.443155025951316,2.989768683320392,0.5065085067638719,0.06230809282096022,0.8897664491971506,0.18056237130525163,0.08053605723008939,0.6947125000000008
634,1354,0.84625,103,1.4290487519730104,2.9604673369967323,0.5068420764779861,0.06168916635490934,0.8897664491971506,0.18073109957533207,0.08064311025179664,0.6942812500000008
635,1348,0.8425,101,1.434822423961332,2.9581039136755423,0.5066252051109708,0.061984952463847096,0.8897664491971506,0.18102270058752165,0.08019270482783789,0.6941875000000007
636,1367,0.854375,101,1.439320999021209,2.956492132300909,0.5070054121052453,0.062196852251676975,0.8897664491971506,0.1809302262250005,0.08036703766732992,0.6930250000000008
637,1369,0.855625,100,1.4367839544242018,2.958269973117195,0.5071668905940527,0.06176005153266789,0.8897664491971506,0.1807751355625085,0.08023997906574923,0.6928000000000007
638,1369,0.855625,98,1.4370091637175662,2.9493569514302322,0.5070575530766483,0.06178568756356352,0.8897664491971506,0.18066949462843876,0.08042476228472718,0.6921250000000008
639,1360,0.85,96,1.4358007400364345,2.944077259599432,0.5067954622641104,0.061798737676045386,0.8897664491971506,0.18070273915536492,0.08045645596211908,0.6919562500000008
640,1363,0.851875,96,1.4315761895560275,2.947329615747455,0.5070877974977571,0.061414691715989365,0.8897664491971506,0.18076354948826165,0.08051364517825504,0.6912250000000009
641,1381,0.863125,97,1.4376322073131749,2.953974284833557,0.5067516052816183,0.061581751276886254,0.8897664491971506,0.18060722398357715,0.080694608256329,0.6903437500000008
642,1372,0.8575,98,1.4463716713357142,2.9800166263706425,0.5075000924410923,0.06195498693064702,0.8897664491971506,0.18047738408685435,0.08001700443715934,0.6904937500000008
643,1380,0.8625,97,1.4529734676872041,2.985654942906764,0.5083321704193555,0.062247964079008816,0.8897664491971506,0.1806671527859811,0.08054444646105681,0.6888625000000007
644,1356,0.8475,98,1.4448963608041017,2.9847898092110743,0.5087070795445691,0.06200624749877716,0.8897664491971506,0.18037964714108218,0.08001166489314439,0.6893312500000007
645,1355,0.846875,98,1.4410043110202873,2.987968265793003,0.5084271503582412,0.06175536698527073,0.8897664491971506,0.18028940692371143,0.07991039322673303,0.6899875000000009
646,1346,0.84125,97,1.4491425079887534,2.9873280906120163,0.5089046339887199,0.06250748709320829,0.8897664491971506,0.1805619559119708,0.0801335410796585,0.6898750000000007
647,1338,0.83625,92,1.4427279924156957,2.974868909709311,0.5095708583806273,0.06176058472078023,0.7673851014287676,0.18089808579363828,0.0808801205079397,0.6900437500000006
648,1335,0.834375,92,1.4368320786538133,2.950305441435822,0.5096503406310632,0.06145591991758081,0.7673851014287676,0.18119552059600663,0.08050214179089323,0.6907187500000007
649,1334,0.83375,91,1.442177325842633,2.953610737998358,0.5106071432052423,0.06260161077848013,0.7673851014287676,0.18124464212545194,0.07975071416040429,0.6895562500000009
650,1334,0.83375,91,1.4253335091142536,2.918968015464702,0.5103540670390282,0.06219284708891613,0.7673851014287676,0.18154105684898164,0.07985567020182024,0.688468750000001
651,1349,0.843125,93,1.4290018928197832,2.934492513071984,0.5101767591095228,0.062205741946790995,0.7978680921129027,0.18172072920898644,0.08012913094211982,0.6875875000000008
652,1336,0.835,95,1.434982315041527,2.9504755922937487,0.5102006091951783,0.0627161431128723,0.7978680921129027,0.1814964516573561,0.08021351582930653,0.6877187500000008
653,1340,0.8375,97,1.440421229330669,2.9591579984784984,0.5101135125361604,0.062179262068123194,0.7978680921129027,0.18170169185190024,0.08025896670846891,0.6870437500000008
654,1337,0.835625,98,1.4342457790736602,2.9575880014530136,0.5100757948509267,0.0618968662493006,0.7978680921129027,0.1817894268684443,0.08134435649569512,0.6876250000000009
655,1341,0.838125,99,1.4289944919899946,2.948811738564636,0.5101700492635108,0.0616733401846215,0.7978680921129027,0.18195448278719933,0.08066826021184233,0.6872875000000007
656,1348,0.8425,96,1.4224163418480427,2.9447022085885646,0.5092983303599539,0.06107855279039494,0.7978680921129027,0.18199968989394547,0.08034578752900703,0.6868937500000009
657,1338,0.83625,98,1.4157395592673092,2.931496751715406,0.5083921669550051,0.06088410693419134,0.7978680921129027,0.1821172877768266,0.08079807732234379,0.6874187500000007
658,1316,0.8225,95,1.4112534262316427,2.930897738597192,0.5083815546799816,0.05933478377111974,0.7580292645727362,0.18211404201511788,0.08116683592262978,0.688806250000001
659,1309,0.818125,96,1.4153474332521028,2.9260290861527296,0.5075356204332507,0.06023592447596474,0.7580292645727362,0.18204471724342888,0.08112973178605368,0.6891062500000008
660,1312,0.82,97,1.4220861914339937,2.9316396870177948,0.507966642189151,0.061283788138857855,0.7580292645727362,0.18189838326830518,0.08039114395530966,0.6880000000000008
661,1314,0.82125,96,1.4218070354264165,2.928115303385693,0.5075414966806566,0.06122300460557721,0.7580292645727362,0.18185506042514746,0.08113193942264996,0.6884875000000008
662,1323,0.826875,96,1.420906184272835,2.9273737643960134,0.5085615725672084,0.06121404181226595,0.7580292645727362,0.18198315093488557,0.0808986748694856,0.686931250000001
663,1330,0.83125,97,1.4397560824971938,2.957779631030904,0.5089670562602845,0.061812731020024776,0.7580292645727362,0.1822609021076442,0.08167120112375592,0.6860125000000008
664,1348,0.8425,97,1.4432989739143527,2.9456462457395847,0.509539138250748,0.06221744140385259,0.7580292645727362,0.18242749652154558,0.08138408725142128,0.6845687500000008
665,1356,0.8475,98,1.4416584325724977,2.928080963592085,0.5091400176159755,0.06211250941593233,0.7580292645727362,0.18277289707579542,0.08095195814914796,0.6834062500000008
666,1367,0.854375,100,1.442602915699255,2.9458299266536376,0.5098571584152304,0.06273457889418427,0.7580292645727362,0.1826404024924319,0.0817286346339989,0.6826375000000009
667,1365,0.853125,98,1.446529050551365,2.9444030871311324,0.508731668509639,0.06228315904129734,0.7490864571793068,0.18265795328470738,0.08019621034588335,0.6814375000000007
668,1352,0.845,101,1.4417148459625566,2.952488260367651,0.5086297648257025,0.061952636532457014,0.7490864571793068,0.18274172082746132,0.0803066305133298,0.6814187500000007
669,1320,0.825,100,1.4450529623120323,2.969006084387339,0.5087921392945174,0.06247567046593843,0.7490864571793068,0.18274802453386924,0.07999904104606691,0.6824875000000009
670,1313,0.820625,98,1.4533047881248868,2.9747511588306272,0.50949143132882,0.06393064733048068,0.7490864571793068,0.18280533282393854,0.0803903422348208,0.6826375000000007
671,1325,0.828125,99,1.4581937714754305,2.9967450780925597,0.5095699861245554,0.06445915344020843,0.7490864571793068,0.18261007187305847,0.0803021730182681,0.6825250000000008
672,1318,0.82375,100,1.4735439082721093,3.011771576056196,0.5094922523106701,0.06507885640100866,0.7490864571793068,0.18246533183841515,0.08064647934999082,0.6825250000000008
673,1328,0.83,100,1.4656744976333036,3.0106445081001256,0.5097194640662295,0.0643482200600114,0.7360606393049491,0.18279577995171936,0.07999775819136855,0.6824687500000008
674,1318,0.82375,98,1.4805007531673309,3.027014272282341,0.5107464009741589,0.06571564938029822,0.7360606393049491,0.18276177202871588,0.07983043384274637,0.6826375000000009
675,1329,0.830625,100,1.479531804133392,3.0346127829967946,0.5112682751433846,0.06551983835720923,0.7360606393049491,0.1823284699949812,0.07908689336999547,0.682037500000001
676,1346,0.84125,102,1.4717236212866218,3.0178776140182957,0.5112220044966524,0.0652378201541847,0.7360606393049491,0.1822623793106002,0.07896939395952823,0.6814187500000009
677,1358,0.84875,102,1.4815265424296657,3.028858508703654,0.5108793600921817,0.06551924550900676,0.7360606393049491,0.18236235135707052,0.07925000978530057,0.6796562500000007
678,1350,0.84375,101,1.4713132763872958,3.017180289077313,0.5106126092565889,0.06440907420060842,0.7360606393049491,0.18249868310469328,0.07881510110030585,0.6789062500000008
679,1351,0.844375,102,1.4640534090075086,3.0184907994944337,0.5102342005981991,0.06400550238509824,0.7360606393049491,0.18259775438329512,0.07884914476904294,0.6786812500000008
680,1353,0.845625,100,1.4565429791994882,2.9992841026559134,0.5103143650026448,0.06395256065440001,0.7360606393049491,0.1824030345771739,0.07884294011906215,0.6782125000000008
681,1356,0.8475,102,1.4606361580762186,3.0063589174218737,0.5103210968493702,0.0641884512305705,0.7360606393049491,0.1826226470845613,0.07818528565869737,0.6775187500000008
682,1345,0.840625,102,1.470887757661733,3.0195635100456317,0.5106955377959826,0.06435190562427434,0.7360606393049491,0.1824931827087357,0.07800482661298991,0.6777250000000008
683,1340,0.8375,96,1.4729920575255406,3.0039175799521693,0.5116060405769726,0.06436653445068394,0.7360606393049491,0.1830638672389299,0.07833463797635223,0.6772937500000009
684,1327,0.829375,97,1.4650625190875488,2.99342202148905,0.5117822737074031,0.06432528104380146,0.7360606393049491,0.18313999310909365,0.07893092480989403,0.6778375000000009
685,1305,0.815625,95,1.458032429655416,2.995569256887671,0.5119813772101355,0.06353372065765457,0.7360606393049491,0.18321594051061685,0.07974299217237883,0.6791125000000008
686,1293,0.808125,97,1.450258165022698,2.997866479414674,0.5115653889359179,0.06300645502080657,0.7360606393049491,0.18323501384602928,0.08006538792321868,0.6802562500000008
687,1309,0.818125,97,1.4492917695082084,3.0097736899816234,0.5115282913481518,0.06242268661936899,0.6435375436462152,0.18318373975275745,0.0800086905033705,0.6801812500000008
688,1300,0.8125,97,1.4363290765043824,2.9939367838667055,0.5105439532961149,0.06075663817282617,0.6435375436462152,0.1832202257496213,0.07906684654736817,0.6807437500000009
689,1299,0.811875,96,1.4180363050615452,2.972640094821482,0.5100251775532044,0.06006025923912348,0.6435375436462152,0.18326665697573222,0.07925019377329835,0.681043750000001
690,1285,0.803125,96,1.415460701636709,2.9599983111842043,0.5092066880410763,0.05998851464976509,0.6435375436462152,0.1835003191378987,0.07969762377597837,0.6819625000000008
691,1306,0.81625,94,1.4270429536523614,2.956566611659506,0.5084643776712663,0.06038512159225692,0.6435375436462152,0.18375282660984368,0.08057065968354445,0.6808750000000009
692,1313,0.820625,92,1.4271391665664597,2.9483068723748076,0.5087669316188359,0.06041122207604143,0.6435375436462152,0.1837867316979925,0.08091246944871454,0.6806500000000009
693,1296,0.81,91,1.4301672278115112,2.9499353206069427,0.5083971373523405,0.06034209720917492,0.6435375436462152,0.18376144727763302,0.0806209397515846,0.6819625000000008
694,1322,0.82625,94,1.431549743046057,2.957128024080466,0.508584666359016,0.06018388019688365,0.6435375436462152,0.18395850865561086,0.07917647428509497,0.6805375000000009
695,1315,0.821875,94,1.427094232670078,2.9527612137904744,0.5089034482283239,0.060255212357668654,0.6435375436462152,0.18430363133873046,0.07918515879442134,0.680800000000001
696,1318,0.82375,92,1.4234356661639482,2.9493595837933486,0.5089254171636025,0.05995555377267056,0.6435375436462152,0.18440692813823165,0.07956845524715553,0.6803875000000008
697,1323,0.826875,93,1.425287037186794,2.9387978692453705,0.5087109938122037,0.06106339296690839,0.6949654043010178,0.18467354917768264,0.07939111409420697,0.6800125000000008
698,1325,0.828125,91,1.4305114908077643,2.9388504224961625,0.5096383529167943,0.059819614630814234,0.6435375436462152,0.1850116259108582,0.07989192268693857,0.6800687500000009
699,1316,0.8225,89,1.4274689855746758,2.943726728004695,0.5090138840132694,0.059266832404948906,0.6435375436462152,0.1849334087930621,0.08062294895116523,0.6809500000000008
700,1337,0.835625,88,1.4301185581537281,2.95873461429822,0.5094708686788038,0.05894120126539263,0.547680725241472,0.18519755183585945,0.08079828892123402,0.6798062500000008
701,1347,0.841875,87,1.4263494250349031,2.933044359756475,0.5095334361818711,0.058967573607724366,0.547680725241472,0.18581574713999605,0.08163112956586477,0.6789625000000009
702,1346,0.84125,87,1.4227925031222097,2.9364026733174646,0.5094571024792093,0.058200969273692914,0.4744652722203675,0.18602921725804694,0.08139471570381393,0.678643750000001
703,1341,0.838125,87,1.4286455381572876,2.943258900715163,0.5098038269888424,0.05851322283366419,0.4744652722203675,0.18591118924303737,0.08080600382300211,0.6786437500000008
704,1339,0.836875,86,1.421985764907127,2.947480795315435,0.5103521604695584,0.05830201906610718,0.4744652722203675,0.186062897530844,0.08100610027665242,0.6787562500000008
705,1338,0.83625,85,1.4074346576461618,2.9317222736474955,0.5097727588608963,0.05735077862178365,0.45452815273740665,0.18623733675388626,0.08168353918649432,0.678231250000001
706,1338,0.83625,85,1.406686023383329,2.9179779705365214,0.5102239159396018,0.057083098169459466,0.45452815273740665,0.18628155523336862,0.08102036929647152,0.6784937500000009
707,1340,0.8375,85,1.4021171617965484,2.91826391168498,0.5103975516109802,0.056662804603598994,0.45452815273740665,0.18629020866461654,0.08161225981395802,0.6783250000000008
708,1347,0.841875,85,1.405552057859512,2.9227377561978405,0.5100103992639319,0.056401897124344014,0.45452815273740665,0.18632122520053304,0.08121212857287324,0.677818750000001
709,1338,0.83625,84,1.423946571583089,2.9319945781832635,0.5102782439738591,0.05697965103782628,0.39069029419185686,0.18678746199853746,0.08084223361916783,0.6774062500000008
710,1319,0.824375,85,1.4353692049873492,2.9360824573777333,0.5103974815845396,0.05749319594720036,0.39069029419185686,0.18668514610361292,0.08077021509730173,0.6774250000000009
711,1332,0.8325,83,1.4203303486477419,2.912103108206551,0.5103021049385096,0.05690114307502503,0.39069029419185686,0.18668574607458965,0.08073148661454273,0.676656250000001
712,1331,0.831875,83,1.4313900701637454,2.91752311818495,0.5102339333247072,0.05709691696690182,0.39069029419185686,0.1867976994333335,0.08177381519008244,0.6770312500000009
713,1315,0.821875,83,1.4245380557972838,2.8794415711940275,0.5109457467203696,0.05686318473483936,0.39069029419185686,0.1871948654424378,0.08120481403994848,0.677818750000001
714,1305,0.815625,86,1.4288550209151636,2.879303143121604,0.5099722891624805,0.057394823395500096,0.4633593833616611,0.1872902684569545,0.08233725799969935,0.678325000000001
715,1311,0.819375,86,1.4376472129924984,2.868624500749408,0.5097079806885614,0.05767333470750507,0.4633593833616611,0.1875419421056366,0.08198601863690463,0.6774625000000009
716,1317,0.823125,86,1.4450129233175053,2.8725176995772785,0.5099431913344141,0.05794712168292068,0.4633593833616611,0.1876319453637485,0.081509260622932,0.677987500000001
717,1329,0.830625,86,1.4441857137656449,2.8655050826931423,0.5098295290081486,0.05773389715804156,0.4633593833616611,0.18789227100183756,0.08145507658594363,0.6772000000000008
718,1332,0.8325,88,1.4557119249842065,2.8825610239162565,0.5097529551796252,0.058948462221040256,0.5914336978609889,0.18779351017118726,0.08072629188310877,0.6770500000000008
719,1328,0.83,87,1.447276370556816,2.8922785945095746,0.5104675890490205,0.05852389821649484,0.5914336978609889,0.18754808095681977,0.08083686445220223,0.6765437500000009
720,1324,0.8275,89,1.4549103878105372,2.924595075343657,0.5104828446657621,0.058411709797485764,0.5914336978609889,0.1872023947030109,0.08180473581325333,0.6768250000000009
721,1309,0.818125,89,1.457097324753582,2.9284944789262775,0.5095387967524276,0.058981665666173744,0.5914336978609889,0.18739986659143845,0.08189681806373503,0.677481250000001
722,1326,0.82875,89,1.4582139089126547,2.9401970456676048,0.509752621893757,0.05929727820019929,0.5914336978609889,0.18721164256557016,0.08146884970350654,0.6769562500000009
723,1339,0.836875,89,1.4736403607771893,2.9537927728109103,0.5091488919930222,0.060327453579890014,0.5914336978609889,0.18716796610215583,0.08204880760892333,0.6760000000000009
724,1343,0.839375,91,1.4818959158554157,2.9583409081687493,0.5086426842841115,0.0607643427017135,0.5914336978609889,0.18751445821070897,0.08207947977058419,0.675700000000001
725,1341,0.838125,91,1.4964163653900642,2.9764270489437124,0.5093650652067537,0.06091144670566908,0.5914336978609889,0.18760959357216545,0.08166589074184384,0.6749500000000009
726,1336,0.835,92,1.5021195616352783,2.9726286879998263,0.5089012235502313,0.061298835261276226,0.5914336978609889,0.18782936713462475,0.08133659169197427,0.674668750000001
727,1344,0.84,94,1.5005059283520121,2.9768426448471,0.5091067196183809,0.0610148441616921,0.5914336978609889,0.18815004059376728,0.08140679441164374,0.6744812500000009
728,1337,0.835625,94,1.4993858863217389,2.957575008670494,0.5089195755621936,0.06138196265811053,0.5914336978609889,0.18836339052408196,0.08252939570710706,0.6752500000000009
729,1333,0.833125,93,1.4817953497395928,2.9176790799799646,0.5094735257319613,0.06028856101087817,0.5914336978609889,0.18901519733826533,0.08197412204198475,0.6757562500000008
730,1325,0.828125,94,1.474155956389493,2.91436008234853,0.509179509504213,0.06020400873377772,0.5914336978609889,0.18890711235196517,0.081870690715636,0.6754750000000009
731,1314,0.82125,95,1.462853443479176,2.895020509049733,0.5081158413739504,0.06026326200677324,0.6208347863433746,0.1887271237049967,0.08173402826787314,0.6758875000000009
732,1312,0.82,99,1.4620452721008586,2.8984355883975623,0.5075434613429651,0.0615982722182201,0.6855710687184602,0.18872086939524732,0.08226270589687905,0.676037500000001
733,1316,0.8225,99,1.4551070887918351,2.897640220858204,0.5073684141698472,0.06137928149696987,0.6855710687184602,0.18891531882719978,0.08171535481272117,0.6761500000000009
734,1314,0.82125,100,1.454849205278623,2.8970072391312223,0.507716738007602,0.061338231074815404,0.6855710687184602,0.18910950658856993,0.08208017045988925,0.6760187500000009
735,1307,0.816875,100,1.456350599093403,2.89094618662469,0.5077700409483303,0.06136866596234714,0.6855710687184602,0.18935255319294633,0.08258992395339723,0.6771437500000009
736,1317,0.823125,99,1.450660503956388,2.9050096373690026,0.5076399711931281,0.06103718238971789,0.6855710687184602,0.1893629317653665,0.08180515262820981,0.677087500000001
737,1321,0.825625,98,1.455802062213988,2.9086963065452456,0.5085426594115993,0.06136798286176383,0.6855710687184602,0.18955699404656112,0.08237360254425304,0.6766000000000009
738,1325,0.828125,99,1.4477975508180734,2.8965082917553104,0.5096818890588969,0.061115376761704414,0.6855710687184602,0.1896655452243167,0.08325624796379878,0.6763750000000011
739,1344,0.84,102,1.437606149290045,2.8818200311490383,0.5091163425116646,0.060784231908132126,0.6855710687184602,0.18989102605812336,0.08308655068907693,0.675531250000001
740,1341,0.838125,102,1.4380031476007726,2.8906026709682457,0.5088119599073972,0.061393651505139576,0.6934487107382827,0.18984028274119508,0.08286789024327798,0.675081250000001
741,1354,0.84625,102,1.4374913948971704,2.8938394954407416,0.5090324184063093,0.061470515317950024,0.6934487107382827,0.18993086985308769,0.0830862687927364,0.6745750000000009
742,1354,0.84625,100,1.4277374289708737,2.863750098415715,0.5087646854909761,0.06097840175711835,0.6934487107382827,0.18994882686753659,0.08290169942276829,0.6739562500000008
743,1360,0.85,102,1.4180533312237065,2.8759149454931476,0.508175287752509,0.06022691471622751,0.6934487107382827,0.1899489749794348,0.08125763569443374,0.672793750000001
744,1376,0.86,102,1.424195762023835,2.8879858970705574,0.5081988720392042,0.0607761180361152,0.6934487107382827,0.1901153307433169,0.08171884097383382,0.6717062500000011
745,1355,0.846875,102,1.4245179329736846,2.8939154328447314,0.5088869676949787,0.060729300348764274,0.6934487107382827,0.19018424816348373,0.0819414225286087,0.6721750000000009
746,1349,0.843125,100,1.4158950546224895,2.8853128989085803,0.5090998751132839,0.05919925567606204,0.6934487107382827,0.19028245384211145,0.08198786927439619,0.6721750000000009
747,1344,0.84,100,1.4188823791655725,2.883969681902138,0.5092398853186185,0.059547082326499565,0.6934487107382827,0.19056111548702562,0.0811198254734818,0.6720437500000009
748,1352,0.845,99,1.4119715127024182,2.860173084618392,0.5094938095673118,0.05837430186927746,0.6287124283631972,0.19084389347960753,0.0821618377726683,0.6723812500000009
749,1362,0.85125,97,1.419865022242112,2.855043044109349,0.5103762140595819,0.058606287018114114,0.6287124283631972,0.19098966650535218,0.08194052136518055,0.6714062500000009
750,1365,0.853125,96,1.416023494814354,2.836376275413814,0.5103355109074913,0.05846322642390076,0.6287124283631972,0.19082426778896647,0.08245035885305875,0.6707312500000009
751,1358,0.84875,96,1.419080578442948,2.842447961244663,0.5103131093561287,0.058763651283437024,0.6287124283631972,0.190884630315154,0.08240760326968234,0.671237500000001
752,1372,0.8575,94,1.4005642867017107,2.809265951257438,0.5100212443198457,0.058110926896364844,0.6287124283631972,0.19112575191645378,0.0820931841897893,0.6697937500000011
753,1359,0.849375,90,1.393923655420882,2.7929861588922007,0.5098841712929547,0.05732255203934341,0.5401206467049418,0.19087246705920707,0.08227051061955419,0.6704312500000009
754,1362,0.85125,89,1.4017384266538433,2.786795919550643,0.5107094932647778,0.05705212701171642,0.5401206467049418,0.190840941916019,0.08101511355024667,0.6689500000000009
755,1359,0.849375,86,1.382941396469831,2.7559275398302754,0.5104242861389023,0.056422856024466415,0.5401206467049418,0.1910591596685544,0.08007600969153537,0.668406250000001
756,1359,0.849375,83,1.379192381576561,2.7481658959909807,0.5109547755686634,0.05602408684094073,0.5401206467049418,0.19112572311895445,0.08133100289846784,0.6669625000000009
757,1350,0.84375,83,1.363427820116007,2.7322221767831856,0.5114472270168764,0.05555603315124087,0.5401206467049418,0.19130187031608165,0.08193913978390831,0.6675812500000009
758,1343,0.839375,84,1.3579057651537452,2.7264931916555732,0.5119455556846,0.055727188103992624,0.5401206467049418,0.19134925464788285,0.08205731283830062,0.6672812500000009
759,1362,0.85125,83,1.3472025141695108,2.716533238003414,0.5121393017864136,0.055196824894603216,0.5401206467049418,0.19126709474443135,0.08187066235049767,0.665631250000001
760,1353,0.845625,84,1.3509612723761883,2.7210086578100476,0.5119150693733524,0.05501606317810977,0.5401206467049418,0.19126927966080157,0.08203730338947138,0.665593750000001
761,1327,0.829375,84,1.3371948155573359,2.711562498682785,0.512137963563515,0.05435310230816393,0.5401206467049418,0.19118015587680487,0.08161391777738695,0.666456250000001
762,1311,0.819375,82,1.3487187927475406,2.7297525855317906,0.5120578907304879,0.05519229554996786,0.5401206467049418,0.19131400679230584,0.08158037431862696,0.6671125000000009
763,1306,0.81625,82,1.3546850014545937,2.7563607057085626,0.5123065007007017,0.05559109430529239,0.5401206467049418,0.1914168170434479,0.08208206191389576,0.667206250000001
764,1323,0.826875,81,1.350091268458719,2.756079011845002,0.5133039951849402,0.05443218388244556,0.5401206467049418,0.1912653600616075,0.08251964964292668,0.666512500000001
765,1316,0.8225,81,1.352834284618321,2.749542403582659,0.5132139261316196,0.054654270882127085,0.5401206467049418,0.1910081438621895,0.0826901776008883,0.6671312500000011
766,1321,0.825625,81,1.3459674750815163,2.7133014631385515,0.5128204419378858,0.05479037493249757,0.5401206467049418,0.19133415342010512,0.08181634832488609,0.666325000000001
767,1319,0.824375,82,1.3460856324641874,2.69597651254257,0.5135077079209713,0.055351389698216055,0.5449486675579802,0.19174790298159414,0.08188061577860523,0.665181250000001
768,1326,0.82875,82,1.3418449420463365,2.670811270612213,0.513060307798432,0.055349893255530365,0.5449486675579802,0.1919952624091741,0.08210054698916931,0.6649375000000011
769,1346,0.84125,82,1.3431560417601005,2.6763552984511083,0.5136112085057278,0.055928442351577595,0.6405323124898405,0.19221255400340678,0.0819651047170932,0.663925000000001
770,1348,0.8425,81,1.3346287866709834,2.647129044357405,0.5127842128833631,0.05577907764650792,0.6405323124898405,0.19235573477076434,0.08150280166480624,0.663625000000001
771,1350,0.84375,82,1.3376874467849877,2.641025046994429,0.512583872958898,0.05512418497139228,0.6405323124898405,0.1924145980963248,0.08147998801178581,0.6625937500000009
772,1350,0.84375,82,1.3244555415904455,2.62791233146515,0.5122253163424024,0.054456868884205575,0.6405323124898405,0.19255144440992464,0.0812133899902635,0.6623687500000011
773,1347,0.841875,83,1.3255809534538474,2.632037764009854,0.5118352098380488,0.05438391068734041,0.6405323124898405,0.192460143031078,0.0815436261232823,0.6623875000000009
774,1333,0.833125,81,1.3205088488643937,2.6073135141137476,0.5119252433033106,0.05417355593596248,0.6405323124898405,0.1925969299207939,0.08061291123721671,0.6625937500000009
775,1336,0.835,82,1.3312113602245954,2.609493094731146,0.5116619705536186,0.05551272150790322,0.8034007563084739,0.1926548350150986,0.0801695662606944,0.6618437500000011
776,1345,0.840625,80,1.329188136885562,2.5971957725748105,0.5121909611391939,0.055361116382050504,0.8034007563084739,0.19243393367599418,0.08023418192326964,0.661093750000001
777,1328,0.83,80,1.3313861936549676,2.59326894759426,0.5114566589854993,0.055075827813669015,0.8034007563084739,0.1927046787719889,0.08019851860983741,0.661412500000001
778,1318,0.82375,82,1.3420971787233325,2.5987131433240545,0.5115508040455302,0.0552814241532747,0.8034007563084739,0.19274901699662364,0.08085021055148335,0.661918750000001
779,1325,0.828125,84,1.348523150880275,2.603826496749694,0.5122030039530683,0.05649203073323322,0.9031330733906031,0.192893127579766,0.08142702798368479,0.661881250000001
780,1325,0.828125,84,1.3386054740994202,2.5757315502653806,0.5121582061197396,0.05641204901716386,0.9031330733906031,0.19300573743882346,0.08189358453792984,0.662125000000001
781,1323,0.826875,84,1.3302388724218024,2.5537386150686565,0.5109858857099961,0.05485114926068222,0.8034007563084739,0.1932633572244389,0.08223615869922214,0.662781250000001
782,1344,0.84,87,1.3395509351764647,2.554939342376456,0.5109315590666667,0.05674107011356516,0.8149737895674889,0.19328158531445064,0.08102811520603938,0.661318750000001
783,1354,0.84625,86,1.3376614955283452,2.5446367408179142,0.5107980192605999,0.05699894535188395,0.8149737895674889,0.1933762964465148,0.08115121848424477,0.660868750000001
784,1348,0.8425,88,1.344971551423815,2.583568012849498,0.5106710005552226,0.05725328446577814,0.8149737895674889,0.1933821334518921,0.08120328387103246,0.6606062500000011
785,1334,0.83375,87,1.3521762748351214,2.5889976640606074,0.51129607503787,0.05760953815915329,0.8149737895674889,0.19329303947364238,0.08149132935058717,0.661375000000001
786,1335,0.834375,89,1.344009941893656,2.578989890286053,0.5106092075870361,0.05706864842410229,0.8149737895674889,0.19355612430820304,0.08064319433981795,0.660493750000001
787,1337,0.835625,92,1.342736066539233,2.5775648024241766,0.5103399279389216,0.05726770908907296,0.8149737895674889,0.1936076506082934,0.08053056318999388,0.659800000000001
788,1340,0.8375,92,1.3475871259052394,2.6102952432778324,0.5105290027783567,0.05772374076344056,0.8149737895674889,0.19349142837813443,0.08044638631372636,0.6600437500000009
789,1348,0.8425,91,1.3474417229588742,2.6318328042696115,0.5114056339931081,0.057122719922272414,0.8149737895674889,0.1933814421422123,0.08076054712324793,0.658993750000001
790,1334,0.83375,92,1.3447320853902485,2.6340573648173553,0.5111426862465104,0.05669923042901254,0.8149737895674889,0.19327994255027695,0.08005018474084337,0.658768750000001
791,1334,0.83375,94,1.3464469699785542,2.6380652078471227,0.5113097388474435,0.05678567554477665,0.8149737895674889,0.19318403076784824,0.08058005020252146,0.657925000000001
792,1332,0.8325,94,1.3603116798049866,2.667010479501956,0.5118169086591496,0.057640545049747624,0.8149737895674889,0.19313044207359506,0.08053257446546865,0.657737500000001
793,1328,0.83,94,1.3551410905046126,2.6548806107026564,0.5108353350801116,0.05761331607199461,0.8149737895674889,0.1931287760922495,0.08135333899349537,0.6578500000000009
794,1339,0.836875,93,1.3600322395152327,2.659147868409556,0.5108246121909822,0.057835553241957646,0.8149737895674889,0.19307770586266323,0.08118193338464398,0.657025000000001
795,1328,0.83,92,1.3577017980223256,2.650789073521496,0.5103275317973797,0.058491973332964624,0.8149737895674889,0.1932604682454702,0.08138963942277709,0.657625000000001
796,1326,0.82875,93,1.3547154107912356,2.6527898484637484,0.5101711136734826,0.058330324999969575,0.8149737895674889,0.19341735963588655,0.08168960602740216,0.657943750000001
797,1336,0.835,93,1.354379823661209,2.6562127634153203,0.5102682609816371,0.057825237974754085,0.8149737895674889,0.19343278468675454,0.08170891386650199,0.656856250000001
798,1354,0.84625,93,1.3526173897012628,2.65478744398908,0.5103520737635103,0.058635450327018876,0.8149737895674889,0.19328878768980268,0.08092199367886717,0.6554687500000012
799,1340,0.8375,92,1.3409758714478843,2.642322566327129,0.5099480250005538,0.05770838495557164,0.8149737895674889,0.1934091697152149,0.08058889459614055,0.654493750000001
800,1330,0.83125,93,1.3516827434311243,2.667156375383344,0.5100769798415986,0.057941858000749136,0.8149737895674889,0.1936684061616383,0.08091489724312802,0.654981250000001
