tick,population,occupancy,n_lineages,shannon_eco,shannon_lin,mean_theta,theta_std,theta_range,mean_r,mean_fitness,mean_resource
1,19,0.011875,18,2.4791224365093933,2.871476118054867,0.4886512711731827,0.24671765953441213,0.834304962650759,0.15,0.07466466966124138,0.9999250000000001
2,20,0.0125,18,2.4582044327855743,2.857102837442002,0.48526905459694836,0.24373046156352937,0.860077248540358,0.14999999999999997,0.07560698418466355,0.999775
3,23,0.014375,19,2.532757537181371,2.8943995444300383,0.4972237993479229,0.2298774483689298,0.860077248540358,0.14999999999999997,0.07665146049410712,0.9994749999999999
4,25,0.015625,20,2.508825821267811,2.941616952644222,0.49821959356547507,0.22494568456726408,0.860077248540358,0.15,0.07255258443562104,0.99925
5,26,0.01625,20,2.50191220744863,2.918057526079795,0.5037593176040335,0.22230969196761002,0.860077248540358,0.14999999999999997,0.07377091970544078,0.9991749999999999
6,31,0.019375,21,2.5446472296793146,2.936158557953129,0.5121858077297842,0.23478330189533253,0.8802557723280389,0.15000000000000005,0.07654040125073885,0.9987999999999999
7,36,0.0225,21,2.4856594849756872,2.8998105932736875,0.5011519932745743,0.2290131999127805,0.8802557723280389,0.15000000000000002,0.07813903422978417,0.998425
8,39,0.024375,22,2.4677190255894295,2.898974984656414,0.49562770436640735,0.2212640532926261,0.8802557723280389,0.15000000000000005,0.0786406089685677,0.9982
9,38,0.02375,21,2.3987971120827565,2.858177615990883,0.4835525480537604,0.21005603018894317,0.860077248540358,0.15000000000000005,0.07877375295128215,0.9981812499999999
10,42,0.02625,21,2.3727765987830396,2.848554827429511,0.4852111843131758,0.201673613303779,0.860077248540358,0.15000000000000002,0.07645024015705125,0.9979374999999999
11,44,0.0275,22,2.430766155269696,2.884367774956053,0.46983487219696723,0.19643763697705638,0.860077248540358,0.14964427472405809,0.07893392220526281,0.9976937499999999
12,44,0.0275,21,2.4375315796175494,2.8156118599229734,0.4540832516621118,0.19923538463503257,0.860077248540358,0.15000000000000002,0.07832272497859301,0.9975437499999998
13,46,0.02875,22,2.4624137893903724,2.829896549564439,0.44378589868602203,0.19477063859676777,0.860077248540358,0.15000000000000005,0.07735115712515445,0.9973375
14,48,0.03,21,2.387504042846437,2.744605613927064,0.4430356501573402,0.19174273181412751,0.860077248540358,0.15,0.07713357107815419,0.99715
15,50,0.03125,21,2.3603707488712873,2.7074184212737755,0.4419017894455731,0.18716643542718564,0.8359824244879218,0.15000000000000002,0.07913131523116046,0.9969625
16,50,0.03125,21,2.3262909133174636,2.7131500152718067,0.4465250243667828,0.1838216206492661,0.8359824244879218,0.15000000000000002,0.08033777777946019,0.99683125
17,56,0.035,22,2.2987070632192204,2.7190453846648914,0.4496214182228471,0.18297175917887132,0.8359824244879218,0.15,0.08348472679501284,0.9963437500000001
18,60,0.0375,22,2.2410725049396327,2.7539375119033562,0.4590239012328813,0.17661621593754906,0.672977997340375,0.15000000000000002,0.08522541260088458,0.9959125
19,68,0.0425,23,2.214874579914592,2.7829742217828124,0.4627430380969373,0.18199610475880257,0.672977997340375,0.15000000000000002,0.08741144398497237,0.99529375
20,72,0.045,24,2.190381149238099,2.739256595541405,0.46382861254122904,0.18123216022725183,0.672977997340375,0.15,0.08921387723285829,0.9949937500000001
21,75,0.046875,23,2.1911727715558644,2.710491103395906,0.46099607166479484,0.185017139097704,0.672977997340375,0.15,0.08823731516381958,0.9947125000000001
22,81,0.050625,25,2.229744568956678,2.824416191460137,0.46953269006909676,0.18679973384766044,0.672977997340375,0.1499385422076821,0.0902564428363121,0.99424375
23,86,0.05375,26,2.247820239077007,2.8479212484726677,0.46712167680110894,0.18071129344796344,0.672977997340375,0.1498842306702849,0.09089263230632628,0.993775
24,91,0.056875,26,2.2430705598483964,2.843793866615175,0.4724048271682976,0.17625319343165236,0.672977997340375,0.14989059162246704,0.09036684375901065,0.9933812499999999
25,97,0.060625,26,2.220049657075447,2.823515048453934,0.47059517049588895,0.1798257828269078,0.8035347961059741,0.14984603872646135,0.08872442877081502,0.99281875
26,103,0.064375,25,2.157697881060305,2.759666732711145,0.4734231956727191,0.17487007848168556,0.8035347961059741,0.1498550073443374,0.09116413167563926,0.9923874999999999
27,111,0.069375,24,2.1319117067475486,2.7231860161501755,0.46896471571275394,0.17091556336161998,0.7968753891850258,0.14982060968728825,0.09324573809023959,0.9918625
28,112,0.07,25,2.1015579714452803,2.7312024683660066,0.45833191839931864,0.16729512169042032,0.7968753891850258,0.14982221138650895,0.09268568178781884,0.991375
29,118,0.07375,25,2.0793505630548306,2.7150606549876506,0.46089100522987353,0.16394688315356254,0.7968753891850258,0.14983125148549994,0.09096426347509676,0.9908500000000001
30,120,0.075,26,2.101480219084067,2.752466432302682,0.4695852319555004,0.16597699372448316,0.7968753891850258,0.1497925799509271,0.09098905081291223,0.99056875
31,133,0.083125,27,2.088557122815022,2.730018682144149,0.4661910212133625,0.16291598666481086,0.7968753891850258,0.1497754249092745,0.09089703695923736,0.98981875
32,134,0.08375,28,2.0969811959757028,2.758550901565047,0.4632136792071628,0.16013713933498666,0.7968753891850258,0.14988855042139368,0.08855278063928287,0.98929375
33,147,0.091875,29,2.0905618105952843,2.7645539372015926,0.4648673855841607,0.15930813458759516,0.7968753891850258,0.14986454200876873,0.08946166379983372,0.98858125
34,154,0.09625,28,2.0951265278219453,2.754366067947602,0.4693574610606466,0.1628928347310369,0.6764905707215736,0.1498706991901883,0.09084503713482975,0.98815
35,162,0.10125,28,2.078940380703042,2.7382823646260794,0.4719270281496027,0.16080410265029743,0.6764905707215736,0.1498770844153642,0.09031817220610604,0.9875687500000001
36,170,0.10625,28,2.0803103572683117,2.6868982614590826,0.4650611120383114,0.16673214970232644,0.7976989085935535,0.14991215150862794,0.08905471050964181,0.9869874999999999
37,172,0.1075,28,2.1024480950207267,2.7309308908493,0.45816552738143695,0.16796668794314426,0.7976989085935535,0.14991317300271367,0.08777456393216373,0.98655625
38,173,0.108125,28,2.1357287985155673,2.7548031528754584,0.46540595644772437,0.17146729601539965,0.7976989085935535,0.14985612482145233,0.08877385867962241,0.9859937500000001
39,182,0.11375,30,2.1325967815822855,2.757208647758408,0.46308611397728117,0.17655387903746886,0.8133354573234134,0.1499515175949489,0.08906828791080128,0.9853000000000001
40,189,0.118125,30,2.127461766845812,2.732373225002415,0.4634890398410066,0.17726557509479443,0.8133354573234134,0.14995331323958044,0.08915544213134496,0.98453125
41,202,0.12625,30,2.1340902501496015,2.751057085688084,0.46211869619420715,0.1789884945347873,0.8133354573234134,0.14995631783307278,0.0891586739308071,0.9833875000000001
42,206,0.12875,30,2.099622273643331,2.717715345856082,0.45820402491490564,0.17716794947957984,0.8133354573234134,0.1499330005878784,0.08954956064843007,0.98314375
43,215,0.134375,30,2.084997829003676,2.7174251529316686,0.458433320925807,0.17666662647490844,0.8133354573234134,0.15001053362452277,0.09046414466548647,0.9826375
44,224,0.14,29,2.0709115941493454,2.6806037125640163,0.4607569709784202,0.17770254246423678,0.8133354573234134,0.15001011039853754,0.09163216313904732,0.9818125000000001
45,231,0.144375,29,2.064079441528222,2.668930340010823,0.4602664610393508,0.17544202517775878,0.8133354573234134,0.14996670375288698,0.09236335056350861,0.98093125
46,243,0.151875,30,2.0329045079725985,2.6332172519824244,0.4606316371766621,0.16993089389037572,0.8133354573234134,0.149810184448155,0.09314489279022539,0.9798625
47,244,0.1525,31,2.0476902006799684,2.647943881614639,0.4641292167088694,0.17136648855602976,0.8133354573234134,0.14982880748337946,0.0930803884656069,0.979375
48,252,0.1575,31,2.008728603656683,2.6494138176569804,0.4640465526975588,0.16712565396537304,0.7172590106451749,0.14985152075788696,0.09411534300342954,0.9785875
49,263,0.164375,30,1.9942309008798271,2.6223765829734136,0.4633421264940526,0.16671008421528435,0.7172590106451749,0.14981987478567305,0.09319940136297161,0.977575
50,280,0.175,30,2.0043825144623684,2.6482209893105395,0.4621930786176906,0.166163038985529,0.7172590106451749,0.14987969128534143,0.09387234295933317,0.9764875
51,284,0.1775,31,1.9986419516048668,2.660625584913903,0.46010616757153766,0.16435614115719926,0.7177166848805874,0.14988138577428028,0.09426949905036906,0.9760375
52,293,0.183125,34,2.0215690299664844,2.7015582909652407,0.46111191654637523,0.16589832155178674,0.8152292784424262,0.14993986405482956,0.09553553975320217,0.97489375
53,310,0.19375,36,2.055643535060106,2.7402678568075935,0.46493003215687084,0.16666938661262176,0.8939160240128621,0.1499271035060881,0.09566071511473409,0.9734875
54,314,0.19625,34,2.0526129263359336,2.7074930096307845,0.46871880725514026,0.1692209643600372,0.8939160240128621,0.14999505342749841,0.09695198811852057,0.9726625
55,332,0.2075,35,2.041769947360831,2.7233491053101644,0.47236181218609513,0.16738577241814284,0.8939160240128621,0.14997844824976483,0.09654057596515801,0.9710875
56,348,0.2175,34,2.02104144382515,2.7041359539184127,0.4733561594649442,0.16664541329226573,0.8939160240128621,0.15003552410297508,0.09706183029164481,0.969775
57,361,0.225625,38,2.0119576755973774,2.720391522449896,0.4761390756853961,0.16946426790848843,0.9228182679169186,0.15003647712597531,0.09571228197696074,0.9682000000000001
58,374,0.23375,38,2.0142617469976605,2.7233260586923578,0.4777298640770466,0.170294142647356,0.9228182679169186,0.15003520920448418,0.0951679430476463,0.9672437500000001
59,388,0.2425,39,2.0249277787480775,2.7297204894358496,0.4859757359201802,0.17358211526987302,0.9228182679169186,0.15003393876927085,0.09587534993248392,0.96559375
60,411,0.256875,42,2.0301090997879836,2.742580772522489,0.48178503999006933,0.17248418954435626,0.9228182679169186,0.15001713174930142,0.09519746711116943,0.9640000000000001
61,426,0.26625,40,2.0210017577203434,2.744969771960437,0.4808277907925937,0.171551643043477,0.9228182679169186,0.1501145527661091,0.09591042742518562,0.9622562499999999
62,443,0.276875,41,2.011815117674565,2.7321120797155234,0.47524886193670357,0.17016967842059216,0.9228182679169186,0.15009839899301808,0.09501793791386051,0.960025
63,464,0.29,42,2.021515074591231,2.7604994139448866,0.4761216823541315,0.16976129800779285,0.9228182679169186,0.15006171839398294,0.09520464873568472,0.9583375000000001
64,473,0.295625,42,2.025739329501987,2.7627889956803346,0.4788470508053678,0.1717256799847331,0.9228182679169186,0.1499511915304028,0.0952374357403487,0.957175
65,490,0.30625,44,2.0355772105038046,2.8037179934158982,0.47623649398382795,0.17296513354240195,0.9228182679169186,0.14984447210636737,0.09485951358583328,0.95554375
66,523,0.326875,44,2.0320340732257254,2.8047384503141854,0.47729576281063757,0.17298049070377158,0.9228182679169186,0.1498352488905631,0.09417043480332045,0.9527500000000001
67,543,0.339375,44,2.018665528466466,2.8055550818312582,0.479070461913358,0.17232951467608215,0.9228182679169186,0.14988531842560518,0.0933092873232985,0.9504625
68,553,0.345625,43,2.0349468235418535,2.8167206546090497,0.4805105342487733,0.1712231355686653,0.9228182679169186,0.14991573395523888,0.09201130275472756,0.9487749999999999
69,574,0.35875,44,2.0146756734701734,2.7911032890585137,0.47986208977359235,0.17134304429291156,0.9228182679169186,0.14990147162873105,0.09278818109958077,0.94718125
70,595,0.371875,41,2.0157439273107345,2.759279111327404,0.48156124812695805,0.1725451927049127,0.9228182679169186,0.1499641722174825,0.09228094314731854,0.9453812500000001
71,599,0.374375,43,2.0102581114253404,2.780717923645879,0.47799025413093194,0.1706680206758795,0.9228182679169186,0.14997819037434418,0.09273638531526283,0.94425625
72,637,0.398125,46,2.0023840457564717,2.806128008536863,0.4778523540391383,0.1704370761215438,0.9228182679169186,0.1499648193882512,0.09246747028648368,0.9415937500000001
73,668,0.4175,48,2.0040647655024086,2.812434714271578,0.47907879329866443,0.17107449240940661,0.9228182679169186,0.15007886383332456,0.09271499161039791,0.93900625
74,682,0.42625,46,2.0086361303295597,2.8107230692770644,0.4764694282453049,0.16922854494208117,0.9228182679169186,0.1502108113373092,0.09284210610112163,0.9375625000000001
75,705,0.440625,46,1.9982237168531676,2.7949797673913004,0.4725656162785775,0.17016329682558945,0.9228182679169186,0.15021099491237253,0.0933902026641069,0.9355937500000002
76,733,0.458125,46,2.00160523884617,2.801646518894634,0.47436611974968806,0.17033496918307528,0.9228182679169186,0.15020913167347028,0.09381296053844332,0.9329125
77,758,0.47375,50,2.024117136990365,2.862898147201707,0.47531006429864503,0.17044770449455116,0.9228182679169186,0.15017865704483654,0.09312617886495804,0.930625
78,782,0.48875,52,2.0343294184195955,2.873990041295261,0.47450291378125575,0.17064636375183095,0.9228182679169186,0.15026893571202296,0.0929570170567926,0.9280187500000001
79,807,0.504375,51,2.032144948457843,2.8802818410564734,0.4735175870524395,0.16870224479629678,0.9228182679169186,0.15032038179767737,0.09317658222667208,0.9252250000000001
80,819,0.511875,53,2.0309450186353026,2.8763482355661627,0.47506461778502224,0.16880161542795916,0.9228182679169186,0.15034686982506867,0.09312115616138085,0.9236125000000002
81,839,0.524375,53,2.0236178924492796,2.867462304454127,0.4774548200371442,0.1690401664337444,0.9228182679169186,0.1503934387232404,0.09307730532508521,0.9209875
82,865,0.540625,54,2.0177007348868536,2.8603315528799707,0.4778012739688503,0.1685341994697851,0.9228182679169186,0.15036941893695588,0.0931655061349829,0.9182875000000001
83,893,0.558125,53,2.030276482124666,2.8646114444309627,0.4779835166434462,0.16738790713910853,0.9228182679169186,0.15046325978278485,0.09266430488706802,0.9155687500000002
84,926,0.57875,57,2.031985296863623,2.895425101593677,0.4767994480503321,0.1664580909109434,0.9228182679169186,0.15045046702986015,0.09183479280830509,0.9131125
85,955,0.596875,61,2.029994628669446,2.9060516662885814,0.47823531046015527,0.16663919377034342,0.9228182679169186,0.15054975951764962,0.09159960880017744,0.90985
86,980,0.6125,62,2.023597289940766,2.9152332006093333,0.4776777991156416,0.16670662140708584,0.9228182679169186,0.15055136925172277,0.0904685494821427,0.9070562500000001
87,993,0.620625,59,2.017194591927879,2.8905403262241074,0.47682296169926863,0.16558256746966749,0.9228182679169186,0.15061794428111058,0.09087516281437454,0.904525
88,1012,0.6325,58,2.0268169414325135,2.8901983954157133,0.4809825594612601,0.16535471990670259,0.9228182679169186,0.15046237752056413,0.09087590059528985,0.90235
89,1041,0.650625,61,2.033354584972796,2.9219402956499287,0.4809109893540246,0.16604656391249328,0.9501834814334873,0.1505539618053162,0.09043762953987297,0.8991624999999999
90,1057,0.660625,60,2.0414608852433633,2.9264211997890195,0.4808132988332625,0.16582370856173112,0.9501834814334873,0.15047340409268492,0.090579486656274,0.8964812499999999
91,1078,0.67375,62,2.0465140054817956,2.9311165117665006,0.47993538352404064,0.16600005386412722,0.9501834814334873,0.15052478253571905,0.0904391516368007,0.8941187500000001
92,1098,0.68625,64,2.059277273035613,2.9527964745083684,0.4805220513505375,0.1661937877752755,0.9501834814334873,0.15050277435857273,0.08984591300727135,0.8920750000000001
93,1107,0.691875,64,2.0721091254834083,2.9582381963334043,0.4802379880079283,0.16716033381175321,0.9501834814334873,0.1504823469688632,0.09001089979293612,0.8901812499999999
94,1124,0.7025,65,2.0810423143338843,2.959231680641168,0.4822018916469421,0.16777703675639455,0.9501834814334873,0.15051328161654304,0.09023792191047049,0.88804375
95,1126,0.70375,62,2.074862137883794,2.9492953970111855,0.4814274154179104,0.1662431975683868,0.9501834814334873,0.15046923451770122,0.08979664994227218,0.8858875
96,1153,0.720625,63,2.0743865049823595,2.9591046993321024,0.47838861865850557,0.16640679466407635,0.9501834814334873,0.1504770466824702,0.08952939829232545,0.8831875000000001
97,1184,0.74,62,2.0747181118506743,2.96524575531165,0.4788091346131693,0.16557539094143384,0.9501834814334873,0.15048917121732455,0.08890796027437183,0.8801687499999999
98,1206,0.75375,60,2.0677839479530324,2.9692658124220075,0.47684016664779894,0.16382270786239977,0.9501834814334873,0.15048280002537975,0.08887122716366713,0.8779375
99,1236,0.7725,61,2.068738889393601,2.992863019569475,0.4776363045626734,0.1633735819363643,0.9501834814334873,0.1505627744200781,0.0887201718514537,0.8746937500000002
100,1248,0.78,64,2.0838868855613666,3.01786370446603,0.4791356040768822,0.16347921445114091,0.9501834814334873,0.15055976614426803,0.08833975442896246,0.8717500000000001
101,1260,0.7875,67,2.094555767821659,3.028063780177988,0.48063350013066614,0.16375927530964868,0.9501834814334873,0.15054567112006284,0.0884026260387482,0.86965
102,1264,0.79,67,2.1063324832518493,3.0372522453799475,0.48305104384238634,0.16456071968132185,0.9501834814334873,0.15057467144227366,0.08847263429754519,0.8680375000000001
103,1254,0.78375,68,2.1082200068939727,3.0271963689079713,0.4819031979994639,0.16446667925307662,0.9501834814334873,0.1505495039532837,0.0879906649203617,0.8666125000000001
104,1247,0.779375,67,2.104159836902361,3.0142171860463027,0.48238798400699423,0.16407894622662075,0.9501834814334873,0.15049481582643406,0.08722639202811683,0.866275
105,1253,0.783125,69,2.114787421290435,3.033978328936301,0.48113900544803184,0.16423103254643998,0.9501834814334873,0.15058488977315687,0.08737676184525524,0.8642500000000001
106,1280,0.8,71,2.1158567802401014,3.03931488047414,0.4805057091347158,0.16456987484674515,0.9501834814334873,0.15065310947462499,0.087818206975898,0.8617562500000001
107,1284,0.8025,71,2.1189223449047034,3.0401748091385734,0.4841161541239976,0.16548382734390457,0.9501834814334873,0.15061850274850225,0.08834912805728781,0.85984375
108,1279,0.799375,71,2.116544321093576,3.0259150792326874,0.4846852509080757,0.16582369918387035,0.9501834814334873,0.1505699087907449,0.08791129240617197,0.85898125
109,1294,0.80875,73,2.119205086086323,3.0280757952285153,0.48553161650977666,0.165679894133251,0.9501834814334873,0.15053893383607728,0.08850807874524318,0.8569
110,1292,0.8075,74,2.124792030649587,3.0370035584837374,0.48444049274490397,0.1653440811617179,0.9501834814334873,0.15054124387106071,0.08878155923293252,0.8555687500000001
111,1296,0.81,75,2.121231819903535,3.0426891662320292,0.4836854456088677,0.16423855245027372,0.9501834814334873,0.15063288560492372,0.08809314718071827,0.8539937500000001
112,1293,0.808125,75,2.1165378879951096,3.0287864298856437,0.4838988635686489,0.1629569467428775,0.9501834814334873,0.15056995650845145,0.08789091191185149,0.8519125
113,1308,0.8175,77,2.1302620501947924,3.041519783590204,0.48473995480450494,0.16361846927085294,0.9501834814334873,0.15047236935275204,0.08763663312970045,0.8496250000000001
114,1318,0.82375,78,2.1289010093900735,3.0455245187806588,0.48409946477852156,0.1637390932316671,0.9501834814334873,0.150509598024835,0.08730235417007766,0.8478625000000001
115,1310,0.81875,79,2.140714333726795,3.068596218809008,0.4861363836195551,0.1645020363736446,0.9501834814334873,0.15056460027645596,0.08724645240384982,0.8460625
116,1314,0.82125,81,2.137570578163523,3.0740592005781284,0.48609380686866477,0.16445545047749055,0.9501834814334873,0.15057987476113202,0.08646290175052014,0.84454375
117,1342,0.83875,86,2.1492637910134524,3.096808216969266,0.4865937169076678,0.16526318042084875,0.9586749786916953,0.15050983601917453,0.08639523995649341,0.84135625
118,1330,0.83125,89,2.153155626499598,3.112232373469841,0.48577118425610727,0.1652114214718359,0.9586749786916953,0.1505950223422649,0.08639738715304787,0.8404
119,1345,0.840625,89,2.1456324833376863,3.1001754262510444,0.4858486277447453,0.16417204209510797,0.9586749786916953,0.15068739897689554,0.08660665935243586,0.8378312500000001
120,1357,0.848125,87,2.1476003001172925,3.0970882072591155,0.4866575374739585,0.16452824646530234,0.9586749786916953,0.1507200488246187,0.08646302432347178,0.83531875
121,1366,0.85375,87,2.144772479069178,3.1096149628760212,0.48411150949408227,0.16273026417062067,0.9586749786916953,0.1507187551754082,0.08608081553242737,0.83333125
122,1357,0.848125,84,2.1586954529018327,3.094505195746794,0.48495812364589014,0.16443752675632559,0.9586749786916953,0.1507501658118978,0.08671959050638987,0.8321312500000001
123,1357,0.848125,83,2.1491881744865307,3.088875831177026,0.48371620663129555,0.1627683427757953,0.9586749786916953,0.15085199066876506,0.08605244396685122,0.8299375000000001
124,1369,0.855625,85,2.1550711269100224,3.1028225305937505,0.485043186429295,0.16256827601717067,0.9586749786916953,0.15106129570633597,0.08570799105735373,0.82763125
125,1366,0.85375,85,2.159724728262336,3.0965816333214273,0.48548924130589133,0.1635393457832857,0.9586749786916953,0.15102665137074572,0.08553310225227635,0.8259437500000001
126,1352,0.845,85,2.160233176431695,3.1007140312145864,0.48550914208949186,0.1643322811575281,0.9586749786916953,0.15108797790158623,0.08533509996885645,0.82496875
127,1350,0.84375,82,2.167538132183784,3.092554106680437,0.48643371540831976,0.16531057018475595,0.9586749786916953,0.15113262785861906,0.08495552190332295,0.8233562500000002
128,1350,0.84375,80,2.1596334731937317,3.0952431296970317,0.4883186997248758,0.164807019849556,0.9501834814334873,0.15120156879853522,0.08515009252075444,0.8214437499999999
129,1360,0.85,81,2.172503283189103,3.1111783587093877,0.49058833750440967,0.16688129494549622,0.9501834814334873,0.15125647106826565,0.08484506102069907,0.8198875000000001
130,1355,0.846875,81,2.187401681207184,3.1259471035645547,0.4899113809192839,0.16757314683991395,0.9501834814334873,0.15118267790468506,0.08504962514002878,0.81825625
131,1343,0.839375,80,2.1898257431276487,3.1199122895753497,0.49137372268442353,0.1677849115834682,0.9501834814334873,0.15122702427175094,0.08513033844309945,0.81671875
132,1338,0.83625,79,2.189918798393463,3.1148973256513153,0.4917642891600905,0.1688700556244399,0.9501834814334873,0.15114156545025378,0.0845050476671894,0.8149187500000002
133,1330,0.83125,78,2.195042925413421,3.123906856780596,0.49190621382555916,0.16930132977742765,0.9501834814334873,0.1512103592529859,0.08442744716993307,0.8140750000000001
134,1323,0.826875,78,2.194468467159529,3.1169126432760903,0.4920839905529487,0.16851833566652252,0.9501834814334873,0.15112521194952327,0.08417039230286916,0.81345625
135,1325,0.828125,76,2.1853677639982965,3.098668853524887,0.4943434167486375,0.1684748513664498,0.9501834814334873,0.15108993885951041,0.0840532189990446,0.8121062500000003
136,1327,0.829375,76,2.176144400721039,3.0863714983197448,0.4936919948335319,0.16849404646134378,0.9501834814334873,0.15104771935621053,0.08360070803855847,0.8109812500000001
137,1316,0.8225,77,2.186870576850664,3.1026093272432957,0.49294901627976756,0.16906832610086125,0.9501834814334873,0.150957746796622,0.0837089924617961,0.8099312500000001
138,1329,0.830625,75,2.1742133226319376,3.097892270787494,0.49368877804942285,0.16746999212619434,0.9501834814334873,0.1510013016424168,0.0835012558277104,0.8078687500000001
139,1329,0.830625,76,2.174772051201249,3.1110335621375924,0.49163941562941194,0.16609495293564838,0.9501834814334873,0.15097837923423196,0.08402347314179759,0.8066125000000001
140,1345,0.840625,76,2.1597675395804945,3.1019865560920588,0.49312592668352495,0.16546804577637486,0.9501834814334873,0.1511009447743462,0.08400827140108288,0.8040625
141,1351,0.844375,76,2.150322634340837,3.089441989328221,0.49077138165034767,0.1652047040315019,0.9501834814334873,0.15110933864826673,0.08298521281358734,0.8029375000000002
142,1348,0.8425,77,2.1666635620289276,3.1018654013677045,0.4905821151458442,0.16618680857085885,0.9501834814334873,0.15108035233841233,0.08279907231471614,0.8013625000000002
143,1350,0.84375,76,2.1754933371940153,3.099464365008765,0.49053085818018427,0.16612730251466598,0.9501834814334873,0.15112820730128376,0.08333890664561476,0.799
144,1351,0.844375,75,2.1745604610627214,3.0971479664262027,0.4915245094444318,0.1657012162601242,0.9501834814334873,0.15114026316227583,0.08301130443926799,0.7980812500000001
145,1355,0.846875,74,2.1784581627460216,3.0949932516605587,0.4902953157111418,0.16589366365274805,0.9501834814334873,0.15116530677355866,0.0824644715665169,0.79669375
146,1352,0.845,76,2.1949408867475078,3.1099867492501367,0.4896009961793643,0.167956574028014,0.9501834814334873,0.1511319082897127,0.08212485319144491,0.7949875
147,1337,0.835625,75,2.193631216898481,3.101169545261214,0.49073280433229916,0.16824496241973727,0.9501834814334873,0.15105013875563264,0.082153938017344,0.7939750000000001
148,1336,0.835,74,2.1923407960801575,3.097481990839354,0.49118834912998816,0.16732545221360934,0.9501834814334873,0.15109387838066474,0.0819173904170871,0.7932250000000001
149,1333,0.833125,74,2.196813406275207,3.0940786393315696,0.49207869010742594,0.16874106865239202,0.9501834814334873,0.15104700441308302,0.08203108212172733,0.7921187500000001
150,1326,0.82875,74,2.2001115110051717,3.101439289373956,0.4922811890660491,0.16845478577614129,0.9501834814334873,0.1512225103426588,0.08193596041751579,0.7910312500000001
151,1326,0.82875,74,2.1911406054224583,3.111812582248308,0.49147028670474474,0.16691049431625501,0.9501834814334873,0.1512562090458768,0.08108074848450933,0.7899812500000002
152,1320,0.825,74,2.190395555693747,3.1042754719661136,0.49035783084302287,0.16648196464804038,0.9501834814334873,0.1512323449765408,0.08074136014466803,0.7887437500000002
153,1335,0.834375,75,2.195924857303894,3.1210883638370706,0.49097779425463683,0.16637381622448733,0.9501834814334873,0.15120686233710648,0.08036685338732882,0.78715
154,1323,0.826875,74,2.1963513252444073,3.117304468922501,0.49325759255639556,0.16593148278175976,0.9501834814334873,0.15119161975934967,0.08043772660059549,0.7858750000000001
155,1313,0.820625,74,2.1948237032563584,3.1217152708724973,0.49264581914599487,0.16597036579107638,0.9501834814334873,0.15113423886055702,0.08008770785300603,0.7848625000000001
156,1309,0.818125,74,2.2050930038446657,3.1338401478903717,0.4914008249082255,0.16719977110514456,0.9501834814334873,0.15111509101189138,0.0802798437138107,0.7847500000000001
157,1299,0.811875,75,2.2121610810599552,3.133273886725319,0.4920803819809515,0.16820796221913867,0.9501834814334873,0.15108870037023198,0.08022397547095035,0.7838312500000001
158,1305,0.815625,76,2.208866667455629,3.1416931502328485,0.49314633706509187,0.16826515847947873,0.9501834814334873,0.15103048221160253,0.08034201088966154,0.7827250000000001
159,1315,0.821875,76,2.213759082207927,3.131121866393406,0.4926926613765442,0.16843311622143275,0.9501834814334873,0.1509763546267264,0.08033006106497916,0.7811687500000001
160,1291,0.806875,79,2.2196117993317173,3.146674386012375,0.49399318364520634,0.16983137665989467,0.9501834814334873,0.15107115709986943,0.08034129754668624,0.7812437500000001
161,1296,0.81,78,2.2242875116935967,3.156560060250764,0.4930908766040542,0.17004037649734952,0.9501834814334873,0.15119650662555584,0.08015910268090089,0.7802687500000002
162,1298,0.81125,79,2.2339597711266515,3.1594975642594103,0.494454342353021,0.17131260155980466,0.9501834814334873,0.15136643830955943,0.08045592466593879,0.7798375000000002
163,1290,0.80625,78,2.2265664243028827,3.1537272434502865,0.4947234489723931,0.17057657954674385,0.9501834814334873,0.15144855539121338,0.0803800681262863,0.77985625
164,1299,0.811875,77,2.226212703423687,3.1480716302897784,0.4952342203141435,0.17165942450628618,0.9501834814334873,0.1514009498857748,0.07991314112475707,0.7789000000000001
165,1307,0.816875,79,2.2314303580683332,3.1709419457640897,0.49435965871888893,0.17159783716401703,0.9501834814334873,0.151498382874172,0.07999613058999473,0.7774000000000001
166,1304,0.815,78,2.2415938966324913,3.175740107733236,0.49578436883499527,0.1708102875165753,0.9501834814334873,0.1513993022018642,0.08000005396593436,0.7762937500000001
167,1295,0.809375,79,2.235109096827744,3.163475425538709,0.4977208657699884,0.17050437194811002,0.9501834814334873,0.15145320204265836,0.07965491997288278,0.7755062500000001
168,1309,0.818125,81,2.2252924235642193,3.159418592530777,0.49995670989915664,0.16882402276142627,0.9501834814334873,0.15152302320159794,0.07975856705080527,0.7748500000000001
169,1297,0.810625,79,2.2255731452593444,3.1553649129234436,0.49846990288972176,0.16912781661696585,0.9501834814334873,0.1515671696366887,0.07946142418455365,0.77475625
170,1310,0.81875,80,2.2176444062308587,3.1661455676422134,0.49882456583529733,0.16910703024771623,0.9501834814334873,0.15161938451217513,0.07957272912730937,0.7736500000000001
171,1318,0.82375,81,2.211640227456684,3.1780040958927316,0.500716245697701,0.16953394664691013,0.9501834814334873,0.15169428523994513,0.07992077481970408,0.7727687500000002
172,1308,0.8175,79,2.2019708814450447,3.1645688725396437,0.5012730261344651,0.16922049092909763,0.9501834814334873,0.15181039279618513,0.07995309294280509,0.7723562500000001
173,1320,0.825,79,2.1946052600200954,3.169293514799609,0.5000374662503709,0.16806080429160544,0.9501834814334873,0.15184814994243512,0.07954711660510515,0.7711937500000002
174,1320,0.825,79,2.2022682594808014,3.1766195635869097,0.5002361066313862,0.16826005918945253,0.9501834814334873,0.15183435193538847,0.07964569189780893,0.7700500000000002
175,1312,0.82,79,2.2021903887612084,3.1765214308350487,0.5001580634332494,0.1673399181356465,0.9501834814334873,0.15196676479206248,0.07920144752432395,0.7694500000000002
176,1308,0.8175,80,2.220530275992489,3.177273879782109,0.500149562648255,0.1691819209534135,0.9501834814334873,0.15195166653570794,0.0791532444499902,0.76961875
177,1322,0.82625,82,2.2291787512357306,3.1835152876028205,0.5001011492027598,0.16945810776983602,0.9501834814334873,0.15201368279759206,0.07918736333239802,0.7687
178,1321,0.825625,82,2.2236642791039922,3.190506709563309,0.5011430899385058,0.16889301429694503,0.9501834814334873,0.15196207037677997,0.07866355544224211,0.7681000000000001
179,1330,0.83125,81,2.220786983407504,3.1890876360711937,0.5016233051638967,0.16759161477189302,0.9501834814334873,0.15198627223764155,0.07851061718288065,0.7664312500000001
180,1341,0.838125,81,2.21666541196482,3.173620338763656,0.5018911173613299,0.16692002298643815,0.9501834814334873,0.15202650913166302,0.07907280682418809,0.76515625
181,1335,0.834375,82,2.215219846321208,3.180328039015763,0.4999127538181447,0.16573529108771057,0.9501834814334873,0.15205439803123588,0.07855710849991347,0.7643875
182,1327,0.829375,82,2.228776370798439,3.1913669077114015,0.5002501358066097,0.1654593343266403,0.9501834814334873,0.15210849180341598,0.07838316014186154,0.7633187499999999
183,1332,0.8325,78,2.219831518373901,3.1795540587409605,0.5006630308675653,0.16538426519709723,0.9501834814334873,0.15210252492498846,0.07792173444993987,0.7626250000000002
184,1327,0.829375,79,2.220696532743838,3.198310118923613,0.5002068137472436,0.1638032943956841,0.9501834814334873,0.15219159905287216,0.07813474351112461,0.7617812500000001
185,1324,0.8275,76,2.218336614526675,3.1939190066532612,0.5012555397187977,0.16410267546823382,0.9501834814334873,0.15223873240955513,0.0787105257166439,0.7608812500000002
186,1321,0.825625,77,2.216176337511183,3.198653897474596,0.5009406379900645,0.16445755981093063,0.9501834814334873,0.15232402555606922,0.07833040484295656,0.7611812500000003
187,1316,0.8225,76,2.2139406710769345,3.2013365775042537,0.5009111721977586,0.1636016696377571,0.9501834814334873,0.15229568375692232,0.07823090681718277,0.7612562500000002
188,1325,0.828125,78,2.2097805856046087,3.2015636559246032,0.5038360620075903,0.16310300991491444,0.9501834814334873,0.15234276291531057,0.07869636185786867,0.7603750000000001
189,1332,0.8325,77,2.2021926041150133,3.195434539991851,0.5030846042675423,0.16314787677750184,0.9501834814334873,0.15241941443803886,0.07890889609129056,0.7590625000000002
190,1330,0.83125,77,2.207249646973504,3.20562057728556,0.5035141941082304,0.16366027085995555,0.9501834814334873,0.15241882766733428,0.07900165831754082,0.7581250000000002
191,1332,0.8325,78,2.2100250141944033,3.1937486911586044,0.5057452208622435,0.16489867982968656,0.9501834814334873,0.15249626740087177,0.07920843895469278,0.7576
192,1335,0.834375,77,2.2069900628615153,3.181185928024951,0.5065068407372797,0.1647194377246419,0.9501834814334873,0.15243682038154088,0.07896067966909566,0.7575062500000002
193,1325,0.828125,77,2.204559434734895,3.1634237667680862,0.5068248056948127,0.1652177661412811,0.9501834814334873,0.15245302902501384,0.07908704534213437,0.7570000000000001
194,1322,0.82625,74,2.199732633005043,3.1498133375496047,0.5078677197757295,0.16515912904698501,0.9501834814334873,0.1524286457039856,0.07952926640608106,0.7567750000000001
195,1330,0.83125,74,2.200346256897102,3.1527551015285384,0.5081636513448807,0.1650430271977841,0.9501834814334873,0.15247536590144858,0.07949397380839297,0.7559875000000003
196,1343,0.839375,75,2.1991588234888333,3.1605691433518213,0.5070578656701761,0.16480117404239,0.9501834814334873,0.15248694813057345,0.07908805759622442,0.7545812500000001
197,1340,0.8375,78,2.2014125819506836,3.169092563256455,0.5069143886210239,0.1651143198366759,0.9501834814334873,0.15252830441987925,0.07891919787656271,0.7535500000000002
198,1337,0.835625,76,2.1962419252379637,3.158160719705508,0.5074543199316324,0.16492805257952822,0.9501834814334873,0.15269702870853596,0.07872204487443504,0.7528187500000001
199,1339,0.836875,75,2.2076915409511737,3.1849654502032045,0.5068299453069377,0.16608972933021307,0.9501834814334873,0.15265290719570226,0.07851067366126097,0.7516375000000002
200,1350,0.84375,75,2.200317568544924,3.16844597078855,0.5090716690902508,0.16558820753570358,0.9501834814334873,0.152675943169225,0.07870564949438054,0.7501375000000001
201,1342,0.83875,74,2.1912916334212076,3.149386929254084,0.5076759345130682,0.16499201909375433,0.8021159246726725,0.15273489484153674,0.07859610501431365,0.7496125
202,1341,0.838125,75,2.1860734723249573,3.1461438259867487,0.5063971474817147,0.16599478510458934,0.8021159246726725,0.1527265929320109,0.078252003804381,0.7487875000000002
203,1343,0.839375,75,2.198136607841561,3.1522110255675524,0.5075091342064153,0.16782405698823452,0.8021159246726725,0.15271687848362764,0.07895774454630083,0.7480937500000002
204,1332,0.8325,76,2.205198223932067,3.1650031470857023,0.505967575728432,0.1682761311569987,0.8021159246726725,0.15278105066093975,0.0786142477334279,0.7475875000000002
205,1309,0.818125,74,2.197151382532434,3.160854488345538,0.5059393053627498,0.16893915459710224,0.8021159246726725,0.15289190402690375,0.07798714057225237,0.7481500000000003
206,1300,0.8125,77,2.1985793801674576,3.1867037005210985,0.5035308377003098,0.16975805270986824,0.9125546818243898,0.15287119465723886,0.0774921558639408,0.7475875000000002
207,1299,0.811875,77,2.185495990732794,3.1790701347599875,0.5017934093774163,0.16783795423939527,0.9125546818243898,0.15280605198211678,0.07747650837149377,0.7466500000000003
208,1297,0.810625,80,2.1917914626386747,3.202989655248746,0.5021224244448362,0.16662787197568366,0.9125546818243898,0.1528148548316234,0.07675558709224169,0.7461437500000002
209,1292,0.8075,81,2.1923944321248827,3.21985123264755,0.5044659230037194,0.16616157959766004,0.9125546818243898,0.15286310915469753,0.07589706967893363,0.7461437500000002
210,1285,0.803125,82,2.1939936595366114,3.2415196466503615,0.5053144415312552,0.16634297663341502,0.9125546818243898,0.15288579242065875,0.07660338583313453,0.7458250000000001
211,1282,0.80125,82,2.1965979830977598,3.244953130290659,0.5028571000747373,0.16575879087173792,0.9125546818243898,0.15276864464174944,0.07691788477475814,0.7462562500000002
212,1293,0.808125,80,2.198358192944364,3.240406108490234,0.501935993690052,0.16426601423365145,0.9125546818243898,0.1528207555497516,0.07680418939722697,0.7455625
213,1295,0.809375,79,2.199826101787829,3.243631952122089,0.5019714654259989,0.16479632832207713,0.9125546818243898,0.15284328857010257,0.07702402238463789,0.7448125000000002
214,1290,0.80625,78,2.195205843151407,3.2421966670935216,0.5034465372392524,0.164967679487228,0.8878225602868969,0.15295849305152306,0.07735231776147365,0.7447562500000001
215,1276,0.7975,77,2.2051102343296787,3.252267370326431,0.5049918117848979,0.16566943501507095,0.8878225602868969,0.15289677237526614,0.07782391291424004,0.7457687500000002
216,1295,0.809375,79,2.2106659126626838,3.2509490706276774,0.506086000443447,0.16695366931484104,0.8878225602868969,0.1529136726520606,0.07815772990395009,0.7446625000000001
217,1276,0.7975,81,2.221928166049475,3.2768409627585444,0.5067229522940668,0.16760011193837768,0.8878225602868969,0.1529503928338911,0.07757131819865187,0.7455812500000002
218,1282,0.80125,82,2.212084174554945,3.271695906196599,0.5046946736405425,0.16675056995624257,0.8878225602868969,0.153112458772551,0.0775036344246107,0.7457500000000001
219,1278,0.79875,81,2.2083623515632507,3.2768422531702788,0.5077776949487156,0.1669204214232053,0.9270412194195361,0.153226414040583,0.07749798084884187,0.7454125000000001
220,1274,0.79625,81,2.207204181389633,3.288887315038301,0.5068192201713437,0.16513731797606487,0.8731550924424986,0.15327649410266161,0.07792635640746201,0.7458625000000001
221,1280,0.8,80,2.207534876848349,3.2990854878977487,0.5074812733204542,0.1644234643477474,0.8021159246726725,0.15334891212071428,0.07828227111875208,0.7449625000000002
222,1296,0.81,80,2.2130564859701036,3.3094385048771677,0.5068555156847704,0.16313601675756711,0.8021159246726725,0.15340802724730682,0.07803387450749677,0.7443625000000001
223,1304,0.815,78,2.2034939179584923,3.311382972141921,0.5083506097284415,0.16267551024090188,0.8081546228647042,0.15358638122767004,0.07786235957680047,0.7435000000000003
224,1304,0.815,78,2.2088601414874454,3.3262118357995885,0.5063014410919034,0.16130344699387805,0.8081546228647042,0.1536901273813267,0.07783719690598763,0.7432375000000002
225,1306,0.81625,80,2.205581716078718,3.327101273224215,0.5039587456226081,0.16084622437171406,0.8081546228647042,0.1536656055869556,0.07678087826296473,0.7428437500000001
226,1306,0.81625,79,2.2124614446461583,3.3264437081227385,0.5040848278367697,0.1624085583692483,0.8081546228647042,0.15364561910259866,0.07629983689610186,0.7429000000000002
227,1312,0.82,80,2.2142913751475994,3.3289908170627798,0.5043808632654223,0.16395123668915512,0.8081546228647042,0.1536258128446216,0.07641981194348736,0.7423750000000001
228,1321,0.825625,80,2.209313838869668,3.3253171408519266,0.5046582739163958,0.16472917657710243,0.8081546228647042,0.1537100404198746,0.0764899435712637,0.7412875000000002
229,1313,0.820625,79,2.21715122213034,3.3298250924471273,0.5073846831396857,0.16589907683827937,0.8081546228647042,0.1539302157902879,0.07582088120959311,0.7409125000000002
230,1319,0.824375,80,2.221267453421351,3.334440524778094,0.5082727790696873,0.16577519222806178,0.8081546228647042,0.15404443218616334,0.0762657295526368,0.7406500000000003
231,1319,0.824375,81,2.221122745696429,3.3327910689798412,0.5074611939436192,0.1653217906997723,0.8081546228647042,0.15408436117886462,0.07620845650225011,0.7398812500000003
232,1318,0.82375,80,2.2109867126171263,3.316889478878465,0.5056501272120257,0.16372815439596217,0.8081546228647042,0.15410649088688652,0.07624148067793665,0.7398812500000003
233,1311,0.819375,80,2.2142615186938936,3.3153392871043845,0.5041164617277321,0.16295824414852422,0.8081546228647042,0.15405114648339793,0.07596995320853751,0.7402562500000002
234,1312,0.82,80,2.211229312957488,3.307360109978399,0.503541813928213,0.1629800367509673,0.8081546228647042,0.15402726933314378,0.07603254039584909,0.7401062500000002
235,1314,0.82125,82,2.2149423523537517,3.310538734003105,0.5051436784009063,0.16410178801443864,0.895468866167618,0.1541151970926382,0.0757834500211097,0.7401250000000001
236,1314,0.82125,82,2.214493157568102,3.3175772298611945,0.5054537926761496,0.16289099439962282,0.895468866167618,0.15421564891314402,0.07565903978301637,0.7393750000000001
237,1306,0.81625,81,2.2200092863474277,3.301270178799766,0.506419412039586,0.16326289363817065,0.9067550493436166,0.15423082421160322,0.07562339346787135,0.7391125000000001
238,1271,0.794375,79,2.201350677197757,3.2851089615383233,0.5036998442967733,0.1614349606616803,0.9067550493436166,0.15430957472203014,0.07552712941565949,0.7400312500000003
239,1273,0.795625,80,2.204995059082193,3.2998604958724354,0.5039559917792296,0.1607777728493495,0.9067550493436166,0.15444218565554016,0.07526332453331085,0.7393937500000001
240,1262,0.78875,82,2.204849428105578,3.3142090599383875,0.5061791238510628,0.1600476423793066,0.9067550493436166,0.15451496112135057,0.07498846513321698,0.7402750000000001
241,1241,0.775625,82,2.20899047916917,3.3085798491206306,0.5058224510083904,0.16020664628737424,0.9067550493436166,0.15454498878144213,0.07507788122583568,0.7411375000000002
242,1243,0.776875,80,2.209059948252478,3.312173612448257,0.5061024349848908,0.1597199663190455,0.9067550493436166,0.15462746916995923,0.07486293501084963,0.7419812500000001
243,1246,0.77875,80,2.2001643412363405,3.2998807604739078,0.5063929630688359,0.1583250351751015,0.9067550493436166,0.15446806732225815,0.07441701048619406,0.7419062500000001
244,1246,0.77875,82,2.2082840903791556,3.320011393341722,0.5073637061574097,0.15903254405075698,0.9135709204309186,0.15458561786258157,0.0746407580912647,0.7424687500000001
245,1240,0.775,83,2.2154804501842564,3.3330175201515972,0.5055743520754832,0.15855999277845897,0.9135709204309186,0.15465809798694438,0.07429554409340253,0.7425812500000002
246,1241,0.775625,87,2.2362989058410316,3.342397769612078,0.5037317626995257,0.15873873420840226,0.9135709204309186,0.15466039742217697,0.07436434142542772,0.7425812500000003
247,1237,0.773125,88,2.250578140057567,3.3677268288830744,0.5032396299447017,0.15741785303371605,0.9135709204309186,0.15481012233768948,0.0749586810742803,0.7429937500000002
248,1226,0.76625,89,2.241692630127359,3.3615768525813516,0.5051314819976253,0.15692186377282652,0.9135709204309186,0.15479562721148646,0.07461074619630458,0.7441187500000003
249,1217,0.760625,90,2.2409132501843816,3.3660964771582313,0.5058824571036872,0.15572406405590128,0.9135709204309186,0.15480642348224324,0.07439837415296453,0.7459187500000002
250,1203,0.751875,86,2.240127819969366,3.351937214837954,0.5065213659281884,0.15483034920558897,0.9135709204309186,0.15483788682492536,0.0745093545009151,0.7463500000000002
251,1212,0.7575,85,2.2407041627593567,3.3530747045575158,0.5063841103401413,0.15560757683594106,0.9135709204309186,0.15469639504970376,0.07447343078917971,0.7468562500000001
252,1205,0.753125,82,2.2439165982291334,3.3457376462086508,0.5077799213114191,0.15481408925435983,0.9067550493436166,0.15471908752705976,0.07497297400393832,0.7472500000000002
253,1215,0.759375,82,2.237585608986589,3.3315969104280736,0.5087610741042017,0.1547793774274086,0.8081546228647042,0.15464105999188135,0.07497981724121151,0.7463125000000003
254,1227,0.766875,82,2.2459174596090468,3.3277909159596195,0.5083847300694229,0.15537204248972503,0.8081546228647042,0.15466532863227664,0.07460589166052577,0.7466687500000002
255,1220,0.7625,82,2.236419797279358,3.3167975035699246,0.5096975518133002,0.1535374973879021,0.8021159246726725,0.1545814906657758,0.07439728971636515,0.7475500000000003
256,1217,0.760625,81,2.2465959216669766,3.3235663060872738,0.5103089739071758,0.15492248208392764,0.8021159246726725,0.15467201051086313,0.07475357704137282,0.7480937500000002
257,1218,0.76125,82,2.2470042099285026,3.3339506643009247,0.5121298532643013,0.15524955567367033,0.8021159246726725,0.15472522465317481,0.07532809277874455,0.7484875000000002
258,1214,0.75875,82,2.2499576340516825,3.338277442896564,0.5097176894302005,0.15537700845556088,0.8021159246726725,0.15487173135851917,0.07570858657004902,0.7485437500000002
259,1220,0.7625,80,2.2519095806362204,3.3372932419517642,0.5104317182982298,0.15612801387666156,0.8021159246726725,0.1549075297719679,0.07520376173959757,0.7486937500000002
260,1237,0.773125,81,2.2496791338835793,3.3479094969125525,0.5096147811594071,0.1547403615135659,0.8021159246726725,0.15498828662219719,0.07559855310905769,0.7483187500000003
261,1241,0.775625,80,2.250715890285501,3.3468919660293808,0.5112578270121361,0.15599588601377082,0.8021159246726725,0.1549812367101904,0.07602164187341959,0.7486937500000002
262,1251,0.781875,80,2.250130959259332,3.36542886281329,0.5125135563944332,0.15617679126434242,0.8021159246726725,0.15504010071055532,0.0757650837325699,0.7482062500000002
263,1232,0.77,82,2.2508758223395455,3.3928186489535,0.513923801939006,0.15568268764736598,0.8021159246726725,0.15515906599381185,0.07614739322523909,0.7491250000000003
264,1253,0.783125,83,2.249576167781405,3.3876685516920726,0.5135665135558387,0.1550283694712038,0.8021159246726725,0.15514425786629354,0.07655339649732806,0.7484500000000003
265,1264,0.79,84,2.25830860611175,3.399902122979439,0.5141135957100851,0.15480921834974287,0.8021159246726725,0.1551084079508104,0.07758172912717975,0.7482250000000001
266,1272,0.795,85,2.252997753216249,3.409053554452203,0.5126270429670697,0.1556209274424791,0.8021159246726725,0.1550629161971774,0.07721332260922449,0.7470437500000002
267,1277,0.798125,87,2.2541901310637544,3.4224186856174676,0.5119381643186793,0.15375582463374252,0.8021159246726725,0.1549937199968222,0.07739142917397272,0.7470437500000002
268,1281,0.800625,87,2.2525200649638926,3.4382403726316393,0.5100339921325263,0.1537144107210795,0.8021159246726725,0.1549623775140933,0.07703734914435019,0.7460875000000002
269,1276,0.7975,86,2.2669360529348714,3.444383584594416,0.5108715700104235,0.15439179955796323,0.8021159246726725,0.1550000310701682,0.07714400467131022,0.7463500000000002
270,1274,0.79625,87,2.2733263486119646,3.467489534611219,0.5115260695417686,0.15459412657735597,0.8021159246726725,0.1549944124482808,0.07650881081780134,0.7462750000000002
271,1266,0.79125,88,2.2626619866677613,3.4554645286428545,0.5126845160918266,0.15495682936650304,0.8021159246726725,0.15500765537625383,0.07630938428569435,0.7464062500000003
272,1275,0.796875,89,2.265507280878375,3.4684630894264785,0.5116536291604703,0.15505838272734235,0.8021159246726725,0.1550393700071334,0.07572848921202403,0.7454312500000003
273,1255,0.784375,90,2.264174765772819,3.4772620121678406,0.5103126957286505,0.15309907909562648,0.8021159246726725,0.15498701292115705,0.07585143021564811,0.7467437500000003
274,1248,0.78,93,2.2567953009209036,3.4829309724898736,0.510543408981359,0.15336655274613264,0.8021159246726725,0.15493961465525827,0.07618088347185581,0.7474187500000002
275,1252,0.7825,93,2.2563970831070126,3.48965712075846,0.5104116734740449,0.15245290853927432,0.8021159246726725,0.15489665346481443,0.0757725373416909,0.7472312500000002
276,1255,0.784375,93,2.2584940625744263,3.487273274904667,0.5111243918215191,0.15256042301685982,0.8021159246726725,0.15492651478815841,0.07585600371394266,0.7470437500000002
277,1244,0.7775,94,2.25525237297686,3.4973867575665176,0.5124418339515118,0.15241445888790733,0.8021159246726725,0.15496599243669576,0.07591018757936094,0.7475312500000001
278,1233,0.770625,96,2.2491283684325962,3.519736467380409,0.511813412115444,0.15036999500829223,0.8021159246726725,0.1548348707096743,0.07551795277311708,0.7478875000000003
279,1233,0.770625,95,2.24389701355844,3.5162335668448192,0.5133328903483503,0.1491472734932924,0.8021159246726725,0.1549531883958164,0.07598987930243434,0.7475125000000002
280,1255,0.784375,95,2.246727382131719,3.5219694388539535,0.5141668188912075,0.1489315835803426,0.8021159246726725,0.1551244165261108,0.07515347475939624,0.7462187500000002
281,1261,0.788125,96,2.2423390031682784,3.5199490502304407,0.5162661308118786,0.14937402344108586,0.8021159246726725,0.15528309733895987,0.07456984612316933,0.7451500000000002
282,1263,0.789375,96,2.237117141749591,3.526946524068489,0.5184826143227834,0.14923051054238318,0.8021159246726725,0.155285194644894,0.07547401543391863,0.7450750000000003
283,1283,0.801875,96,2.241177937775143,3.5250996928164744,0.5206824410150784,0.14947526574343137,0.8021159246726725,0.1553630046464954,0.0748806639269707,0.7438937500000002
284,1282,0.80125,95,2.2481043742865863,3.5339965746961206,0.5223925001214565,0.15008275587921288,0.8699640528760652,0.15538088272298606,0.0755297365771321,0.7440250000000003
285,1278,0.79875,95,2.2455573786245417,3.5337144628560635,0.5238262431077196,0.1512815316468804,0.9253661961413628,0.1553429364217698,0.07566689037931688,0.7434812500000002
286,1283,0.801875,98,2.2381046936593654,3.5288173552772593,0.5240169410663247,0.15078337966093297,0.9253661961413628,0.1553574678606123,0.07537417026975748,0.7426000000000001
287,1284,0.8025,99,2.2394266780003496,3.514478445731999,0.5243484293340833,0.15201742567549567,0.9253661961413628,0.155300351902717,0.07526902099220015,0.7419625000000002
288,1294,0.80875,98,2.2485180170183754,3.5069054671609514,0.5243402652807866,0.15299426912678465,0.9253661961413628,0.15528074520961738,0.07538432474881104,0.7419437500000002
289,1295,0.809375,99,2.2518617608248306,3.502380304845522,0.5245273068303674,0.1537284620056946,0.9253661961413628,0.15525038542872682,0.07574153895712743,0.7420000000000002
290,1279,0.799375,98,2.248337931849459,3.4958079891307765,0.525549602983675,0.15548986352164995,0.9253661961413628,0.15523311879125976,0.07561926889247583,0.7429375000000001
291,1297,0.810625,94,2.2442031842074694,3.4807481997016327,0.5262618831595981,0.15658690428922134,0.9253661961413628,0.1552974524278412,0.07601623122123367,0.7414937500000002
292,1284,0.8025,94,2.245721234147949,3.4904909629896794,0.5260001432390059,0.1575622197394711,0.8699640528760652,0.1551733448971069,0.07615303591933996,0.7418312500000003
293,1278,0.79875,93,2.2393658129192087,3.498283322490485,0.5263657460979141,0.15579739607108054,0.8021159246726725,0.15512825515284293,0.07561520531391563,0.7419062500000001
294,1277,0.798125,91,2.237978525682784,3.480793337773302,0.5246442407432305,0.15580734419951872,0.8021159246726725,0.15505847448946097,0.07546662592606022,0.7421312500000002
295,1263,0.789375,89,2.239298611145707,3.4658049265699704,0.5252518977302032,0.15616411394662993,0.8021159246726725,0.15514750406177866,0.07557317430938701,0.7424500000000003
296,1285,0.803125,88,2.2402669432222737,3.455895664961048,0.5265745155311136,0.15525372509821173,0.8021159246726725,0.15522360824099804,0.07500204500991364,0.7415875000000003
297,1279,0.799375,87,2.2275088223181227,3.4520810637191395,0.5265609960973736,0.1545232772223679,0.6360120034352511,0.1552784330259411,0.07517445733928654,0.7410812500000002
298,1264,0.79,87,2.2310467593920333,3.4601728472341784,0.5274259212033284,0.15359955249094365,0.6360120034352511,0.15518434827477684,0.07556656571389866,0.7415500000000003
299,1275,0.796875,87,2.2381015295007742,3.443877797987423,0.5289419190962488,0.15419494657001123,0.6360120034352511,0.15516936316599947,0.07546311913013545,0.7414750000000002
300,1278,0.79875,88,2.2412880226952536,3.4525048913210306,0.5299441928215635,0.15416830648854846,0.6360120034352511,0.1552270583381675,0.07595351323566499,0.7414187500000002
301,1279,0.799375,88,2.246502903707655,3.4574974604275734,0.5315611262739105,0.1534848203670665,0.6566761957005526,0.15535100510522562,0.07651267392059735,0.7409125000000003
302,1284,0.8025,88,2.247657532113521,3.454148210971741,0.5317035134573527,0.15389169583125517,0.6566761957005526,0.15548900120175363,0.07687084729573926,0.7404250000000002
303,1279,0.799375,90,2.246424834815758,3.4648653742774105,0.5327033842225813,0.1541777506878652,0.6566761957005526,0.15566514895787964,0.0769233015644664,0.7409312500000003
304,1272,0.795,89,2.2364033483296515,3.465858621342734,0.5327716190164254,0.15343178744884514,0.6566761957005526,0.15564229684221473,0.07665428903536292,0.7416250000000002
305,1263,0.789375,89,2.243767961444699,3.48229381859657,0.533502518270173,0.1530027187790546,0.6566761957005526,0.15566434008335572,0.07692421160815133,0.7417000000000001
306,1260,0.7875,87,2.2355013468974936,3.4637282003522256,0.5328180494337227,0.15270248676492634,0.6566761957005526,0.15573882070420078,0.07732463199822093,0.7422437500000004
307,1257,0.785625,86,2.237035569818533,3.4579476810651477,0.5324187385886101,0.15177590465629803,0.6566761957005526,0.1556173878973588,0.07752835842115939,0.7425437500000003
308,1263,0.789375,87,2.230657470326215,3.4490111772808096,0.5324209116174918,0.15132540025836003,0.6566761957005526,0.15550083909810242,0.07728544912663275,0.7426562500000002
309,1277,0.798125,89,2.2299810998703733,3.4584479087752493,0.5314862892630595,0.15059403219063333,0.6566761957005526,0.15556774000282267,0.07680222142131092,0.7422812500000002
310,1280,0.8,91,2.2376188337858953,3.4690291816177248,0.5318134538454624,0.15114983506359458,0.6566761957005526,0.15559351018505801,0.07610424874075199,0.7414187500000002
311,1271,0.794375,91,2.229841331307657,3.450621718277063,0.5328714087815897,0.1515427851648595,0.6566761957005526,0.15557041021670134,0.07647578253571888,0.7414562500000003
312,1283,0.801875,92,2.2341336467021264,3.4601531873209534,0.5322741189655483,0.15084528968199312,0.6566761957005526,0.15546484135302618,0.07610730630785188,0.7403875000000002
313,1276,0.7975,91,2.241895267229541,3.4547746206997982,0.5345291513255203,0.15133063957710968,0.6566761957005526,0.15560046944498657,0.07619396987104393,0.7399750000000003
314,1289,0.805625,89,2.239238860544509,3.4447185275955583,0.5333919892761388,0.15100647052604577,0.6566761957005526,0.15566865033116087,0.07728759750619439,0.7390187500000002
315,1278,0.79875,88,2.238971577466433,3.445614734429057,0.5315987080490389,0.15041019720987223,0.6566761957005526,0.1557874000614075,0.07800780476240315,0.7387187500000002
316,1274,0.79625,87,2.2429171603507125,3.449202570007044,0.5311476887923183,0.14996302523581165,0.6566761957005526,0.15594953160222802,0.07782221887301422,0.7380062500000002
317,1270,0.79375,84,2.247022725399807,3.433070535304872,0.5314695198588875,0.15030728525416104,0.6566761957005526,0.15599734582594219,0.07783771098310839,0.7379687500000003
318,1273,0.795625,83,2.239109762707779,3.411225701346791,0.5320772384381096,0.15114733303709765,0.6566761957005526,0.15604808093912878,0.07750039605438983,0.7376687500000003
319,1267,0.791875,84,2.2398678495805715,3.413060523722709,0.5318593186762448,0.1529080409031813,0.6566761957005526,0.15610951940694912,0.07757158561135365,0.7378187500000003
320,1267,0.791875,84,2.250847900819983,3.413307938736703,0.5321538507458142,0.15296766845585585,0.6566761957005526,0.15627538857120038,0.07825577312633024,0.7374437500000002
321,1264,0.79,83,2.254858252368982,3.4149566961088964,0.5326565682906856,0.152843262078775,0.6566761957005526,0.15631189114328592,0.07818347758001097,0.7375937500000004
322,1270,0.79375,84,2.2519387367754375,3.420863504169566,0.5314994965980626,0.15225481841267763,0.6566761957005526,0.15635281107782853,0.07818302042853409,0.7372562500000002
323,1267,0.791875,84,2.2543865827559757,3.4048951264941003,0.5314806657695574,0.15304527458990616,0.6566761957005526,0.1563960293172261,0.07872650846408268,0.7370687500000003
324,1286,0.80375,87,2.2656172630647315,3.431369347474953,0.5330500305987527,0.15354492989181454,0.7838720955472894,0.15646984690701207,0.07888413542672361,0.7365062500000001
325,1299,0.811875,86,2.271792067575446,3.420898959086691,0.5342963907569762,0.15408616313164375,0.7838720955472894,0.1563267277206882,0.0785212276152588,0.7358687500000002
326,1303,0.814375,85,2.2718462029429194,3.4167454796147543,0.534626227873218,0.15373405221316166,0.7838720955472894,0.15640264579203714,0.07869280553526288,0.7347625000000002
327,1302,0.81375,85,2.265439648638355,3.4250032910126453,0.5350430966848975,0.15350739334543875,0.7838720955472894,0.15625625452246988,0.07872346271087619,0.7345187500000003
328,1296,0.81,84,2.2583027988221254,3.4172307985715102,0.5331656822984622,0.15315876528164388,0.7838720955472894,0.1561554269402234,0.07834500699560745,0.7342750000000003
329,1301,0.813125,83,2.2533052714292348,3.417858057972291,0.5326719285158065,0.15258839911040864,0.7838720955472894,0.1561718640995194,0.07871849946783116,0.7329625000000002
330,1321,0.825625,83,2.2527891959188073,3.419354394760239,0.5311094380556118,0.15308777351025185,0.8045041726034127,0.15609024678065375,0.0783643229699841,0.7317437500000002
331,1329,0.830625,85,2.2570203185336086,3.427311867270885,0.5301624195354848,0.15320501687902496,0.8045041726034127,0.15614749010601225,0.07825632796131789,0.7305250000000002
332,1323,0.826875,83,2.2620860769117606,3.429460958815775,0.5319386089126548,0.15383396095892143,0.8045041726034127,0.1563920346978083,0.0776709985756086,0.7300750000000003
333,1335,0.834375,84,2.2606148688233274,3.435196774498009,0.5305273148676415,0.1537584233981892,0.8045041726034127,0.15652140473158124,0.07776919110153983,0.7282562500000003
334,1325,0.828125,83,2.2510552834114628,3.443340313751116,0.5299169113609487,0.15174215582361514,0.8045041726034127,0.1563648578935497,0.07735347627963297,0.7282562500000002
335,1315,0.821875,84,2.2560447969845745,3.44180082666753,0.5311172487430088,0.15150260798389553,0.8045041726034127,0.15636934453072207,0.07738555125331273,0.7281437500000003
336,1295,0.809375,83,2.256996918184297,3.4442228113498974,0.5313524612138321,0.1513576030961753,0.8045041726034127,0.156346805931905,0.07742217559635277,0.7287062500000002
337,1300,0.8125,85,2.250506200714197,3.448894704003591,0.5342514601350838,0.15098072559284062,0.8045041726034127,0.15646956600134948,0.07719980173685811,0.7283312500000002
338,1315,0.821875,84,2.248676999350264,3.445719102284892,0.5330256437113939,0.1511371046274345,0.8045041726034127,0.15656589602107546,0.07686983004470133,0.7270750000000001
339,1312,0.82,84,2.2498259922045682,3.439138899444096,0.5326730335696985,0.15123254511103643,0.8045041726034127,0.15662188586242584,0.07686471662732744,0.7264187500000002
340,1301,0.813125,84,2.240236136614141,3.4234203249558606,0.5320624721954909,0.15037179185951136,0.8045041726034127,0.15653818114840753,0.07617183248163176,0.7263250000000002
341,1300,0.8125,82,2.2371381221296938,3.408089331377684,0.533180258123991,0.15072590159825425,0.8045041726034127,0.15657741384062118,0.07681097018534311,0.7255562500000002
342,1299,0.811875,83,2.2433046520438706,3.4197024224739554,0.5340861932106314,0.1511483345806683,0.8045041726034127,0.1567658977096836,0.07651719661318493,0.7257812500000003
343,1289,0.805625,83,2.252866261964098,3.430394696124924,0.5339511287230585,0.1511867478416145,0.8486328943998975,0.1567618992671645,0.07633278771207085,0.7259687500000003
344,1288,0.805,83,2.2475684482580425,3.4274858300031252,0.5319068787863276,0.15089515010215523,0.8486328943998975,0.1567168539374188,0.07642022911075944,0.7248250000000002
345,1302,0.81375,83,2.248908668442236,3.427121401796304,0.5309780563654197,0.1498082863426166,0.8486328943998975,0.15680271278896593,0.07649769544306907,0.7238125000000002
346,1297,0.810625,83,2.2515005531685257,3.4315893628326823,0.5308040842639298,0.1506149865097835,0.8486328943998975,0.156830692196058,0.07619027708827325,0.7237750000000003
347,1287,0.804375,82,2.2523365933336783,3.4387358089872517,0.5311112989368201,0.15052702884241928,0.8486328943998975,0.15685424273656948,0.0767393814966819,0.7242812500000002
348,1281,0.800625,80,2.263768441965172,3.4481137131060184,0.5316694836319664,0.150297477745463,0.8486328943998975,0.1570180480375834,0.07678493722534585,0.7241687500000001
349,1279,0.799375,81,2.2709060317837793,3.46444036140798,0.5312780386900173,0.15055704216753585,0.8486328943998975,0.15715256744030526,0.07699325539383883,0.7241125000000003
350,1283,0.801875,81,2.2631267250532265,3.469127957356208,0.53159314358936,0.150447740348931,0.8486328943998975,0.15723215827047232,0.07602491994849402,0.7231187500000003
351,1297,0.810625,81,2.2572485139924714,3.470786181865831,0.5323155591654413,0.14993310492199732,0.8486328943998975,0.15721867865648118,0.07592060825236374,0.7214687500000002
352,1273,0.795625,81,2.269523647564194,3.4788036591024,0.5338390484894578,0.15032660110251334,0.8486328943998975,0.157212052905031,0.07612832656968824,0.7220687500000003
353,1284,0.8025,83,2.275500558477459,3.484918457535905,0.5364972061409505,0.1503497203380774,0.8486328943998975,0.15730716436413095,0.0757201829676185,0.7216937500000004
354,1281,0.800625,81,2.285796631601993,3.486129909066774,0.536585440316279,0.15161525219626396,0.8486328943998975,0.15728736978065072,0.07571882950054139,0.7215812500000004
355,1269,0.793125,86,2.286433848109702,3.513506582129651,0.5373509529774335,0.15164380427018587,0.8486328943998975,0.15731365330882655,0.0751573009946369,0.7216937500000004
356,1261,0.788125,87,2.281836618449936,3.517617676001114,0.5387553726167286,0.15038126174587163,0.8486328943998975,0.15719916756787267,0.07496218282826858,0.7217687500000003
357,1246,0.77875,85,2.2901613026740657,3.522139504291822,0.5386001550300588,0.1514536390629389,0.8486328943998975,0.15735664687959558,0.07510394399779499,0.7224812500000003
358,1238,0.77375,85,2.291025334409273,3.5392199996852614,0.537383489064633,0.1514021001732398,0.8486328943998975,0.15726669100990523,0.07414405060302141,0.7233812500000003
359,1235,0.771875,85,2.2973253274726235,3.551045698866376,0.5370260334589695,0.1520039240264934,0.8486328943998975,0.15720589388274844,0.07386974568553026,0.7241500000000003
360,1251,0.781875,91,2.300080630711077,3.568668193854398,0.5368717624389703,0.15177985161331073,0.8486328943998975,0.15726935036413736,0.07464289981167271,0.7234187500000001
361,1255,0.784375,92,2.29601134829071,3.5672075723443886,0.5353343475867152,0.15143356151767395,0.8486328943998975,0.157253446914988,0.07464369690705368,0.7235312500000003
362,1251,0.781875,93,2.2997118691345557,3.58148922460871,0.5344215452499008,0.15288470000464344,0.8486328943998975,0.15734000521702476,0.07507631355391414,0.7234937500000004
363,1247,0.779375,94,2.2949502088674936,3.5922941699605984,0.5346998881464616,0.15145946035173097,0.8486328943998975,0.15742465841808703,0.07531960683163234,0.7237375000000003
364,1255,0.784375,93,2.293253078439347,3.590073831430177,0.5351677324936538,0.15172641858032573,0.9957884625679486,0.15739682393933546,0.07581659500294521,0.7233062500000003
365,1260,0.7875,91,2.2811712879096104,3.566108132122566,0.5357491884589334,0.15092004047234228,0.9957884625679486,0.15739723257421545,0.07586833385742953,0.7232125000000003
366,1274,0.79625,91,2.2850508230980586,3.5713925630689323,0.537572124960847,0.15144521126330054,0.9957884625679486,0.15738559222695842,0.07559753391162823,0.7225375000000003
367,1263,0.789375,92,2.2876883237350585,3.582235038727599,0.5376527161466547,0.15123752388224265,0.9957884625679486,0.1572440141736036,0.07600511431391799,0.7231750000000002
368,1271,0.794375,92,2.2903146522141897,3.5901920202323634,0.5350982090575116,0.15086641368219647,0.9957884625679486,0.15716411060174704,0.07509173385912066,0.7223875000000004
369,1270,0.79375,92,2.2945881652526774,3.5940150590516176,0.5356770025074603,0.1507198177140676,0.9957884625679486,0.15704080498722536,0.07480905495896267,0.7215812500000003
370,1279,0.799375,95,2.2965765814669057,3.607449085114823,0.5345517501693348,0.14945730974110663,0.9957884625679486,0.15698131551311026,0.07477604977210121,0.7200625000000004
371,1273,0.795625,93,2.2991416801208366,3.593276975215008,0.5341463610191746,0.149112897813618,0.9957884625679486,0.15685231911383637,0.07396725865359721,0.7204000000000004
372,1262,0.78875,90,2.295675811911269,3.5747470100504666,0.5333458298678336,0.14906119925243172,0.9751563855118254,0.15676871673095047,0.07400380821006176,0.7209625000000003
373,1252,0.7825,90,2.2967932475033592,3.5732490097623377,0.5358681460013754,0.14944738667447136,0.9751563855118254,0.15684813494988306,0.07336700168742319,0.7220125000000003
374,1254,0.78375,89,2.2977565233611754,3.5788729895203635,0.5347228641064298,0.1496763948453218,0.9751563855118254,0.1568423949070249,0.07363455344446086,0.7210750000000004
375,1243,0.776875,89,2.29104331608794,3.57495144756391,0.5342050776584327,0.14938142926695325,0.9751563855118254,0.15683202836673027,0.07359626055466606,0.7220875000000003
376,1251,0.781875,91,2.293413528869889,3.5819504930579122,0.5330136538144993,0.1485741231160103,0.9751563855118254,0.15690686414318225,0.0740867377159423,0.7220687500000003
377,1252,0.7825,90,2.2891588301426147,3.589385350140645,0.5325770828169173,0.14844360651412472,0.9751563855118254,0.1570891139814219,0.07446819640896475,0.7220500000000003
378,1251,0.781875,88,2.2917292511311222,3.578841419328824,0.5313968290730907,0.14793304849453662,0.9751563855118254,0.15697349424126458,0.0737943832183421,0.7218812500000005
379,1249,0.780625,89,2.2848451617867953,3.5748219146216305,0.5328962479260604,0.14653884702526546,0.9751563855118254,0.15680089591810198,0.07387151169785602,0.7214875000000004
380,1240,0.775,89,2.2773083832363334,3.5785111243291006,0.5315839599821061,0.14573776238407601,0.9751563855118254,0.15669881552928458,0.07398553809783835,0.7216750000000002
381,1249,0.780625,91,2.2677838792283502,3.5752894825424284,0.5312613091064523,0.14419181271553128,0.9751563855118254,0.1567785683804566,0.07423211449729343,0.7216750000000003
382,1247,0.779375,94,2.280132534268127,3.5856951319394565,0.5330171111215052,0.14669960667983528,0.9751563855118254,0.15693433838479706,0.0743359632218452,0.7222562500000004
383,1239,0.774375,95,2.2807850953470057,3.5891644312137814,0.5335249328758154,0.1481960980181425,0.9751563855118254,0.15686992179881643,0.07321161358597206,0.7226125000000003
384,1249,0.780625,94,2.2847650893225544,3.5814805504436356,0.5343658550252159,0.14886757421983673,0.9751563855118254,0.1571454711728177,0.07374819015296942,0.7222562500000004
385,1236,0.7725,91,2.2750742540535236,3.580107975674621,0.5334320535160536,0.14766172645480796,0.9376656902108998,0.15723740124510374,0.07454334157075711,0.7224437500000002
386,1229,0.768125,92,2.266970272763372,3.559484015561562,0.533573767869527,0.1470854203195026,0.9376656902108998,0.15723329921644552,0.07429780142969102,0.7228750000000003
387,1231,0.769375,91,2.2619633566566515,3.5532320348443447,0.5328257322542412,0.1475694044892212,0.9376656902108998,0.15726791976995125,0.07364026375183458,0.7235875000000003
388,1239,0.774375,93,2.267595002178956,3.5674141624272324,0.5354347573365318,0.14847048264222332,0.9376656902108998,0.1573063452709435,0.073919620174713,0.7235125000000003
389,1258,0.78625,93,2.2559322752041084,3.557690113725056,0.5368442632496575,0.14842194566857272,0.9376656902108998,0.15735636040178244,0.07371873126326611,0.7225187500000004
390,1255,0.784375,90,2.2481594653186927,3.535984968080699,0.5355641704630587,0.14799683269988767,0.9376656902108998,0.15735106429714388,0.07403922123059549,0.7227437500000002
391,1262,0.78875,89,2.2497849706522697,3.5343021871862748,0.5363986763049473,0.14895026930953562,0.9376656902108998,0.15735718272413987,0.07449117959878837,0.7229500000000003
392,1258,0.78625,87,2.245683522124092,3.532291421205774,0.5379814020426595,0.14795316820210588,0.9218108701364307,0.1572974180407708,0.07483022393906728,0.7233250000000004
393,1254,0.78375,86,2.2464441838054965,3.5367452809741424,0.5362786990835647,0.148330539982624,0.9218108701364307,0.15736345100627597,0.07476772666752066,0.7242250000000002
394,1250,0.78125,87,2.256362550871664,3.545975870183891,0.5352125464213024,0.14817883957458333,0.9218108701364307,0.15729551396232455,0.07439148824606469,0.7251625000000003
395,1254,0.78375,84,2.2585419001304907,3.5495553320452173,0.5355877858661363,0.14797249384356562,0.7900347367470193,0.15742014068217677,0.07446478920599839,0.7249000000000002
396,1247,0.779375,84,2.250650409504773,3.5562672541489477,0.5352635078973188,0.14726494492373987,0.7900347367470193,0.1574839792845267,0.07454533984145556,0.7248625000000004
397,1233,0.770625,80,2.2504849090111545,3.5430289362171212,0.5356769423578038,0.14684537730005187,0.7900347367470193,0.15752761339843113,0.074247442217771,0.7262312500000003
398,1243,0.776875,84,2.2435994993954926,3.5582978586790985,0.5331403048194402,0.14492950973870963,0.7900347367470193,0.15745939700826309,0.07577249282806803,0.7256312500000004
399,1237,0.773125,83,2.2422875582214514,3.5605315365601413,0.5307303877806717,0.1439521277945098,0.7900347367470193,0.1574281087208897,0.0764687394624878,0.7262125000000004
400,1239,0.774375,82,2.2447313051058484,3.5617413255647783,0.5305421445348047,0.14512190269465503,0.7900347367470193,0.15748099112053351,0.07696316112972724,0.7262125000000004
401,1241,0.775625,83,2.2517660739719685,3.5794432023514564,0.5299080797970195,0.14505978980694237,0.7900347367470193,0.1575278803958148,0.07730196191010201,0.7259500000000003
402,1243,0.776875,84,2.2459177697936115,3.5792091082739206,0.5284849981385182,0.1445748026269643,0.7900347367470193,0.15743969230974017,0.07718472560841998,0.7258375000000002
403,1245,0.778125,85,2.2499095767215773,3.5969062226471973,0.5294058050104575,0.14365838304472145,0.7900347367470193,0.15762459220431407,0.07663347783262035,0.7258562500000003
404,1245,0.778125,86,2.249867571560557,3.599311270349433,0.5293636954972112,0.144070980591739,0.7900347367470193,0.15756612743080298,0.07630018263044407,0.7260812500000003
405,1243,0.776875,87,2.2507375100382085,3.605866673939266,0.5292907339655991,0.14391837372719485,0.7900347367470193,0.15767567120479206,0.0768237575398075,0.7269250000000003
406,1230,0.76875,89,2.2561500607348397,3.608489927162073,0.5276639927322189,0.14371825370700456,0.7900347367470193,0.1576111422322213,0.07743174053669508,0.7284250000000003
407,1242,0.77625,88,2.2550023524691003,3.608770050546573,0.5283181827998552,0.14411404668592231,0.7900347367470193,0.15758856759412657,0.07772290869833606,0.7283875000000003
408,1266,0.79125,87,2.253754387310064,3.609749947878891,0.5286472686693605,0.1429307037802104,0.7900347367470193,0.15763927454796745,0.07759337010466597,0.7276562500000003
409,1266,0.79125,87,2.2519803655596156,3.618726105744516,0.5274602212212253,0.14285936576059682,0.7900347367470193,0.15765650060800157,0.07742116811904984,0.7275437500000004
410,1268,0.7925,87,2.2597954742193895,3.618452588292026,0.5283923766787916,0.1433828542775367,0.7900347367470193,0.15785835650037977,0.07817414192233754,0.7271875000000003
411,1262,0.78875,88,2.2761195249024073,3.625972718207948,0.5314217020496103,0.14530533828910708,0.7900347367470193,0.15792988474410039,0.07848120199389835,0.7269625000000004
412,1268,0.7925,88,2.272203363196269,3.6223041726359084,0.5300428841079368,0.1457629558979176,0.7900347367470193,0.15799577447193247,0.07826177379698131,0.7270562500000004
413,1304,0.815,91,2.2714410617336482,3.6368760101251483,0.5273334283354356,0.14466835569771877,0.7900347367470193,0.1579051557544056,0.07786759655397761,0.7260062500000004
414,1305,0.815625,92,2.2649895998213205,3.64918647072816,0.5257262863450042,0.14337562145897886,0.794256974059387,0.15790627502217253,0.07782757847545312,0.7255937500000003
415,1306,0.81625,90,2.2704009846318707,3.6487376025696783,0.5259029417872394,0.14331522789764753,0.794256974059387,0.15811995330070053,0.07859352095727207,0.7255000000000004
416,1302,0.81375,89,2.267629680129927,3.649348638642285,0.5268256584402959,0.14354254112440695,0.794256974059387,0.1580499348158339,0.07857151029228938,0.7252000000000003
417,1296,0.81,90,2.2640605592120613,3.6615030843940537,0.5285880172160847,0.14270896107013076,0.794256974059387,0.15814619580007078,0.07841807116306747,0.7254250000000004
418,1309,0.818125,92,2.261831539252664,3.6669024604251272,0.5284070729907941,0.14190354501297153,0.794256974059387,0.15820963381229727,0.07793753576978461,0.7246187500000003
419,1295,0.809375,92,2.2625613395720374,3.674164753217693,0.5286605289346965,0.1417333105005407,0.794256974059387,0.1580157823884666,0.07807291314834465,0.7253875000000004
420,1288,0.805,91,2.266723413561581,3.680752877565868,0.5283917306498794,0.14175793537481313,0.794256974059387,0.15787823071383675,0.07727616842865405,0.7250875000000003
421,1284,0.8025,91,2.264947310998715,3.6817623538994084,0.5271538852403996,0.14080575054005529,0.794256974059387,0.1579582784787327,0.07701503814048477,0.7252375000000003
422,1297,0.810625,90,2.266093032744785,3.675534528671723,0.5269741028241574,0.14104291771697772,0.794256974059387,0.15790137702344387,0.07699692412732558,0.7244875000000003
423,1292,0.8075,90,2.2680348671375623,3.676678106096468,0.5268232470429556,0.14095769943126277,0.794256974059387,0.1579100209588464,0.07741798692140564,0.7243750000000003
424,1290,0.80625,90,2.26738332279478,3.6671161243632513,0.5263799628429825,0.14090657274963242,0.794256974059387,0.15786651688504788,0.0772608102194755,0.7235875000000004
425,1287,0.804375,89,2.267570811793063,3.6498920130021872,0.5264997651901104,0.14181833896981608,0.794256974059387,0.15783124397895146,0.07731754237153439,0.7239625000000004
426,1280,0.8,87,2.2642274518041994,3.637433689775628,0.5257799674453892,0.1414893201938704,0.794256974059387,0.15789653896926573,0.07800486130883183,0.7246375000000004
427,1294,0.80875,88,2.2594741018598135,3.6344737146893378,0.5264115936031528,0.14145692698683024,0.794256974059387,0.15800304203776022,0.0780643279018826,0.7234562500000002
428,1308,0.8175,89,2.2676364538012934,3.6399479711259315,0.5254226566338462,0.1415072122556119,0.794256974059387,0.15804343900550838,0.07809502639841397,0.7226687500000003
429,1310,0.81875,90,2.2716984095634563,3.651889379381571,0.5245488003888202,0.14181313085928415,0.794256974059387,0.15803075636749803,0.07835842509112967,0.7223875000000004
430,1316,0.8225,90,2.267803425560407,3.653058063581211,0.5229875803617136,0.14148958755524782,0.794256974059387,0.15783339099328764,0.07788396645828309,0.7221250000000003
431,1318,0.82375,88,2.265173603524042,3.6461483502483363,0.5227080207287665,0.14109770813734349,0.7900347367470193,0.15771469795712634,0.07813505631115535,0.7220687500000003
432,1320,0.825,90,2.280933720312567,3.65862131904573,0.5227717675417576,0.14286627152298365,0.80219507455409,0.15770972921506665,0.07774181785186182,0.7223312500000003
433,1328,0.83,91,2.274998907612585,3.653159104447961,0.5247321657989529,0.14283598353077595,0.80219507455409,0.15763471462155665,0.077813415221605,0.7214500000000004
434,1335,0.834375,92,2.276856619887634,3.6618645136156056,0.5235669317995024,0.14330328378299595,0.80219507455409,0.15751826630942453,0.07778065614226591,0.7208875000000003
435,1335,0.834375,91,2.279621300267661,3.6475753451483475,0.5229226724349495,0.14430577493710156,0.80219507455409,0.15755004290133406,0.07794670552133844,0.7194062500000004
436,1323,0.826875,91,2.2781155219260327,3.640263009370871,0.5220648968420392,0.1443170432678681,0.80219507455409,0.15758311687106397,0.07773958344846568,0.7193687500000004
437,1324,0.8275,93,2.279902276030561,3.645434169899449,0.521627229750107,0.14391178104146374,0.9066307590310853,0.1577211085984082,0.07774395393171749,0.7182437500000003
438,1318,0.82375,93,2.280349927172338,3.65583045287624,0.5218245669167486,0.14442343735084753,0.9066307590310853,0.1576459167320911,0.07763865684508868,0.7175125000000002
439,1315,0.821875,94,2.2789381814753655,3.652789453553767,0.5219356223775106,0.1445204079059504,0.9066307590310853,0.15769570579217995,0.07704658418911393,0.7168937500000004
440,1309,0.818125,94,2.2797811038906195,3.6536451543601385,0.5224622000768218,0.14486004928561566,0.9066307590310853,0.15754767440374348,0.07663440130814297,0.7171375000000003
441,1313,0.820625,97,2.280979618134479,3.6621300081348083,0.5218232158233336,0.14496225116594422,0.9066307590310853,0.1575472875389817,0.0758260001251414,0.7166125000000004
442,1305,0.815625,96,2.27913995427861,3.663419689610592,0.5214034431364963,0.14392930629539805,0.9066307590310853,0.15763409600668638,0.07556946489597603,0.7168937500000002
443,1306,0.81625,96,2.281487648323136,3.6656787477547312,0.5205902770534917,0.14428997708662608,0.9066307590310853,0.1576523508076618,0.07580987517346713,0.7168562500000003
444,1304,0.815,99,2.2910952556790005,3.685057311336832,0.5217851672855154,0.14549564740234794,0.9066307590310853,0.1579014680665971,0.07545093814904173,0.7165375000000003
445,1310,0.81875,96,2.2937190778829897,3.66390735558125,0.5211213148464807,0.1454673572681966,0.9066307590310853,0.15799234032771328,0.0754235731770954,0.7156000000000005
446,1320,0.825,92,2.2901230199540605,3.651754891666027,0.5208931196489177,0.14450249679786537,0.9066307590310853,0.1578750793165768,0.07536352494436896,0.7141562500000004
447,1322,0.82625,91,2.281257187148402,3.645431839299008,0.5201472288221499,0.14304798158545642,0.9066307590310853,0.15778771441056658,0.07556609239159257,0.7135562500000003
448,1327,0.829375,93,2.27792466159532,3.639654481926619,0.520908851456192,0.1436896337359382,0.9066307590310853,0.15793441601436842,0.0757854794745084,0.7132187500000003
449,1301,0.813125,93,2.278686324679493,3.6328954939614975,0.5194308796401884,0.14337993581338887,0.9066307590310853,0.15795429590767615,0.07561759205984404,0.7138000000000004
450,1302,0.81375,92,2.2661214973524735,3.6255063427709597,0.518495075048523,0.14260416493106978,0.9066307590310853,0.15796333394734413,0.07561546339127047,0.7136500000000002
451,1303,0.814375,94,2.2677767596421834,3.636644586773527,0.5165053519395787,0.14236876066600782,0.9066307590310853,0.158246161873357,0.07575383448379687,0.7134062500000004
452,1297,0.810625,93,2.261665143156038,3.628903623669086,0.516889458553573,0.14146483936443036,0.9066307590310853,0.15820202914574558,0.07544216466168036,0.7132562500000003
453,1307,0.816875,95,2.2727266851608547,3.6498900043343663,0.5176718159483771,0.1423060289100958,0.9066307590310853,0.15808784813324142,0.07581901049913937,0.7126937500000002
454,1307,0.816875,94,2.271270218751824,3.6402248725205384,0.5161579055277061,0.14213080470237607,0.9066307590310853,0.15814480105875087,0.07585541614652296,0.7130125000000003
455,1299,0.811875,94,2.2695216240641973,3.6375688991284374,0.5160743429246875,0.14143580610622336,0.9066307590310853,0.15815239917183596,0.07603418022864142,0.7129562500000003
456,1302,0.81375,94,2.26279520560364,3.6360318652332495,0.5146650184946158,0.14133501315154684,0.9066307590310853,0.15804390203290677,0.07606503307174907,0.7131437500000004
457,1297,0.810625,92,2.2654712453617556,3.629931699624467,0.5141633809498524,0.14107964204509651,0.9066307590310853,0.15801452802429003,0.07578843619290752,0.7119625000000004
458,1278,0.79875,91,2.256474508281099,3.6318878026448274,0.513849665593841,0.14072570796894865,0.9066307590310853,0.15814454635063335,0.07576970161211338,0.7125812500000004
459,1284,0.8025,92,2.263457072048884,3.6351884642004735,0.5127546604449787,0.14018856966172563,0.9066307590310853,0.15818093299198693,0.07543475559325642,0.7116250000000004
460,1281,0.800625,94,2.26082894405409,3.6265387650506824,0.5133200546417686,0.14066491403149586,0.9066307590310853,0.15829446861775925,0.07573598996805961,0.7116437500000004
461,1271,0.794375,92,2.2738033954323207,3.6415432312921077,0.5122578865479489,0.14127212475764678,0.9066307590310853,0.15826065333002054,0.07612100406524887,0.7115875000000003
462,1281,0.800625,94,2.2653803406750237,3.6405355016714553,0.5119055631893815,0.14111532967604382,0.9066307590310853,0.1581740396397974,0.07624658527428453,0.7115500000000003
463,1262,0.78875,92,2.2609688253697913,3.6340107018307197,0.5121438770869802,0.14042017849856075,0.9066307590310853,0.158122004866069,0.07603522178447943,0.7133125000000003
464,1274,0.79625,93,2.2534939346941822,3.6386613278221764,0.5143683862897409,0.13981980617406273,0.9066307590310853,0.15825820917196742,0.07565002344651545,0.7118312500000004
465,1273,0.795625,94,2.2500886168476404,3.646909416248494,0.5155605720844568,0.14035647615177094,0.9066307590310853,0.15821383867345223,0.07629621461293763,0.7120750000000003
466,1262,0.78875,93,2.245788267127332,3.6422782356583823,0.5151887694514576,0.14124419817509384,0.9066307590310853,0.1582433493769012,0.07638475162427001,0.7126937500000002
467,1266,0.79125,92,2.2503356196504143,3.626722447613888,0.5154736930532376,0.1419009062996806,0.9066307590310853,0.15840937921651696,0.07718250989710009,0.7126562500000003
468,1267,0.791875,92,2.254266807058518,3.6207120428552253,0.5155660473927335,0.14256710065017703,0.9066307590310853,0.15829448931315251,0.07671419652968599,0.7129750000000002
469,1277,0.798125,95,2.2606155968135973,3.6331699476535917,0.5147740942122524,0.1420947678863207,0.9066307590310853,0.15841941933762616,0.07711432785132342,0.7123187500000003
470,1278,0.79875,97,2.2568833317394077,3.6351954667503716,0.5139142992871076,0.14220647215845988,0.9066307590310853,0.1582574854979989,0.0765924577013753,0.7129375000000003
471,1293,0.808125,98,2.2570140731090085,3.6311991953520533,0.5154488455345866,0.14170817445528397,0.9066307590310853,0.1581952815725296,0.0766927648290131,0.7121875000000003
472,1288,0.805,98,2.254041130170792,3.635852253655119,0.5136991835402082,0.14156529771272364,0.9066307590310853,0.15828382175741187,0.07595789925896071,0.7129000000000005
473,1291,0.806875,98,2.2597229140891786,3.6347879460612935,0.5128762738193317,0.14204290443771544,0.9066307590310853,0.15824565279166386,0.0760125316728512,0.7133875000000003
474,1277,0.798125,99,2.2501649045247394,3.6436213470484455,0.5130759433386355,0.13997528232591205,0.9066307590310853,0.15812091733139425,0.0759373949448263,0.7138375000000003
475,1260,0.7875,100,2.2490751428038145,3.640318892442737,0.5135827514447984,0.14054408411410102,0.9066307590310853,0.15825577476629682,0.0754637282187237,0.7152625000000004
476,1266,0.79125,98,2.2543834085525742,3.643014040577054,0.5133318226573363,0.1407920559820523,0.9066307590310853,0.15827780583271248,0.07531302740759452,0.7147937500000003
477,1279,0.799375,99,2.2516915014283194,3.6332564610018667,0.5118090306901695,0.13986479099287535,0.9066307590310853,0.15825340562822476,0.07578102408056928,0.7141000000000003
478,1286,0.80375,98,2.2539225513583245,3.6223999177516317,0.5110203044237736,0.1410139418996964,0.9066307590310853,0.15849511987707904,0.07624372679495309,0.7138562500000003
479,1284,0.8025,96,2.2423605614923954,3.597363350212861,0.512341607064417,0.14035659396369266,0.8785981295113668,0.15840402536114973,0.07603104308258751,0.7132562500000003
480,1274,0.79625,95,2.236210476651648,3.600126008217577,0.5098262594294869,0.14040558023837302,0.7587706669190469,0.15838939474613753,0.07589376526854587,0.7139875000000003
481,1277,0.798125,95,2.2411551247816295,3.5916757749717663,0.5106843289579831,0.14173293176048768,0.7587706669190469,0.15841586318273015,0.0761407538507458,0.7139312500000004
482,1279,0.799375,94,2.236381602851651,3.589511701995289,0.5106687409212127,0.1413730815335982,0.7587706669190469,0.1586676196717911,0.07607582193548823,0.7142687500000003
483,1270,0.79375,93,2.2386136853469942,3.5817157357525256,0.5093498322359199,0.14081243599836,0.7587706669190469,0.15871216338922273,0.0764024060388331,0.7150000000000003
484,1264,0.79,92,2.2416954042192065,3.582511084737555,0.5088744047603371,0.14068231862759079,0.7587706669190469,0.15869713505588087,0.0758414113761313,0.7156562500000004
485,1274,0.79625,91,2.2455361850042967,3.5705721614511168,0.5087536689887018,0.14135985578683394,0.7587706669190469,0.15860648063748303,0.07614115543933635,0.7156000000000003
486,1272,0.795,91,2.2447718796509175,3.564707744389284,0.5084441116062531,0.1411073762163209,0.7587706669190469,0.1587186073936091,0.07626238296571329,0.7162375000000003
487,1266,0.79125,91,2.2588556661809926,3.58208377271709,0.5067592933060451,0.14212784614390844,0.7587706669190469,0.15870160675755043,0.07703051378052633,0.7178500000000002
488,1274,0.79625,90,2.255845519643885,3.580291391049375,0.5057849691217967,0.14213625451982773,0.7587706669190469,0.1585155524810578,0.07736314567129918,0.7183937500000003
489,1276,0.7975,89,2.255365637553606,3.5810564631310684,0.504898612576854,0.1417213118593931,0.7587706669190469,0.15854984063683522,0.07791611055172742,0.7189562500000005
490,1282,0.80125,87,2.248748998472966,3.5726461312624447,0.5052395356348686,0.14152703716073897,0.6543349824420517,0.1586099981375055,0.07788960382126922,0.7183937500000003
491,1297,0.810625,87,2.2498009143313635,3.579788363625677,0.5075936748371286,0.14096368163942846,0.6543349824420517,0.15878204568869433,0.07829917179822005,0.7174375000000004
492,1303,0.814375,87,2.2407690827970703,3.571989689337089,0.5058502146319193,0.13978560115960578,0.6543349824420517,0.15874148652264844,0.07855976125369125,0.7169687500000004
493,1285,0.803125,88,2.2424265434816175,3.5690015834823865,0.5063521192559336,0.13941677317577159,0.6543349824420517,0.1587039601058839,0.07890977829740929,0.7180375000000003
494,1272,0.795,90,2.256760111681697,3.5919603868788537,0.5053548881577753,0.1408586124579111,0.7615033826192533,0.1587457873174777,0.07881701413437102,0.7177750000000003
495,1266,0.79125,90,2.257960437478545,3.5822000512438894,0.504926066357048,0.1421854742748722,0.7615033826192533,0.15859490891835487,0.07865170674570703,0.7185062500000003
496,1278,0.79875,90,2.25686203717771,3.5591985461475892,0.5054701773590482,0.14210382212055497,0.8728892925726852,0.1587166070431881,0.07855600768447389,0.7183375000000004
497,1271,0.794375,90,2.2446866743830673,3.5629049850406274,0.5053421664580069,0.14004358769849862,0.8728892925726852,0.15882760002345497,0.07832546084666785,0.7178875000000003
498,1274,0.79625,91,2.249763028769674,3.5644873688330976,0.5065059641720173,0.14086881473263074,0.9232819756745072,0.158716834850101,0.07796390708034101,0.7174187500000003
499,1275,0.796875,91,2.2484135167379535,3.560209925811243,0.5070854468444037,0.14047537507956284,0.9232819756745072,0.1586985133580805,0.07839393912400777,0.7171375000000003
500,1282,0.80125,92,2.249224829070701,3.5689884632709594,0.5079475664283006,0.14023709538102683,0.9232819756745072,0.15860781347337816,0.078341098018997,0.7165375000000005
501,1278,0.79875,93,2.2520319009471703,3.576100944451181,0.5086966625012345,0.1403414290691036,0.9232819756745072,0.1585139459964268,0.07788563314303676,0.7170250000000005
502,1290,0.80625,93,2.250234482750214,3.573745885579233,0.5089741436597073,0.14009960710800076,0.9232819756745072,0.15841483755686475,0.07809019504887396,0.7163875000000003
503,1286,0.80375,94,2.2502525266053626,3.5706897720149184,0.5100014936287403,0.1399057573446853,0.9232819756745072,0.15839813232823696,0.07828780101770849,0.7164812500000004
504,1286,0.80375,94,2.2510862772313884,3.566680315311723,0.5104070378998649,0.14018897633009467,0.9232819756745072,0.15826932837380717,0.07805217260029712,0.7164812500000004
505,1297,0.810625,95,2.2499005225093374,3.558522414929061,0.5100855662871728,0.14037248391138638,0.9232819756745072,0.15813983050383257,0.07809612613800947,0.7156562500000004
506,1306,0.81625,97,2.2519813915197133,3.558603250568608,0.5103834176451003,0.14097938796183096,0.9232819756745072,0.15824883588776226,0.07804268174005942,0.7146812500000004
507,1305,0.815625,95,2.2481623597719755,3.5529356206636487,0.5092764439807677,0.14101389165120604,0.9232819756745072,0.1581221360851367,0.07814106589555156,0.7137812500000004
508,1297,0.810625,94,2.2529972570606565,3.5343517286678843,0.5075396774829802,0.14196145046112296,0.9232819756745072,0.15825748776906975,0.07826508403729941,0.7135375000000005
509,1306,0.81625,95,2.2509054390750434,3.5405099428976783,0.5067575302383367,0.14188558235890875,0.9232819756745072,0.15820650283049817,0.07833688478227557,0.7134812500000004
510,1303,0.814375,98,2.254957344250855,3.5677705038050913,0.506797073508095,0.14251723880163522,0.9232819756745072,0.1582206182596559,0.07827836110197525,0.7129000000000003
511,1307,0.816875,99,2.261735287922824,3.578013750218309,0.5072957188479715,0.14249536149865713,0.9232819756745072,0.1581106471745023,0.07823174390461482,0.7119250000000004
512,1326,0.82875,101,2.2609420751700005,3.5926443155120174,0.5056149485727567,0.14214906846110653,0.9232819756745072,0.15805747769327136,0.07795670559370228,0.7110625000000003
513,1330,0.83125,100,2.25580152951815,3.591702160575215,0.5071348347429281,0.14095377496232672,0.9232819756745072,0.1582868127153958,0.07793378220078867,0.7099562500000005
514,1336,0.835,98,2.256387910857438,3.605676191307004,0.5064391131108005,0.14032351112593106,0.9232819756745072,0.15839895178904098,0.0783368197445057,0.7091875000000004
515,1330,0.83125,97,2.258128681505254,3.6057362078480213,0.5076526246487663,0.14007125953741661,0.9232819756745072,0.15848840977890227,0.07832350414740015,0.7092437500000004
516,1329,0.830625,97,2.2585494219216713,3.5994723404211912,0.5074672423140363,0.139987952652246,0.9232819756745072,0.15857739624319134,0.07804420787779602,0.7085500000000005
517,1317,0.823125,97,2.253393694046549,3.600756443847642,0.5065511788082603,0.13877647655875536,0.9232819756745072,0.1584438251520359,0.07737807037489502,0.7083250000000004
518,1301,0.813125,99,2.2571382053250137,3.6099101343850712,0.5067393857959263,0.13849920344101693,0.9232819756745072,0.15827429622344238,0.07710272295479029,0.7087562500000004
519,1288,0.805,99,2.2579015656959127,3.6075112487016425,0.5069871064090867,0.1384403642868779,0.9232819756745072,0.15845671115599488,0.07775512600349833,0.7089625000000004
520,1289,0.805625,98,2.259445085689498,3.59531179182417,0.506854666722618,0.1386435912774198,0.9232819756745072,0.15825368489207758,0.0776421598854516,0.7085875000000005
521,1285,0.803125,99,2.2620303947731193,3.62087605036679,0.5065540104405744,0.1382737638843553,0.9232819756745072,0.1583370144115282,0.077655168371689,0.7083812500000005
522,1285,0.803125,98,2.267589588808637,3.6199860208132804,0.507260345085919,0.1388448481912809,0.9232819756745072,0.1584830369184535,0.07725805877610678,0.7085500000000003
523,1281,0.800625,97,2.271633540377994,3.620878311214879,0.5065195001268293,0.13966973850367004,0.9232819756745072,0.15853511217905933,0.07717154719250632,0.7083812500000005
524,1276,0.7975,98,2.2736812925868635,3.6125650384214145,0.5068327384047581,0.14002535132861438,0.9232819756745072,0.1585967412477609,0.07752138993934704,0.7092437500000004
525,1279,0.799375,99,2.2806724006081374,3.619653031628674,0.5069159727355573,0.13989064377140117,0.9232819756745072,0.15853277828988468,0.0773111885984829,0.7097687500000004
526,1256,0.785,101,2.284352472162023,3.613781958957629,0.5074824599858623,0.14038125042087782,0.9232819756745072,0.15873455425891692,0.07702887013011274,0.7111000000000003
527,1255,0.784375,101,2.2802974130327422,3.624869067009014,0.507503087381374,0.13980985038333907,0.7852883501786317,0.15874953910334227,0.07723217253950192,0.7123187500000003
528,1246,0.77875,101,2.2813755357692083,3.6188740228401177,0.5077171512666798,0.14033638207986482,0.9375544648113205,0.15878985204304788,0.07760181661906307,0.7134250000000003
529,1242,0.77625,103,2.2784727718675777,3.6183915248524925,0.5057538618009348,0.13987819471657406,0.9375544648113205,0.1588196214624892,0.0773164703015112,0.7147375000000004
530,1239,0.774375,102,2.273212432243508,3.6057867622129884,0.5061906514253605,0.13995652637096734,0.9375544648113205,0.1588885840976032,0.07699503975233923,0.7155812500000003
531,1246,0.77875,104,2.2643401964589542,3.6126628141334853,0.5056322283902105,0.13858015645713995,0.9375544648113205,0.15879596124136244,0.0773167419169109,0.7154687500000003
532,1264,0.79,104,2.261746852432771,3.6063763984667547,0.5053229381314043,0.13881020543282852,0.9375544648113205,0.1586938995703323,0.0768077597938272,0.7142312500000005
533,1260,0.7875,108,2.2559196448549326,3.604094609243109,0.504051285642191,0.13814652458337073,0.9375544648113205,0.15886514086678083,0.07679217118751436,0.7144562500000003
534,1249,0.780625,109,2.263405477927677,3.5994541327408855,0.5053955019833635,0.14006561572966733,0.9375544648113205,0.1590474475649663,0.07639821320293057,0.7150187500000004
535,1245,0.778125,108,2.263954781913001,3.6061222586758364,0.5061755788711549,0.1408640428855247,0.9375544648113205,0.1591620947534465,0.07685357707571892,0.7153937500000004
536,1244,0.7775,104,2.2567836726266766,3.5976034566545065,0.5073331841077362,0.13988474473851442,0.7852883501786317,0.1592337243682818,0.07697443297159866,0.7161437500000004
537,1254,0.78375,99,2.2562686245277432,3.5886274711968515,0.507885800084651,0.13990327719387366,0.7852883501786317,0.15891378101090647,0.0770796790207618,0.7156000000000003
538,1254,0.78375,101,2.2560837642878293,3.6134775557749728,0.5068028019527479,0.1396878775462215,0.7852883501786317,0.1587953259124267,0.07790306975484011,0.7156187500000004
539,1247,0.779375,101,2.2483572721924965,3.6039543275891828,0.5061897026284027,0.13808211879321655,0.7852883501786317,0.15890409231946642,0.07781739136002207,0.7161812500000003
540,1249,0.780625,101,2.2414137235763283,3.602400442065921,0.5057091147411259,0.13757240031226112,0.7852883501786317,0.158742674021387,0.07789296141039147,0.7162000000000003
541,1240,0.775,101,2.2321073659940565,3.6083664624712632,0.5038991327876424,0.13595501689035122,0.7852883501786317,0.1588140619497606,0.07803313468259011,0.7171187500000005
542,1246,0.77875,99,2.2311517423985974,3.6039610748484026,0.5033601527444128,0.13625949322382752,0.7852883501786317,0.15874131966115498,0.07848037902493687,0.7165562500000004
543,1251,0.781875,99,2.2323802405427906,3.620646431470313,0.5029868102946883,0.136095886208771,0.7852883501786317,0.1587431140130595,0.07829529042832933,0.7171187500000004
544,1266,0.79125,101,2.227607421215848,3.6131783789152356,0.5018858356569909,0.13541581102717518,0.7852883501786317,0.1587191101786715,0.07839737383893253,0.7171375000000004
545,1262,0.78875,99,2.229548302105336,3.6064856201420685,0.5016924974684767,0.1365709172177147,0.7906834887178539,0.1588616613959532,0.0781568953918052,0.7180000000000004
546,1258,0.78625,99,2.2245367462117,3.5980660053835654,0.5007720148347903,0.1362462667535792,0.7906834887178539,0.15903190678435492,0.07845629555475582,0.7186562500000003
547,1257,0.785625,99,2.2197572861230674,3.5922985723572305,0.5001506659958096,0.13561682949263074,0.7906834887178539,0.15909039955816098,0.07805924620273202,0.7187500000000004
548,1247,0.779375,100,2.2186795029079094,3.5977251630153413,0.5009530419608039,0.13543250961857398,0.7906834887178539,0.15899683978141652,0.07838537461309439,0.7195750000000004
549,1246,0.77875,99,2.2181428397101026,3.610057410471052,0.5008618432993176,0.13501405702959762,0.7906834887178539,0.1589976451813068,0.07742589773843918,0.7194062500000004
550,1249,0.780625,98,2.216711526058848,3.6008333757490667,0.4988550527314724,0.13469267559291426,0.7906834887178539,0.1592031545135711,0.07714715693761424,0.7188625000000005
551,1243,0.776875,98,2.2180255072047603,3.611801047500359,0.49727347694061924,0.13444924947781012,0.7906834887178539,0.15931473489821066,0.07724659989961025,0.7193125000000004
552,1235,0.771875,96,2.221565390718125,3.5929531673682367,0.49574957391060875,0.13445962544783144,0.6755170737713421,0.1593108828354831,0.07695402644160082,0.7196875000000003
553,1234,0.77125,100,2.215961937892918,3.6154695177801024,0.49643234657787955,0.13355498072524233,0.6755170737713421,0.15934539829099362,0.07766469077419477,0.7191437500000003
554,1238,0.77375,102,2.220966644525199,3.637549688529403,0.4963457904392566,0.13440180276453734,0.6755170737713421,0.15926829028646033,0.07801316019845705,0.7186937500000004
555,1234,0.77125,104,2.2249889840913295,3.6522745746857113,0.49697985640411846,0.13453423535505418,0.6755170737713421,0.15924381991586073,0.07811760204038165,0.7190875000000005
556,1237,0.773125,107,2.228050751836747,3.6542507672530844,0.49687537005547194,0.13480200402681622,0.7995588121817526,0.15923131114917863,0.07791065613383362,0.7195562500000005
557,1231,0.769375,108,2.2312794231332687,3.662089538369428,0.496364837529855,0.13490102732132078,0.7995588121817526,0.159358737557613,0.07739262318560187,0.7204375000000005
558,1234,0.77125,108,2.22956042032487,3.6467983468085503,0.4970712756874965,0.13496270054158763,0.8157130222738821,0.15929200744245162,0.07789249761281168,0.7207000000000003
559,1255,0.784375,109,2.224115484529181,3.643812415294089,0.49800397157117954,0.135084706635823,0.6921995259295666,0.15938765717643308,0.07746943178571514,0.7198375000000002
560,1259,0.786875,109,2.2263936827917887,3.6481857413686667,0.49714097522255857,0.13479925269905754,0.6921995259295666,0.1595332815434504,0.07706259704019193,0.7194062500000004
561,1267,0.791875,110,2.224237763053347,3.633447739936105,0.4967206540433893,0.13452111858030005,0.6921995259295666,0.1596755811992939,0.07717059315356462,0.7181875000000005
562,1263,0.789375,109,2.22555593586886,3.627693302327233,0.4944787959794019,0.13398695629459254,0.8886847389178842,0.15959738949162022,0.07702661099009453,0.7184500000000004
563,1282,0.80125,106,2.2297391017200785,3.6303528858419924,0.4935550210314227,0.1349617328338818,0.8886847389178842,0.15959393351054155,0.07713383016737906,0.7175687500000003
564,1267,0.791875,105,2.223188748641397,3.6364095479141376,0.4931474433578775,0.13286236222951336,0.8886847389178842,0.1595098060635066,0.07694777341094461,0.7175125000000002
565,1267,0.791875,103,2.216987721580745,3.6320456931466873,0.49423541121003545,0.1318968884084701,0.8886847389178842,0.15941172151970126,0.07684041298932512,0.7169500000000003
566,1261,0.788125,103,2.224364086135056,3.6469049835188425,0.4950353029373088,0.1326545427053301,0.8886847389178842,0.15944324206414634,0.07703257397107895,0.7166312500000004
567,1256,0.785,105,2.232068025870653,3.665446348575542,0.49508362737995437,0.13249975099435563,0.8886847389178842,0.15940777043233312,0.07660716037562564,0.7165562500000004
568,1267,0.791875,110,2.236307849584958,3.684575142665541,0.49510989021816065,0.13279089715476336,0.8886847389178842,0.1594165365976273,0.07622832738481823,0.7157312500000004
569,1254,0.78375,110,2.2311947931737444,3.6755747427357672,0.4959402169949805,0.1315773995388026,0.8886847389178842,0.15927000312911593,0.07558487482119514,0.7167250000000004
570,1274,0.79625,109,2.222070589093728,3.666646730538293,0.4969140191889042,0.13059162492857465,0.8886847389178842,0.1593510811344245,0.07648695989813055,0.7160687500000003
571,1268,0.7925,107,2.2252890433000143,3.6669138739934533,0.49704661669323547,0.13097023338532884,0.8886847389178842,0.15946179642793368,0.07632792755674951,0.7162187500000005
572,1277,0.798125,106,2.2280573222310514,3.663933601983593,0.4955536451633475,0.13152576213963962,0.8886847389178842,0.1594326644597055,0.0763238725438036,0.7159750000000004
573,1253,0.783125,106,2.226959800742045,3.6809061683312714,0.49533753313203693,0.1306494540235044,0.8886847389178842,0.15939205275765142,0.07648559105949547,0.7179062500000005
574,1264,0.79,107,2.2351384095863907,3.695153037853752,0.4951613751216879,0.13097500690755398,0.8886847389178842,0.15943057279720288,0.07641197879892585,0.7178687500000004
575,1272,0.795,105,2.2276391268864058,3.696203507921937,0.49432949032539225,0.13063543198468122,0.8886847389178842,0.15942871987939536,0.07692238801864693,0.7176437500000005
576,1267,0.791875,105,2.228804408432405,3.6963517141044253,0.4935315783693526,0.13080371023198173,0.8886847389178842,0.15947445788060308,0.07712876685891205,0.7180750000000005
577,1263,0.789375,106,2.228498859205433,3.694494945051257,0.4931107290221975,0.130472940923012,0.8886847389178842,0.15952330122750605,0.07780236356700783,0.7175687500000003
578,1257,0.785625,107,2.240559741601352,3.694466428420711,0.4944277144429142,0.13176882801309941,0.8886847389178842,0.15940442580018324,0.07794976179956027,0.7178500000000004
579,1259,0.786875,104,2.233495785515597,3.6797346858235027,0.4949878929927965,0.1307335830133202,0.8720022867596597,0.15945825178587375,0.07761419577221032,0.7182437500000003
580,1238,0.77375,104,2.238443659138004,3.692419020099457,0.4933485313533543,0.13069716092280306,0.8720022867596597,0.1595984435061695,0.07722568171223651,0.7194062500000004
581,1225,0.765625,105,2.241085557627299,3.7002167900082923,0.49369355466901854,0.1297896396298238,0.8720022867596597,0.15961375771597192,0.077402704319249,0.7202312500000005
582,1242,0.77625,106,2.244388749408639,3.705317422963174,0.4946784675329629,0.13012791137330548,0.8720022867596597,0.15977580566466337,0.0768979258814853,0.7196125000000003
583,1251,0.781875,105,2.2431673313346288,3.698454203177266,0.49339963823792327,0.12954674054330403,0.8720022867596597,0.15995978635432462,0.07689224361307834,0.7191062500000004
584,1258,0.78625,105,2.2423911137479537,3.686428962652048,0.49151337472473206,0.12981554825650432,0.8720022867596597,0.1599840766143723,0.07678111583591049,0.7187125000000004
585,1280,0.8,104,2.243394988826024,3.6784513607336917,0.49173908403835187,0.1304508748087991,0.8720022867596597,0.16012277050655319,0.0767916861410572,0.7180750000000004
586,1289,0.805625,103,2.2471311187535052,3.6774124712127474,0.49382216790813854,0.13097955492870467,0.8720022867596597,0.1598822972643084,0.07768859281417621,0.7169875000000004
587,1290,0.80625,103,2.2464546529477643,3.6762447559009637,0.4940555751506813,0.13158448718516894,0.8720022867596597,0.16009067843301772,0.07826547889597861,0.7167250000000004
588,1289,0.805625,101,2.238546144112295,3.6694714217338267,0.4963406812841272,0.13076786794081038,0.8720022867596597,0.16040881160194942,0.078592344569762,0.7165937500000004
589,1282,0.80125,100,2.23201259316321,3.673824393036416,0.4935482283367213,0.12971540744409973,0.8720022867596597,0.16062015559390666,0.07899641636135532,0.7171000000000004
590,1275,0.796875,103,2.2431370018117938,3.6823029292660094,0.49392112011004347,0.13172044574208996,0.8720022867596597,0.16058978743598917,0.07899900613977384,0.7167437500000005
591,1278,0.79875,103,2.241197506830594,3.6891099633240456,0.4937981937337464,0.13035430390148361,0.8720022867596597,0.16081822115571265,0.07922719230772111,0.7162375000000004
592,1291,0.806875,104,2.247392892803448,3.6991439770252335,0.4937592271040058,0.13081483435224114,0.8720022867596597,0.16112830491706326,0.07982558401263322,0.7159187500000005
593,1301,0.813125,102,2.244385776042455,3.678756093350949,0.49333499044906026,0.13063991662536026,0.8720022867596597,0.16114446312181727,0.07921273156026241,0.7159000000000003
594,1298,0.81125,99,2.240564190518368,3.670549887612541,0.4928846745007766,0.13117649604212167,0.8126385588699157,0.16117731691328957,0.07931705756134519,0.7156000000000003
595,1316,0.8225,101,2.2399286356578942,3.6702609902820402,0.49167446003549875,0.13108285384345789,0.8126385588699157,0.1611188189038756,0.07955920247344368,0.7142687500000003
596,1319,0.824375,102,2.238307016102793,3.6587199187172055,0.4930668703837062,0.13145367601134836,0.8126385588699157,0.16130956894702483,0.07992423044869468,0.7131437500000004
597,1314,0.82125,102,2.242483342592962,3.6599514433036386,0.49160023527952157,0.13188239168223787,0.8126385588699157,0.16140798217673094,0.07915148973447776,0.7131437500000004
598,1323,0.826875,104,2.2541123263756364,3.6684241820981196,0.49260028604000805,0.13362333405526852,0.8126385588699157,0.16160513192358752,0.07900314625332851,0.7117375000000004
599,1319,0.824375,103,2.2488309131767257,3.6688694073324313,0.4933424271563786,0.1333473197396736,0.8126385588699157,0.1616498884572553,0.07965822785496385,0.7118312500000005
600,1336,0.835,105,2.24498781549267,3.6526585177933413,0.4932121366000177,0.13345284217105302,0.8126385588699157,0.16152986241012782,0.07966791447371173,0.7103312500000004
601,1318,0.82375,106,2.2419459670140065,3.6615517653273626,0.492834252325419,0.13200598193162083,0.8126385588699157,0.16170944221237268,0.07984713345775353,0.7103312500000004
602,1306,0.81625,105,2.233243197718509,3.6633480370091447,0.4926269942073471,0.13098057044138042,0.8126385588699157,0.16175719399376362,0.07967348483325085,0.7100687500000004
603,1312,0.82,104,2.2362603078424867,3.6594326900595213,0.49333025652531515,0.1301117225400367,0.7709089094797116,0.16182781505906665,0.07953486745008928,0.7094875000000005
604,1313,0.820625,104,2.231206615764766,3.6562726025666326,0.49477897411871413,0.12981489531237686,0.7709089094797116,0.1617273066719145,0.07962781136870538,0.7094687500000003
605,1312,0.82,104,2.2323387882817407,3.6700942916715915,0.49600475019765733,0.12927304051327376,0.7709089094797116,0.16168641355447738,0.07923610829928959,0.7091687500000003
606,1299,0.811875,101,2.2361178914768027,3.6629974593752657,0.49606696580420323,0.1291424544688873,0.7709089094797116,0.16172756656066786,0.07924550920615454,0.7098062500000004
607,1307,0.816875,105,2.2368258672835704,3.6870926529932815,0.4968870175899762,0.1284252686557612,0.7709089094797116,0.16164266745287736,0.07897925943073039,0.7090750000000005
608,1299,0.811875,105,2.2418784331845627,3.6815984134598043,0.4980116270524478,0.12900491925812715,0.7709089094797116,0.16155510981821622,0.0792814061068953,0.7092812500000004
609,1307,0.816875,106,2.2306034050451067,3.688758798266565,0.4985419803789076,0.128004577869812,0.7709089094797116,0.16152991981892983,0.07859423286854864,0.7084562500000005
610,1283,0.801875,103,2.2282883486041336,3.6817178606844316,0.4998532040158004,0.1279439768715242,0.7709089094797116,0.161551264261295,0.0783638924796674,0.7087562500000004
611,1286,0.80375,102,2.22833149006109,3.6787517933228,0.5005084568166035,0.12832326783415446,0.7709089094797116,0.1615514099799115,0.07818505989991,0.7087750000000003
612,1286,0.80375,101,2.2305668870189064,3.6804599945234084,0.5003351071804593,0.1283089484798046,0.7709089094797116,0.16169928166602623,0.07818376826515204,0.7090562500000004
613,1291,0.806875,103,2.232912337010349,3.6999583953470143,0.5012475013580816,0.1275716956995101,0.7709089094797116,0.1618537216495311,0.07817912979478805,0.7078937500000003
614,1300,0.8125,103,2.234081786014137,3.70332203107706,0.4999908245897735,0.12754206442672641,0.7709089094797116,0.1620373003263541,0.07788204681845425,0.7072187500000005
615,1285,0.803125,100,2.2251973523222937,3.6847496362550425,0.5015781717852661,0.1272633626431985,0.7709089094797116,0.16176501009094754,0.07751633179883737,0.7079312500000003
616,1295,0.809375,100,2.226877603266166,3.68718472955488,0.5005119442779629,0.12745493839808664,0.7709089094797116,0.1619112901085661,0.07794464283205772,0.7077812500000005
617,1280,0.8,102,2.218442462082544,3.69122522463441,0.5002365064013742,0.12637682077049495,0.7709089094797116,0.1620708247763651,0.07774337075387712,0.7087937500000003
618,1281,0.800625,102,2.223405662895211,3.6844234575387977,0.5001471232900359,0.12703385806568745,0.7709089094797116,0.16203677729354068,0.07784471861980548,0.7090000000000003
619,1281,0.800625,102,2.2227351074906414,3.6957369207754933,0.4994806136491732,0.12726702522879538,0.7709089094797116,0.16197412763608204,0.07777593553545147,0.7081375000000003
620,1279,0.799375,102,2.2225493617728445,3.6849029034350935,0.4988332111844348,0.12743766023389994,0.7709089094797116,0.16208623477615547,0.07802214319442945,0.7074625000000004
621,1285,0.803125,102,2.227004285899296,3.6913190160949423,0.49846161428808183,0.12782938852018363,0.7709089094797116,0.16227272720751587,0.07839367531363475,0.7068437500000004
622,1284,0.8025,103,2.233666750271597,3.698961193384374,0.49808619728580816,0.12843191367201592,0.7709089094797116,0.16230497392315707,0.0787871820931155,0.7069000000000005
623,1292,0.8075,104,2.233104976599866,3.707249756347844,0.4971112518382536,0.12771504739378703,0.7709089094797116,0.16238932411068596,0.07858052647216035,0.7060187500000004
624,1290,0.80625,106,2.2276241847803666,3.7055614261822925,0.49872172492111344,0.12722500518253985,0.7709089094797116,0.1623692546118498,0.07854299447538937,0.7050250000000006
625,1298,0.81125,108,2.236548135147248,3.708292887084675,0.49942042275351434,0.12781710683778072,0.7709089094797116,0.16226131896443213,0.07839977209801907,0.7045187500000003
626,1292,0.8075,106,2.2303100636727997,3.688272767615151,0.4991231694595505,0.12745599911590014,0.7709089094797116,0.16236923158486977,0.07773267895648991,0.7049125000000004
627,1274,0.79625,103,2.2232322237655513,3.670851649451603,0.5002271250191791,0.1266195342488843,0.7709089094797116,0.16232395868558158,0.07793553516806306,0.7054000000000004
628,1274,0.79625,106,2.2245852714082703,3.6818687022639187,0.49981364774262227,0.1271726657325799,0.7709089094797116,0.16236514830022128,0.07736313480174546,0.7055500000000003
629,1270,0.79375,105,2.2226520990496983,3.6740824854266187,0.5008553012949667,0.1259578288375285,0.7709089094797116,0.16268070094770898,0.07712043394131152,0.7051937500000004
630,1277,0.798125,104,2.228025785510317,3.662964197943441,0.4980466243778803,0.12742763607331192,0.7709089094797116,0.16271082076180907,0.07721696586862634,0.7047062500000004
631,1288,0.805,104,2.2233967805289994,3.679071525505967,0.49720830311568825,0.12777509885733807,0.7709089094797116,0.16278356905188174,0.07717866640728631,0.7036375000000004
632,1282,0.80125,105,2.2137224816454344,3.6841426768488095,0.4985500725636702,0.12687139728439525,0.7709089094797116,0.16284263926704262,0.07743874130396276,0.7040875000000003
633,1278,0.79875,103,2.2077083310900187,3.674184838982448,0.49969312671618277,0.126683136741876,0.7089901041971807,0.16306091708805193,0.07797796697571065,0.7042000000000005
634,1276,0.7975,101,2.194831366979554,3.6755805643195054,0.49908335127731474,0.12579127568245338,0.6688340557984606,0.1629183197253989,0.07849527089393975,0.7041062500000004
635,1273,0.795625,100,2.188511725425303,3.663589368126825,0.49858569724540436,0.1252799505972206,0.6688340557984606,0.16310126188060767,0.07796349537654847,0.7042937500000004
636,1271,0.794375,99,2.1957329361362397,3.6675501155542762,0.500755110634162,0.12640809510021694,0.7417094229881601,0.1629420724329239,0.07782318773151475,0.7045562500000006
637,1266,0.79125,99,2.1942570931049525,3.66818579878777,0.5011254615874596,0.1258815080717271,0.7417094229881601,0.16287357627950141,0.07836963122695635,0.7054750000000004
638,1264,0.79,99,2.1935410151632073,3.6653065601221297,0.5021576737247109,0.12596587834489073,0.7417094229881601,0.16314981102071238,0.0789275223269623,0.7056625000000004
639,1271,0.794375,99,2.2088492648427613,3.681629065382743,0.5036591160365718,0.12709300284352495,0.7417094229881601,0.16311647404525503,0.07917531979784301,0.7052687500000004
640,1270,0.79375,100,2.209409799030835,3.6876642950664893,0.5041809221943339,0.12697045694106537,0.7438592574279718,0.16323537179779216,0.07869006767968555,0.7057375000000005
641,1263,0.789375,99,2.2085319245449857,3.680082988887045,0.504316721768487,0.1269226138869479,0.7438592574279718,0.16330913102615538,0.07771631470432916,0.7069937500000003
642,1278,0.79875,98,2.2141104904985567,3.6869475084826004,0.5035995858603873,0.12699483985385127,0.7438592574279718,0.16324077961508823,0.07800985414446121,0.7071250000000003
643,1262,0.78875,99,2.211549671285095,3.690751582122868,0.5028477637924462,0.12679434129804612,0.7438592574279718,0.16357054305909816,0.07788489378610015,0.7076312500000003
644,1261,0.788125,97,2.2086147722929037,3.6813405078367945,0.5005343840253654,0.12633476859799464,0.7438592574279718,0.16348045476087378,0.07785488821894682,0.7073500000000004
645,1255,0.784375,95,2.202687011799596,3.663505730543078,0.5004707525795254,0.12566181063021917,0.7438592574279718,0.1635556675753155,0.07850119826102671,0.7080062500000005
646,1263,0.789375,95,2.2049226065697782,3.6505280333962444,0.5018234538566109,0.12517128245738549,0.7438592574279718,0.1636200314254949,0.07855071592957359,0.7084562500000005
647,1256,0.785,94,2.202812505440339,3.652233408485498,0.5024916435593874,0.12473759020962535,0.7417094229881601,0.1636720824871569,0.07818357352485715,0.7091687500000003
648,1267,0.791875,99,2.2043714969017407,3.6743507070037316,0.5012571038116629,0.12466442546014155,0.7417094229881601,0.16367574179863292,0.07872293577810434,0.7087750000000004
649,1286,0.80375,100,2.2081832272291493,3.676705202417316,0.5023942469818314,0.12434780070132112,0.7417094229881601,0.16351012586469477,0.07923795093242564,0.7076125000000004
650,1258,0.78625,98,2.2050039102466563,3.659779341558174,0.5043917560398404,0.12412167353675371,0.7417094229881601,0.16365301375902394,0.07888091709097604,0.7089062500000003
651,1269,0.793125,100,2.201288578530915,3.6558139591179284,0.5051360103896456,0.12424502009234482,0.7417094229881601,0.1638811471979061,0.07829758898212064,0.7088125000000005
652,1274,0.79625,101,2.2063402606588447,3.666029744613656,0.5043821908930549,0.12469625709232329,0.7417094229881601,0.16391944375700762,0.078780403866761,0.7090750000000005
653,1287,0.804375,102,2.205257875538652,3.676919695081354,0.5047810736360991,0.12422165887000243,0.7417094229881601,0.16384758905143054,0.07852263166253606,0.7088687500000005
654,1295,0.809375,102,2.207630091154297,3.688640744309466,0.5049733471704104,0.1241438810156378,0.7417094229881601,0.16387113389525407,0.07854703274228975,0.7085875000000005
655,1291,0.806875,102,2.2041495882924123,3.697313544586603,0.5041834956640344,0.1233379216271545,0.7417094229881601,0.16398176004693785,0.07886968552554213,0.7084750000000004
656,1272,0.795,102,2.2043634501230063,3.696472457103167,0.5051018378636898,0.12279552138303504,0.7417094229881601,0.16391834872055464,0.07877526538574527,0.7089437500000002
657,1263,0.789375,103,2.201702200071261,3.6964871703497404,0.5044869414287633,0.12341535044918832,0.7417094229881601,0.1637291796056532,0.07869187609094264,0.7092812500000005
658,1260,0.7875,106,2.2033705464072617,3.7093162584562593,0.5051777673930428,0.12355200107758503,0.7417094229881601,0.1639304677318449,0.07939429313945448,0.7098625000000004
659,1264,0.79,106,2.2027119775312607,3.6936804069846856,0.5045105925930526,0.12438588785634704,0.7417094229881601,0.16405836006814814,0.07911491780246639,0.7097500000000005
660,1277,0.798125,106,2.208703765793202,3.6878831967232215,0.5043082911400756,0.12520748618217073,0.7417094229881601,0.16397180810408066,0.07933509461171585,0.7090375000000004
661,1273,0.795625,105,2.2096683580208323,3.6909933651441222,0.503846996613673,0.12559580377996393,0.7417094229881601,0.16382272841767645,0.0785830325122699,0.7094312500000004
662,1280,0.8,107,2.2074474623710416,3.6791539105448887,0.5028746432547511,0.12581251994658238,0.7417094229881601,0.16378138383137203,0.07824460441367183,0.7095250000000004
663,1278,0.79875,108,2.202488476929454,3.686119346347967,0.5026427141589899,0.12473368136506531,0.7417094229881601,0.16397003985584807,0.07851587914926121,0.7097125000000004
664,1283,0.801875,107,2.1966181565632,3.67690915371849,0.5027223766360751,0.12450683374817603,0.7417094229881601,0.16422740971898692,0.07817321684464712,0.7086437500000003
665,1275,0.796875,106,2.199120799593416,3.6848001172118745,0.5050308895367134,0.12404178435850396,0.7417094229881601,0.16396210572292122,0.07817801458800203,0.7086250000000004
666,1277,0.798125,107,2.1944050302184985,3.68387345483012,0.506087559888943,0.12389130355928471,0.7417094229881601,0.16410485374426018,0.07806491239586032,0.7083062500000002
667,1280,0.8,108,2.1969521986444978,3.7120502322819924,0.5052524713895408,0.12348565141334361,0.7417094229881601,0.16424374425672955,0.07843732870909206,0.7078562500000005
668,1267,0.791875,109,2.2008147056331464,3.7112860012261,0.5051970458285165,0.12394600357809225,0.7736372020858758,0.16434228400596843,0.07845200382231851,0.7084562500000005
669,1273,0.795625,109,2.1967728460693774,3.7008813979199715,0.5050934057817055,0.12371458262199722,0.7736372020858758,0.16465626178136025,0.07895720216336348,0.7084375000000004
670,1283,0.801875,109,2.199154771408533,3.722150283635933,0.505197272848442,0.12373360373436819,0.7736372020858758,0.16461354652505708,0.07853617679959761,0.7081375000000004
671,1275,0.796875,111,2.2079483680379615,3.730592972494253,0.504261115396709,0.12456252711542515,0.7736372020858758,0.16468196932508056,0.07785859316744488,0.7088875000000004
672,1269,0.793125,111,2.2085935385962094,3.7342154660756033,0.5050362759782685,0.12417166757769148,0.7736372020858758,0.16471082473087642,0.07865416304686858,0.7095062500000004
673,1260,0.7875,112,2.209314000233893,3.7434837752022814,0.5054207482790746,0.12374113117332844,0.7736372020858758,0.1649151549883717,0.07843439272984681,0.7098250000000005
674,1251,0.781875,113,2.199194767613992,3.745059710701642,0.5081460613488863,0.12245345300716895,0.7741152842691086,0.1651012733288211,0.07814373748704752,0.7105562500000004
675,1241,0.775625,115,2.201888315378797,3.740684268985447,0.5066098104586391,0.12266258910445528,0.7741152842691086,0.16515078283188347,0.0783254904900119,0.7108187500000004
676,1234,0.77125,115,2.200344433007558,3.7548189323503998,0.5060983939770611,0.1227450486440817,0.7741152842691086,0.16511947543381245,0.07827867939149068,0.7121500000000005
677,1239,0.774375,115,2.191941647686504,3.7494078208472112,0.5082339195627377,0.12220223884824796,0.7741152842691086,0.1652448162172679,0.07827662436590997,0.7117750000000004
678,1235,0.771875,114,2.1953568730496107,3.7359712725292837,0.5072673817734324,0.12197588817331709,0.7741152842691086,0.16529138612586095,0.07838370108222338,0.7121312500000004
679,1257,0.785625,115,2.2027270494875992,3.7488143032376393,0.5053834710182976,0.12255490764763273,0.7741152842691086,0.16559833226599377,0.07836456192451792,0.7114000000000005
680,1284,0.8025,116,2.2045636324826954,3.7466719912084985,0.5049443038035495,0.1237963665943832,0.7741152842691086,0.16555023391972906,0.07840263602311155,0.7109312500000005
681,1274,0.79625,117,2.2089324288167833,3.7425048377038737,0.5061471441999545,0.12456654464072256,0.8468156865141926,0.1655843821209981,0.0780735020529033,0.7111750000000003
682,1279,0.799375,120,2.2173360684139003,3.747992863472137,0.5052512422377147,0.12474648525299525,0.8468156865141926,0.1656154602941533,0.07805640193516887,0.7108187500000004
683,1285,0.803125,119,2.216583786148989,3.750959085711276,0.5060313761273982,0.12375492486179719,0.8468156865141926,0.16566598712912484,0.07780532909417583,0.7104062500000003
684,1263,0.789375,117,2.2151388095977915,3.7675143353988623,0.5070180826056131,0.1236510404787159,0.8468156865141926,0.1656595333938783,0.07763324168663359,0.7113250000000005
685,1267,0.791875,118,2.2140523708912747,3.771059608007998,0.5080390784949378,0.12366794389412816,0.8468156865141926,0.1656580188819887,0.07775170469609603,0.7114000000000005
686,1260,0.7875,120,2.2126985789965987,3.7732776240691774,0.5087832435101776,0.12329270238846202,0.8468156865141926,0.1657499866718138,0.07779310756791934,0.7111187500000006
687,1261,0.788125,118,2.212178746533204,3.7531428812659806,0.5071545758566718,0.12336160831865711,0.8468156865141926,0.1656822775819753,0.0776393074694913,0.7112687500000004
688,1265,0.790625,120,2.2150577408270182,3.765868473272182,0.5069521892704336,0.12389256139762699,0.8468156865141926,0.1656766620738731,0.0775782825121917,0.7115312500000005
689,1267,0.791875,119,2.218938787716567,3.764066006793785,0.5077734681090375,0.12445676238110699,0.8468156865141926,0.1657267973782621,0.0774738422320046,0.7115125000000004
690,1270,0.79375,118,2.2135006543704274,3.755934782383002,0.5096417962547617,0.12394360777392685,0.8410063685267398,0.16579636443014917,0.07713151349050977,0.7111937500000005
691,1276,0.7975,117,2.2113859126649125,3.752598295865109,0.5100174162634197,0.12343605954289406,0.8410063685267398,0.1658666580099772,0.07682223300354507,0.7101625000000006
692,1264,0.79,112,2.2104250199043793,3.7383827603624016,0.5081283704646165,0.12431401553256284,0.8410063685267398,0.16569451448002995,0.07795806327619403,0.7114000000000005
693,1278,0.79875,111,2.220058490593649,3.743735068522026,0.5089857927607301,0.12526063823581526,0.8410063685267398,0.1655029321716699,0.07884998422238215,0.7111937500000005
694,1279,0.799375,110,2.210596568670407,3.7416720994021957,0.5089924789162459,0.12477169516928843,0.8410063685267398,0.1654695709082056,0.07834501481476057,0.7114187500000005
695,1271,0.794375,108,2.2187102147906876,3.723855839280098,0.5087118389163438,0.1254344814759845,0.8410063685267398,0.16548381835445664,0.0778726359778092,0.7118312500000005
696,1277,0.798125,111,2.232417596922588,3.7320241142897754,0.5093361963086774,0.12654743609396918,0.8410063685267398,0.16546135996388578,0.07816040711675382,0.7117375000000004
697,1269,0.793125,109,2.226731761030314,3.7272759268356057,0.5086772718791283,0.12602525216192378,0.8410063685267398,0.16537193498517136,0.07833542647772619,0.7128625000000004
698,1263,0.789375,109,2.217539122796243,3.7291214725961104,0.5096945332115876,0.12546152575022662,0.8410063685267398,0.16519716784890925,0.0780982532447897,0.7131812500000003
699,1264,0.79,110,2.212291884134665,3.7314194960280442,0.508241454413927,0.12568473710102068,0.8410063685267398,0.165387731303821,0.07697296912233205,0.7134062500000005
700,1262,0.78875,109,2.206238969040369,3.7008267504532197,0.5087150576263,0.12523654281989147,0.8410063685267398,0.16540385187599624,0.0775048799738375,0.7135187500000005
701,1272,0.795,110,2.2099252695123135,3.690979722115948,0.5085079186493767,0.1250718313434568,0.8410063685267398,0.16533434132358793,0.0773250782799421,0.7129000000000005
702,1288,0.805,110,2.2070837565326884,3.6902589789450415,0.5077255902463664,0.12511805733594528,0.7683059662816558,0.16524968414094124,0.07786720564256369,0.7124125000000003
703,1294,0.80875,111,2.2098366311138564,3.6903325115193417,0.5083805501378866,0.12470325022916344,0.7683059662816558,0.16536574447508107,0.07807945283461837,0.7124875000000004
704,1308,0.8175,113,2.207801990467562,3.7061621479857454,0.5081007372254738,0.12494717480335649,0.7814213406630195,0.16530746208365993,0.0777452260922747,0.7117000000000004
705,1304,0.815,112,2.2004039578881374,3.6947162255272925,0.509288333886703,0.12466414227632505,0.7814213406630195,0.16547352851256578,0.07780259206004535,0.7120000000000004
706,1313,0.820625,113,2.204768170064006,3.7263686476965825,0.5087161665844586,0.12470341682444962,0.7814213406630195,0.1654495980237781,0.07767633002553948,0.7109312500000005
707,1314,0.82125,113,2.2008868116034197,3.7166914215988105,0.5085529531631348,0.12408975868908483,0.7833765218878697,0.16556331558599546,0.07746107823332146,0.7098250000000005
708,1291,0.806875,113,2.2058734117771364,3.7084155367140035,0.5080674475811188,0.12554048235174792,0.7833765218878697,0.16545972703004894,0.07759854875516063,0.7109125000000003
709,1295,0.809375,111,2.194082519402904,3.686750469835128,0.5081818116478879,0.12416255497999698,0.7833765218878697,0.16553355254978191,0.07734064382845511,0.7109125000000005
710,1308,0.8175,113,2.190125486186322,3.698974679880707,0.5087439432043468,0.12425426282092353,0.7833765218878697,0.16556353827529846,0.0772626539965851,0.7099187500000005
711,1300,0.8125,113,2.194379826206451,3.7003375408686483,0.5089913219386678,0.12428800777699704,0.7833765218878697,0.16570547944429861,0.07772536400060781,0.7100312500000004
712,1292,0.8075,113,2.1947593682886626,3.6844548241650545,0.5078999353207361,0.12439830363382832,0.7833765218878697,0.1659729142285728,0.07767499887863862,0.7098437500000004
713,1285,0.803125,114,2.192262707979298,3.6986192643186637,0.5093713226193474,0.12248136589156187,0.7833765218878697,0.1659213274787634,0.0775068047505685,0.7100875000000005
714,1289,0.805625,114,2.19551888952984,3.7151993103603473,0.509286020434697,0.1229100434511054,0.7833765218878697,0.16578560710162646,0.07757487686634355,0.7098250000000005
715,1294,0.80875,114,2.19886012245193,3.7096500839366193,0.5080070387948701,0.12349334784970228,0.7833765218878697,0.16598747546789758,0.07699232372262658,0.7088875000000004
716,1304,0.815,114,2.2017828474408208,3.7116093585010344,0.5084316911426078,0.12329463275015691,0.7833765218878697,0.16581480852909183,0.07717929526198838,0.7083437500000004
717,1305,0.815625,114,2.1930128458200766,3.703554785866759,0.5089339425367067,0.12276270273007894,0.7833765218878697,0.16585231262605923,0.07730664336797827,0.7083625000000003
718,1310,0.81875,117,2.190238726440361,3.6978417448073317,0.5084607741609442,0.12209202279463874,0.7833765218878697,0.16599056439274917,0.07682199659975725,0.7070500000000004
719,1304,0.815,119,2.190933469640044,3.705974442872225,0.5079709008109616,0.12185483485633448,0.7833765218878697,0.1658502337989875,0.07693923194808507,0.7060562500000005
720,1301,0.813125,117,2.1914347532901823,3.7050273239897744,0.5078911741894853,0.12171919740865089,0.7833765218878697,0.1659274387623478,0.07763637821198005,0.7063000000000005
721,1304,0.815,116,2.192119591422501,3.716723933641127,0.5068590528110061,0.12142346802840655,0.7833765218878697,0.16575228692753488,0.0770105724802999,0.7054750000000004
722,1291,0.806875,116,2.1962999318905423,3.722246791608484,0.506976694772749,0.12216815503905344,0.7833765218878697,0.16552939262462105,0.07743983180875659,0.7055500000000005
723,1303,0.814375,115,2.19542666755787,3.7120407784028098,0.5065950625081971,0.12181912456725699,0.7833765218878697,0.16569048590559454,0.07742731065352682,0.7047250000000005
724,1298,0.81125,113,2.1898751827241454,3.704238822539939,0.5065645711990899,0.12184478428328316,0.7833765218878697,0.16579225763951233,0.07728561339617737,0.7041437500000004
725,1294,0.80875,111,2.184314489487808,3.691176473056672,0.5070819032702905,0.12157964679968707,0.7833765218878697,0.16590942068167172,0.07755132897231513,0.7046125000000005
726,1307,0.816875,111,2.188466396758864,3.698044907860762,0.5082121314957803,0.12110285063712216,0.7833765218878697,0.16600126909633015,0.07744809345935447,0.7039750000000004
727,1309,0.818125,110,2.191826354654823,3.6988689415687177,0.5080324493656326,0.12126638916892464,0.7833765218878697,0.16604879831695132,0.0772693776855098,0.7036937500000005
728,1291,0.806875,109,2.1997713641144583,3.6976507007668507,0.5080990952507063,0.12181272216373923,0.7833765218878697,0.16617852077172915,0.07652398408545348,0.7044625000000004
729,1287,0.804375,108,2.193998892125285,3.708748402578284,0.5067825058210385,0.1209882513327899,0.7833765218878697,0.16605528098019412,0.0768067876166682,0.7044062500000003
730,1295,0.809375,107,2.1976581632196517,3.720623291803457,0.5074478521389808,0.12077759963843206,0.7833765218878697,0.16611695069925408,0.0765480081545412,0.7032062500000004
731,1299,0.811875,108,2.189806779334328,3.7089865444492096,0.5070518782120709,0.1200117498597847,0.7833765218878697,0.16631343951460306,0.07671656171832587,0.7025687500000004
732,1301,0.813125,107,2.1892856035509882,3.7120622139027923,0.5084825485428793,0.12011429582992568,0.7833765218878697,0.1664110240261756,0.07715707941508552,0.7018187500000005
733,1299,0.811875,110,2.1973890461361543,3.7196773688163356,0.5077368455418176,0.12137083772600717,0.7833765218878697,0.1664674789474497,0.07682903849020258,0.7019687500000004
734,1292,0.8075,111,2.201125594253477,3.729228347098613,0.5081815625965685,0.12177565922729022,0.7833765218878697,0.1664369124829011,0.07751266846062843,0.7030375000000005
735,1288,0.805,109,2.2108934409063004,3.7216619070658363,0.5071306263919115,0.12378530925846878,0.7833765218878697,0.1665602948591633,0.07733837119448032,0.7028500000000004
736,1310,0.81875,109,2.2051419375353665,3.724711598519496,0.5069781395091433,0.12293688733361853,0.7833765218878697,0.16636966379348359,0.07677188908166631,0.7015750000000003
737,1310,0.81875,111,2.206210175722217,3.7228549253003287,0.5059830204198548,0.12276807223509825,0.7833765218878697,0.16645484192886983,0.07660159071383286,0.7014437500000006
738,1293,0.808125,109,2.2047502976370303,3.71656687238588,0.506108020223122,0.12195959845475117,0.7833765218878697,0.1665739814102544,0.07646475374785215,0.7015562500000004
739,1307,0.816875,110,2.1921516739338385,3.716544368283558,0.505854950516282,0.12077748308209431,0.7833765218878697,0.1666796230716562,0.07662385640517816,0.7004500000000005
740,1310,0.81875,111,2.1856899688664297,3.711013199615471,0.5054329864981956,0.11955550759639917,0.7833765218878697,0.16654977552131844,0.07644640034421546,0.7001875000000005
741,1305,0.815625,110,2.1817760148311054,3.691955490761342,0.5045567730541791,0.11923327291715745,0.7833765218878697,0.1668916327847301,0.07625626615658543,0.7002062500000004
742,1309,0.818125,110,2.1831733859539555,3.694228527508429,0.5054525424601812,0.11884754713241076,0.7833765218878697,0.16676301189184786,0.07653948304793445,0.6997375000000003
743,1308,0.8175,110,2.189715211603695,3.7012969502217086,0.5052608537612068,0.11984231976945492,0.7833765218878697,0.16655244353654244,0.07607320437981854,0.6992875000000004
744,1324,0.8275,110,2.1894317582163576,3.691568757527758,0.506442333898533,0.11916165393939959,0.7833765218878697,0.1664604328456304,0.07659692689331282,0.6984437500000005
745,1328,0.83,110,2.188863386408422,3.6870000728924652,0.5055004687660897,0.11918280896251875,0.7833765218878697,0.16650378130723517,0.0767220983983575,0.6985937500000005
746,1335,0.834375,112,2.187176070139616,3.684425409782617,0.5060746114397184,0.11940332766818418,0.7833765218878697,0.166738812992779,0.07630633464759966,0.6978812500000003
747,1332,0.8325,111,2.186354551658296,3.685339740691339,0.5056724490945435,0.11961449786221269,0.7833765218878697,0.16684749228210116,0.07638291724750018,0.6970375000000004
748,1342,0.83875,113,2.191745466557123,3.698280709739224,0.5056076164889759,0.12062811173894016,0.7833765218878697,0.1668890015532922,0.07567426867368884,0.6960812500000004
749,1324,0.8275,112,2.190209926863451,3.679336732707445,0.506000180494955,0.12052077250268654,0.7833765218878697,0.1668409688837208,0.07576657705582546,0.6965125000000004
750,1326,0.82875,114,2.1871738752676384,3.668362481976182,0.5065395560668745,0.12005974340222167,0.7833765218878697,0.1667510079717312,0.07517191160763184,0.6960250000000004
751,1318,0.82375,113,2.193575123293555,3.6604187035163838,0.5078008288555469,0.1204213162248286,0.7833765218878697,0.1667518850924539,0.07476457455097879,0.6954250000000005
752,1309,0.818125,112,2.1911156983508415,3.650923988606749,0.5077094514368424,0.1203936619686588,0.7833765218878697,0.1668490851395036,0.07457224530405156,0.6954625000000004
753,1306,0.81625,112,2.194698992747888,3.6500131007828513,0.5081060348092513,0.1201939188991977,0.7833765218878697,0.16693112231501944,0.07482018095836618,0.6954437500000005
754,1283,0.801875,111,2.201173555659543,3.6559504726146543,0.5092317647385097,0.12159455200627203,0.7833765218878697,0.1669755384015114,0.07608157315011012,0.6963625000000003
755,1273,0.795625,111,2.197251236539465,3.649146069009818,0.5095315802953099,0.12146603431750277,0.7833765218878697,0.16698986275170322,0.07563492912067854,0.6967375000000005
756,1283,0.801875,110,2.2032608667269633,3.654543668549529,0.5082922055635201,0.12277964208243676,0.7833765218878697,0.16688144164108717,0.07549723597087772,0.6970000000000005
757,1283,0.801875,110,2.20227574160478,3.635061313933023,0.5072554769166309,0.12283254346910898,0.7833765218878697,0.16703157145311762,0.07577066829467999,0.6967000000000004
758,1284,0.8025,109,2.194563586068329,3.629194371060179,0.5068875849053143,0.12233249600472436,0.7833765218878697,0.16705207132936253,0.0760165463683399,0.6971312500000004
759,1268,0.7925,108,2.1970673231747706,3.6332209597314487,0.5084949804015609,0.12221309052579407,0.7833765218878697,0.1669323754749078,0.07609838626722541,0.6981812500000004
760,1269,0.793125,105,2.194053984846636,3.6236175216896656,0.508274406209091,0.1213743914160414,0.7814213406630195,0.16686023985859044,0.07560099880680596,0.6981062500000005
761,1269,0.793125,106,2.1952808421224885,3.636587641384742,0.5063085955979629,0.12122252907536761,0.7814213406630195,0.16687466583533297,0.07536360553704244,0.6979187500000005
762,1301,0.813125,107,2.1918399260358465,3.634248089796054,0.5063035094080008,0.12157990849332953,0.7814213406630195,0.16700646656278922,0.07554607422192011,0.6958187500000005
763,1305,0.815625,112,2.1909898546225253,3.6479358477664094,0.5062981359424099,0.12138472577362247,0.7814213406630195,0.1669768953901041,0.07524318625159315,0.6953125000000004
764,1308,0.8175,112,2.199455625329351,3.6475703210038968,0.5051410556729891,0.12175516588134525,0.7814213406630195,0.16680615489736123,0.07510239411903921,0.6946187500000004
765,1291,0.806875,113,2.2027572977463743,3.6599223611428386,0.5031812052708745,0.12183422746151511,0.7814213406630195,0.16688647135149087,0.07480192441756729,0.6952562500000005
766,1297,0.810625,113,2.205114833775771,3.666431697343484,0.5030009927487277,0.12175449121791516,0.7814213406630195,0.16694367939030272,0.0748734478738399,0.6946937500000004
767,1298,0.81125,111,2.2057104098541056,3.6555797367827165,0.5024886726887323,0.12192044756671067,0.7814213406630195,0.1670620009251643,0.0744382725532067,0.6938125000000005
768,1294,0.80875,112,2.209249519180145,3.6639320104873936,0.5023736663189633,0.12228608286912611,0.7814213406630195,0.16700508175255824,0.07454572605705824,0.6943750000000003
769,1297,0.810625,113,2.2060995147268168,3.6585761203466873,0.5013869403566359,0.12124096893454148,0.7814213406630195,0.16711256650474404,0.0742292573625122,0.6943000000000004
770,1300,0.8125,114,2.2069897175058597,3.6630787491409253,0.5010318898091435,0.12126308428771333,0.7814213406630195,0.16713456269079682,0.07386111731504716,0.6941875000000004
771,1288,0.805,112,2.2086292186197913,3.6534875960019737,0.5019936942377471,0.12120013908192435,0.7814213406630195,0.16728672245427098,0.07414689974160694,0.6947125000000004
772,1297,0.810625,112,2.2213431715222463,3.6601695505233134,0.5013173430477832,0.12213486305115537,0.8245309048051173,0.16733711451798253,0.07469067744602052,0.6943562500000005
773,1298,0.81125,112,2.217321640677177,3.678323523817269,0.501336552104446,0.12172943264503416,0.8245309048051173,0.16758160077710546,0.07501856432221408,0.6933250000000004
774,1285,0.803125,112,2.2203238274472965,3.67601562325533,0.49931880791154,0.12205169141141768,0.8245309048051173,0.1675261125843252,0.07467171441591663,0.6937562500000004
775,1297,0.810625,109,2.2210972579063197,3.6844988611740632,0.49847476095212884,0.12157390056673971,0.8245309048051173,0.16772883460805396,0.07497172643684694,0.6925562500000004
776,1290,0.80625,109,2.2130101938011757,3.676887866650536,0.4975702513984738,0.12047794345993941,0.8245309048051173,0.1680105955944914,0.07553496028059806,0.6923687500000005
777,1301,0.813125,108,2.209862903104265,3.66478103630893,0.49607976530424425,0.12056520321312024,0.8245309048051173,0.16836428260006328,0.07565171892611092,0.6917125000000004
778,1307,0.816875,109,2.209872942163824,3.665886518420437,0.49547223301396,0.12029329022421957,0.8245309048051173,0.16850556884093168,0.07584925617245787,0.6912625000000004
779,1299,0.811875,108,2.2084366249890084,3.653195982314105,0.4951165438728867,0.12056142034522159,0.8245309048051173,0.16838321097592873,0.07597058276074242,0.6915812500000004
780,1278,0.79875,106,2.2210027460429913,3.653620297648402,0.4957490377797087,0.1219236812113528,0.8245309048051173,0.16821765921007242,0.07577942171926488,0.6926875000000003
781,1294,0.80875,104,2.2220994766207043,3.636201067353559,0.4961341159594555,0.1222914168856218,0.8245309048051173,0.16827404425176526,0.0762979981970112,0.6915250000000005
782,1293,0.808125,103,2.2215487703085737,3.6260391145074484,0.4966384593433114,0.1216321768196705,0.8245309048051173,0.1682389227376846,0.0767133394610325,0.6915250000000006
783,1300,0.8125,104,2.225152000648845,3.64064087706157,0.4968148637343938,0.12187192657792432,0.8245309048051173,0.16842123958286478,0.07690175763265933,0.6915437500000005
784,1293,0.808125,107,2.2264358649045826,3.6699345348648316,0.49679665812336954,0.12175496594814142,0.8245309048051173,0.16857385730809737,0.07634156496252179,0.6912625000000006
785,1299,0.811875,109,2.239699866187265,3.69381860659749,0.4971002003909407,0.12289428222616895,0.8245309048051173,0.16844648793401287,0.07613985160724675,0.6903812500000005
786,1291,0.806875,111,2.248229151490823,3.713838377998774,0.49805505974603337,0.12398231951588523,0.8245309048051173,0.16845698802791365,0.07541079931031298,0.6900062500000004
787,1274,0.79625,110,2.2525999243253336,3.7067579550980922,0.49607491373840346,0.12483408747323271,0.8245309048051173,0.16845961376827778,0.0754823807434004,0.6903812500000004
788,1282,0.80125,111,2.2463277336269476,3.701047820564255,0.49684665000031986,0.1246886897409076,0.7814213406630195,0.16861515325030346,0.07566629522278857,0.6904187500000003
789,1281,0.800625,110,2.245063264222679,3.6978642847989334,0.4983806019660344,0.12440401693447735,0.7814213406630195,0.16868566233260288,0.07527733516336063,0.6903250000000004
790,1278,0.79875,111,2.244269752522497,3.682356679309337,0.49721799999378835,0.12415537815219255,0.7814213406630195,0.1684443184335406,0.07541648553797155,0.6909812500000004
791,1273,0.795625,110,2.24635468915293,3.684124298316119,0.49795729388008203,0.12380332412370323,0.7814213406630195,0.16827886202907327,0.0752256388517745,0.6909812500000004
792,1270,0.79375,108,2.2451562309959026,3.697192456519721,0.4967384706718303,0.12343228311863247,0.7814213406630195,0.1684645487332716,0.07600871990883952,0.6903812500000004
793,1267,0.791875,108,2.249717058225342,3.700199106312752,0.49576592344804077,0.12391675088149154,0.7814213406630195,0.16829922377395878,0.0761856862766011,0.6915625000000004
794,1270,0.79375,108,2.24721234395392,3.704815958926984,0.49698444841826495,0.12381422008210094,0.7814213406630195,0.16835001665053892,0.07604220544019775,0.6919562500000004
795,1255,0.784375,108,2.2499805904296237,3.7062114748281556,0.497231928966741,0.12432976419030484,0.7814213406630195,0.1683343936763153,0.07618960123267017,0.6925187500000004
796,1248,0.78,112,2.2556703520723183,3.7080363424276737,0.4984354865082706,0.12467664818342046,0.7814213406630195,0.1684265269648119,0.07602647966010564,0.6928750000000005
797,1242,0.77625,114,2.258031046585147,3.722407741363953,0.4996126478459895,0.12471949377373256,0.7814213406630195,0.1686251545105923,0.07560974015279455,0.6932875000000004
798,1235,0.771875,112,2.2631323489282553,3.7029142493734715,0.500828672818002,0.12490395961826006,0.7814213406630195,0.16839334920571325,0.07564490763754554,0.6941312500000003
799,1229,0.768125,112,2.263513787103186,3.7103607196402115,0.5016285078833858,0.12484458462005756,0.7814213406630195,0.16842417773390286,0.07570941237058912,0.6956875000000005
800,1232,0.77,113,2.266153308332542,3.7166658392595,0.5005326175023842,0.1255641439578227,0.7814213406630195,0.16882168431868358,0.07613958413899308,0.6959500000000004
