tick,population,occupancy,n_lineages,shannon_eco,shannon_lin,mean_theta,theta_std,theta_range,mean_r,mean_fitness,mean_resource
1,20,0.0125,19,2.38888971472958,2.9264175554979968,0.48636792495074077,0.24545012424430532,0.8375882270987384,0.14999999999999997,0.08400219531145718,0.9999250000000001
2,20,0.0125,19,2.38888971472958,2.9264175554979968,0.4863679249507406,0.24545012424430532,0.8375882270987384,0.14999999999999997,0.07559949200347607,0.9999437499999999
3,26,0.01625,22,2.3848673871875286,3.0448204824645773,0.48501698696033435,0.24159659967848995,0.8375882270987384,0.14999999999999997,0.0667408475194554,0.9995124999999999
4,26,0.01625,22,2.4713804863596534,3.0448204824645773,0.4847514568176178,0.24124857409477524,0.8375882270987384,0.14999999999999997,0.06408133166079583,0.99945625
5,26,0.01625,21,2.451255557753324,2.9915014685753505,0.4678344079617852,0.2409643714808353,0.8375882270987384,0.14999999999999997,0.06542162972965475,0.9993625
6,26,0.01625,23,2.4381864010767553,3.098139496353804,0.45018137923838597,0.23801354457980484,0.8375882270987384,0.14999999999999997,0.06906321377538091,0.9991749999999999
7,28,0.0175,24,2.4936374528658085,3.115475024880771,0.43401040510379374,0.24223954975550913,0.9135075738473298,0.15,0.07533036263940356,0.9989875
8,30,0.01875,24,2.4162539418985833,3.0777286974008478,0.4241166561626842,0.2384076978983758,0.9135075738473298,0.15000000000000002,0.07818744309905488,0.9988187500000001
9,35,0.021875,26,2.4811911256300516,3.127386308124558,0.4336468649567414,0.24890189783966554,0.920771996946034,0.15000000000000002,0.0710228589238604,0.99848125
10,36,0.0225,26,2.447648671203833,3.099867493555584,0.4141435171361636,0.2368749675417323,0.920771996946034,0.15000000000000002,0.07669498355469519,0.99833125
11,38,0.02375,27,2.449469364720576,3.12913893548156,0.40171469913012653,0.237861006511541,0.920771996946034,0.15000000000000005,0.07726307181755734,0.9982749999999999
12,40,0.025,27,2.4561964217744263,3.1365398730253577,0.40161685870804237,0.23461557600648147,0.920771996946034,0.15,0.07649513510142458,0.9981812499999999
13,45,0.028125,29,2.4358681555952004,3.1924678078142588,0.4037055346360623,0.23167014160992852,0.920771996946034,0.15000000000000005,0.08056955375609397,0.99799375
14,43,0.026875,27,2.3789581515213505,3.118438239227918,0.41630118273526456,0.22858796468947587,0.9135075738473298,0.15000000000000002,0.08344532804190329,0.99821875
15,43,0.026875,26,2.358887309257273,3.066127993216866,0.4155012006978453,0.22718674597636598,0.9135075738473298,0.15000000000000002,0.08666925591558149,0.99829375
16,47,0.029375,27,2.3204635880047184,3.0599036425535675,0.41565188567187344,0.22665316938785507,0.9135075738473298,0.15000000000000005,0.08879905720360938,0.99810625
17,49,0.030625,27,2.3654505217785853,3.0437994674385767,0.4108690233049918,0.22400716355108882,0.9135075738473298,0.15000000000000002,0.09118389060907303,0.9978812499999999
18,55,0.034375,28,2.369364710420488,3.0907524565279716,0.4090617209640671,0.20845574474775896,0.9135075738473298,0.15000000000000002,0.08804315015569297,0.997375
19,60,0.0375,29,2.429416762519129,3.138137630204033,0.41243951754687624,0.21902084466220106,0.9193019628995657,0.15000000000000002,0.08944369571125486,0.996925
20,64,0.04,29,2.4069332836192885,3.128699416865686,0.4131060429387659,0.21616582090062927,0.9193019628995657,0.15,0.09162450554634441,0.9967937499999999
21,67,0.041875,30,2.4199238562156147,3.1378727373000013,0.40595755373055215,0.21300823777913142,0.9193019628995657,0.15000000000000002,0.09139363553773591,0.996625
22,68,0.0425,30,2.4035132838985636,3.1130680785257305,0.404316176273369,0.21236892939281132,0.9193019628995657,0.15000000000000002,0.0896365780511459,0.99653125
23,73,0.045625,31,2.4225379054763896,3.149016953385366,0.40141831689831375,0.21049509474870015,0.9193019628995657,0.15,0.08553728654400444,0.9960999999999999
24,78,0.04875,31,2.3770741611060844,3.1250097566725565,0.40409106676594014,0.21420961571113856,0.9193019628995657,0.15000000000000002,0.08789615693894641,0.99563125
25,82,0.05125,32,2.402294457649149,3.175743506671483,0.4005751065231729,0.21048872475654182,0.9193019628995657,0.15,0.08968596007562046,0.9953125
26,94,0.05875,33,2.443153418246551,3.1956317196833073,0.39429809430919144,0.20226506210058812,0.9193019628995657,0.15,0.08906522560181486,0.99446875
27,98,0.06125,32,2.4142006122302826,3.1786849286277308,0.3946254287594626,0.19846672043868227,0.9193019628995657,0.14999999999999997,0.09073581525674589,0.9941312499999999
28,101,0.063125,32,2.3718729276694983,3.1430945237908317,0.38006714456114954,0.18870146109272382,0.9193019628995657,0.15,0.09182220248405237,0.9938874999999999
29,106,0.06625,31,2.3441917770173264,3.074432455229173,0.3791448987454037,0.18648120566167775,0.9193019628995657,0.14999999999999997,0.08934629161280518,0.99371875
30,107,0.066875,30,2.3356969665719136,3.0252476377954762,0.3804366742319618,0.18683207913278746,0.9193019628995657,0.14999999999999997,0.09073378735247421,0.9935874999999998
31,114,0.07125,29,2.282834967863586,2.947292408152816,0.37466882018936903,0.1853394220053117,0.9193019628995657,0.14999999999999994,0.09087269987421782,0.9929499999999999
32,121,0.075625,29,2.2805094109245023,2.936136953909614,0.3705687055425316,0.1848397514380042,0.9193019628995657,0.14999999999999997,0.09124563015620268,0.99251875
33,119,0.074375,29,2.224692841735674,2.948828941542169,0.3577757402176314,0.17860617672892445,0.9193019628995657,0.14999999999999988,0.09214921345019818,0.9924250000000001
34,125,0.078125,29,2.1184130244073405,2.9488989594118458,0.3486216352320151,0.17228137238853167,0.9193019628995657,0.14994786531782034,0.09561511356258788,0.9920687499999999
35,131,0.081875,33,2.1597479131016177,3.0396351755579794,0.35911887299999673,0.17908947335319111,0.9193019628995657,0.14995025316585917,0.09449284550739474,0.99176875
36,143,0.089375,33,2.1045864059711743,2.985886814420646,0.35148969227242705,0.17273815889657657,0.9193019628995657,0.14995442772536752,0.09447888564644687,0.9912624999999999
37,147,0.091875,33,2.111175202465697,2.9898115919914963,0.35553575201920434,0.17409580799575838,0.9056402753737676,0.14995566778726224,0.09391078526105744,0.9911875000000001
38,157,0.098125,33,2.107565542968463,2.9709173853517212,0.3498110777371414,0.17186002079935014,0.9056402753737676,0.14995849149507995,0.09506222177312916,0.99060625
39,164,0.1025,34,2.0940937495522904,2.9867429169215827,0.34580329556518197,0.16911202688515134,0.9056402753737676,0.14996026319955824,0.09376669263843876,0.9904
40,173,0.108125,34,2.0545070562650487,2.951816344094105,0.33899757776931555,0.16699900283119162,0.9056402753737676,0.14996233043195115,0.09768163834703786,0.9897812500000001
41,192,0.12,34,1.996241841849506,2.910350617781827,0.3348138307991552,0.16372278824640935,0.9056402753737676,0.14996605814962263,0.09843142770073442,0.9883187499999999
42,207,0.129375,34,2.0053434429423778,2.911454581958932,0.3327755054211086,0.16039999897800902,0.9056402753737676,0.1499370354079956,0.09968423462026109,0.9875125
43,222,0.13875,34,2.0067023893979217,2.9199193260548406,0.3320844330810269,0.1567747568897188,0.9056402753737676,0.1499412897723202,0.0989589211408939,0.9864625000000001
44,241,0.150625,35,1.9752813862673066,2.907037097450696,0.32853927388167375,0.15269309288754201,0.9056402753737676,0.14991887756922262,0.10115596119885742,0.9847562500000001
45,263,0.164375,36,1.927012957622045,2.8815079385334315,0.3244814901582288,0.14749063955772948,0.9056402753737676,0.14992566347597966,0.10241684810691724,0.98329375
46,283,0.176875,37,1.9482212383177808,2.919120542851228,0.3256541676782299,0.14540217909078226,0.9056402753737676,0.14999261642225206,0.10202904169096888,0.98156875
47,300,0.1875,38,1.939546186231307,2.919146347588684,0.32284337253241113,0.14071429651426257,0.8998458863215317,0.14994841213839746,0.1011833040070276,0.9803499999999999
48,314,0.19625,37,1.9201414752537607,2.875469192116271,0.3216081674379218,0.13602415163747916,0.8998458863215317,0.14994958759900012,0.10079056115548053,0.97875625
49,334,0.20875,38,1.8872887075721214,2.8619044072341753,0.3201702508205513,0.13365019234685752,0.8998458863215317,0.14993157233260193,0.09981204110060556,0.97785625
50,341,0.213125,38,1.8636867638234962,2.8338631118021302,0.31878140309796066,0.13320483776519917,0.8998458863215317,0.1499711989138825,0.09870466950246116,0.97718125
51,360,0.225,39,1.8419101672088356,2.8346593068264356,0.3163209219727388,0.13092546717778622,0.8998458863215317,0.14994085213516428,0.09775113795811316,0.976
52,375,0.234375,40,1.8505001646928165,2.8223042897668633,0.31649406311758854,0.13271506280043557,0.8998458863215317,0.14994321804975771,0.09807323934769534,0.9750812500000001
53,396,0.2475,42,1.8376981850874694,2.8465563424752225,0.3169102896963944,0.1308809075400007,0.8998458863215317,0.14999032253023692,0.09735034834216155,0.9739375
54,420,0.2625,43,1.8367853390535749,2.863853231755934,0.3164028015936509,0.12878988801466376,0.8998458863215317,0.14996701531387127,0.0999265507339224,0.9726625
55,458,0.28625,43,1.7841233059238712,2.8441190429617644,0.3125588909845716,0.12242194429916843,0.8998458863215317,0.14994087699773043,0.10039298311424458,0.9706
56,474,0.29625,44,1.7798340833586128,2.8450663299938665,0.3114408384932207,0.12121977842483433,0.8998458863215317,0.1499566213085084,0.10149152109223131,0.96923125
57,501,0.313125,46,1.758042015498091,2.8212239771440224,0.3125519195490729,0.11990917475768559,0.8998458863215317,0.14995035576795013,0.10293880854954988,0.9672812500000001
58,527,0.329375,49,1.7486431009561274,2.8146723194329675,0.3108987893405945,0.11676266256495853,0.8998458863215317,0.1499957350871643,0.10336094884458427,0.9652562499999999
59,540,0.3375,46,1.7121550883478132,2.786838716143337,0.3087030229486303,0.11463895080920475,0.8998458863215317,0.149983513991092,0.10358486824806519,0.9641312500000001
60,573,0.358125,48,1.709127097437469,2.771946351201392,0.3083217393141333,0.11358765328449416,0.8998458863215317,0.14995623818198323,0.10460698290665404,0.9614875
61,613,0.383125,49,1.6626421483425053,2.7557034189906653,0.3076474248893718,0.11020956658837308,0.8998458863215317,0.14999183977882669,0.10563405265004429,0.95873125
62,652,0.4075,50,1.663429434204223,2.7796132123794033,0.3046823323462268,0.10908922149307433,0.9549192350234825,0.14994834149557754,0.10487870005499418,0.9557687500000001
63,685,0.428125,48,1.6400391459465558,2.7620604060999003,0.30222356191071953,0.1041302299274844,0.9549192350234825,0.15005574770508076,0.105827581163608,0.95325625
64,703,0.439375,49,1.6465791238137326,2.7626991310201796,0.30025303480085563,0.10358157501960472,0.96750973243421,0.15004046443734445,0.10531578825968287,0.9520562499999999
65,723,0.451875,52,1.6290393997946735,2.762805187930937,0.29717154526525885,0.10223124698037037,0.96750973243421,0.15008901559987034,0.1057318076206999,0.9503875
66,771,0.481875,52,1.6251435371843184,2.7800196257585674,0.29585134221414455,0.10018637375294001,0.96750973243421,0.150105809664184,0.10593166648342967,0.9472562500000001
67,806,0.50375,54,1.6101027203250873,2.776217697406258,0.2951601130572058,0.09765297674717578,0.96750973243421,0.15004554362636813,0.10480081895973728,0.9441062499999999
68,834,0.52125,56,1.5968914798619294,2.7732566886254397,0.2938039384041751,0.0963281078890692,0.96750973243421,0.15000734828730006,0.10517486156351581,0.9421375000000001
69,872,0.545,56,1.563994496210341,2.753349920497333,0.2918700812238066,0.09495995898959436,0.96750973243421,0.15005249148496572,0.10489839970621445,0.93926875
70,912,0.57,54,1.5587966293923792,2.7524914163866874,0.2902739910442272,0.09344414557284407,0.96750973243421,0.1500896383301174,0.10506118109602612,0.9357250000000001
71,954,0.59625,59,1.5694670071843855,2.7754709268158395,0.28929182356765665,0.09325990631574234,0.96750973243421,0.15009312552577211,0.105717628663243,0.9320875000000001
72,1008,0.63,61,1.5748181623644377,2.777216226032594,0.2885923408589116,0.09296187572000802,0.96750973243421,0.15005791300183285,0.10535816944232765,0.9281875
73,1057,0.660625,63,1.5682268454338892,2.7733077764035263,0.28747477819068235,0.09161142016387132,0.96750973243421,0.15003246854997979,0.10548534357983014,0.9237625
74,1091,0.681875,63,1.5732366280620762,2.7693324558950763,0.2874060463349626,0.09121239081753349,0.96750973243421,0.14997647817853862,0.1048322842459206,0.9202562500000002
75,1140,0.7125,63,1.5511198583391028,2.755308725890357,0.2856491288252474,0.08703428209028617,0.9605776263733156,0.15005335185482324,0.10546940348694872,0.9160187500000001
76,1156,0.7225,65,1.5529898285641281,2.760387096728028,0.2853170191217589,0.08670028101875833,0.9605776263733156,0.15004940761940824,0.10497935129788231,0.913675
77,1166,0.72875,65,1.5402956472668214,2.751127622797954,0.28529853330028565,0.08619883675839056,0.9605776263733156,0.15007640823476576,0.10439647413015052,0.91140625
78,1221,0.763125,63,1.5266539519809124,2.7344860144951793,0.28420550177823906,0.08223404898735744,0.9605776263733156,0.15009661383567646,0.10466911824834448,0.9068312500000001
79,1254,0.78375,64,1.524300500186972,2.758768938228283,0.28310947700273925,0.08132329156764194,0.9270412234062582,0.15012420871108523,0.10365586003177528,0.90289375
80,1295,0.809375,67,1.5255799634121185,2.764222477430961,0.2838877436619621,0.08292899970637811,0.9270412234062582,0.15017237663626193,0.1038355191324701,0.8989750000000001
81,1301,0.813125,68,1.5223483844400836,2.7721363087127964,0.2836039703616777,0.08246246677359378,0.9270412234062582,0.15017944346654546,0.10152539100492493,0.8962749999999999
82,1323,0.826875,68,1.5098166790073748,2.754744380116775,0.2832666037884351,0.08165753659443489,0.9270412234062582,0.15019051470069483,0.10042958177040297,0.8933687499999999
83,1337,0.835625,68,1.494760582732137,2.7460857787488466,0.28260615607887474,0.08095153026953085,0.9270412234062582,0.15014828406582553,0.10038430677289116,0.88980625
84,1349,0.843125,68,1.4905718294679484,2.7431948432293423,0.28309106877024837,0.0814759302113224,0.9270412234062582,0.15016894657179186,0.0996180758243669,0.8869562500000001
85,1356,0.8475,64,1.4703085714467035,2.723051433092108,0.2819880698980878,0.07917729752489168,0.880743237748063,0.15016405796658389,0.09991024965623659,0.8842375000000001
86,1376,0.86,65,1.4629753401587864,2.7292226124373906,0.28185950217408146,0.07833758765641573,0.880743237748063,0.1501990014662992,0.10013043792260448,0.8811250000000002
87,1394,0.87125,67,1.4560491398843218,2.7316034462126426,0.28059457393033793,0.07772644412139658,0.880743237748063,0.1502123629734329,0.09943820434036807,0.8782750000000001
88,1407,0.879375,65,1.4494266315621098,2.730020328920275,0.27990470473315576,0.07692074325644313,0.880743237748063,0.15022123493916273,0.09840644571712409,0.8752187499999999
89,1397,0.873125,64,1.4441617805826312,2.718924606860826,0.2787414949458674,0.07616367260811568,0.880743237748063,0.1502014964490761,0.09892712959024358,0.8732875000000001
90,1400,0.875,64,1.4318721754375918,2.7134397633855265,0.27772769128394714,0.0758654817380701,0.880743237748063,0.15023311461690603,0.09886839060276177,0.8715437500000001
91,1405,0.878125,65,1.4266874279777886,2.706716815624027,0.2778007784830072,0.07509503201768467,0.880743237748063,0.15022096093452486,0.09812003960540788,0.8691625000000001
92,1413,0.883125,66,1.4167048653514502,2.7099907522444235,0.2784632217443706,0.0751643106951648,0.880743237748063,0.1502124436650462,0.09733621731723914,0.86665
93,1411,0.881875,65,1.4242680124367095,2.7282250533350427,0.2787968411103375,0.07565140727426257,0.880743237748063,0.15023240619436112,0.09738670375723768,0.8649437500000002
94,1393,0.870625,64,1.4185930734105585,2.727535612100178,0.27925700635819484,0.07566032345779246,0.880743237748063,0.1502577059681854,0.0966611258307588,0.8644750000000002
95,1399,0.874375,65,1.420729269710384,2.717634878174114,0.27892271668954455,0.0752813148275902,0.880743237748063,0.15026782939165942,0.0971478220706333,0.86190625
96,1391,0.869375,66,1.421215702641764,2.7259211326629926,0.2781399001556922,0.0755672937140099,0.880743237748063,0.15026551634168736,0.09772441820893192,0.8599750000000002
97,1394,0.87125,65,1.4140063174549387,2.725286850383121,0.2786042412437152,0.0751935582804031,0.880743237748063,0.15027013762728572,0.09713153009207359,0.858025
98,1401,0.875625,66,1.4146898395709346,2.739218228394802,0.2780272901266429,0.07467303880967434,0.880743237748063,0.15030706083501694,0.09723258732351035,0.8564125000000001
99,1398,0.87375,67,1.4079982980232226,2.7453924547546036,0.27776088712592845,0.07419875640751879,0.880743237748063,0.15032564794653072,0.09665599924992171,0.8547062500000001
100,1396,0.8725,68,1.395444158280963,2.7322359866481447,0.27695506739644765,0.07323991298340078,0.880743237748063,0.15030576928936995,0.09562222911853623,0.8522312500000001
101,1404,0.8775,68,1.4008538143040417,2.7385323337135037,0.2771046804788111,0.07323744444667353,0.880743237748063,0.15027705196701074,0.09561319236129645,0.8506562500000001
102,1405,0.878125,72,1.3929192956505605,2.7448989884316224,0.2772453544545606,0.07241315951122233,0.880743237748063,0.15027968123614882,0.09526625689691706,0.848875
103,1381,0.863125,68,1.3897385874849484,2.7090364074165088,0.2769144725986405,0.07279508245662468,0.880743237748063,0.15035787656199268,0.09523873706526925,0.8480125000000001
104,1387,0.866875,67,1.3933952414816442,2.708461974389602,0.2765223251153017,0.07231157758919676,0.880743237748063,0.1503569362434886,0.09483014245856712,0.84630625
105,1385,0.865625,65,1.394236486965269,2.713815623071859,0.27614636728051634,0.07173497615941891,0.880743237748063,0.1503042015006354,0.09469698911289927,0.84465625
106,1381,0.863125,66,1.3825847208115216,2.707528480746192,0.2753423119989948,0.07109534783892182,0.880743237748063,0.1503410966224357,0.09432415046463402,0.84325
107,1407,0.879375,66,1.3879330976142232,2.7091248093198153,0.2749479595246255,0.07106175586599571,0.880743237748063,0.15039134929408796,0.09402260065720633,0.8403437500000002
108,1397,0.873125,66,1.3853545483909673,2.715349936767293,0.27430673575687603,0.07048389498323997,0.880743237748063,0.15044191102285723,0.09330126157155055,0.8394812500000001
109,1383,0.864375,67,1.3947025929626704,2.725285353456611,0.2739985169950134,0.06889876969947532,0.8348107659885161,0.15038231660482704,0.09351015048626656,0.8385625000000002
110,1391,0.869375,67,1.3911389013190911,2.7213327408201686,0.2729727113559954,0.068402505347092,0.8348107659885161,0.15032981022876998,0.09365955046119628,0.8362375
111,1400,0.875,68,1.388774702610935,2.719483110468912,0.2727680567716804,0.06856562010487863,0.8348107659885161,0.1503370362999274,0.09340923860450556,0.8338562500000001
112,1382,0.86375,68,1.3817636486907496,2.72008107162875,0.2720073857636054,0.06778448655509925,0.8348107659885161,0.15031986243482137,0.09331454366167971,0.83325625
113,1376,0.86,68,1.382820431977949,2.726985527196118,0.27185043228147965,0.06784191429144674,0.8348107659885161,0.15031323191892607,0.09311057110252509,0.83245
114,1388,0.8675,71,1.384066555712926,2.727700654762702,0.27166432414327574,0.06773919123261352,0.8348107659885161,0.15028243772333794,0.09321912979943302,0.8307437500000002
115,1388,0.8675,70,1.3924791902086033,2.741824781612274,0.2716284126656028,0.06817308923572504,0.8348107659885161,0.15039879514340293,0.09283784526790831,0.8290000000000001
116,1400,0.875,71,1.3960135167936698,2.7462185638807943,0.2721632935813724,0.06859185616080528,0.8348107659885161,0.1504102038081871,0.09263645433493119,0.82703125
117,1388,0.8675,70,1.3980685344290693,2.7412781000454496,0.27168846996031604,0.06882119379223274,0.8348107659885161,0.15047871341828442,0.09234977781064363,0.8255875
118,1374,0.85875,70,1.3899038242298705,2.740097727372487,0.2722128438983595,0.06901546119070447,0.8348107659885161,0.15047439610253463,0.09194687665663108,0.8241625
119,1376,0.86,71,1.3797873471984228,2.738898301074365,0.272110217848635,0.06851924118573889,0.8683471689555735,0.1505192843701308,0.09246195222438079,0.8228875000000001
120,1384,0.865,71,1.3715658454133892,2.73993716561106,0.27180859514516453,0.06821606539414668,0.8683471689555735,0.1505019698074478,0.09202310533879514,0.8203750000000001
121,1374,0.85875,70,1.3701075721732854,2.7385795837447993,0.2723772310537867,0.06837598849870904,0.8683471689555735,0.15050618903316976,0.09203678696662984,0.8185187500000001
122,1380,0.8625,72,1.381164200802528,2.7532013482920887,0.2729794951010879,0.06912303512413702,0.8683471689555735,0.15050439601252252,0.09139090711481937,0.8170000000000001
123,1385,0.865625,71,1.3733353286734649,2.747513986096499,0.271699210345504,0.06761863347957785,0.8683471689555735,0.1504825220935297,0.09080708247675082,0.8155937500000001
124,1370,0.85625,71,1.370853835044902,2.7622522811395935,0.27161832488125487,0.06731709151593786,0.8683471689555735,0.1504960333460855,0.0911888152987562,0.8151250000000002
125,1381,0.863125,75,1.3565304355034034,2.770539660366412,0.2708077426799305,0.06607904594532853,0.8683471689555735,0.1504468537358594,0.09061239079374253,0.8128937500000001
126,1386,0.86625,77,1.3647362166024757,2.7743156897266092,0.2711061455155686,0.06623791382379467,0.8683471689555735,0.15038752612890813,0.09043622991339226,0.8119000000000001
127,1378,0.86125,77,1.379564398910578,2.7923404646805827,0.2712034041177364,0.06661818867817511,0.8683471689555735,0.1504566367481751,0.08938967332203399,0.8114312500000002
128,1379,0.861875,75,1.3654190300013724,2.7736928611639646,0.2702822533001755,0.06573060320036916,0.8683471689555735,0.15038179320375836,0.09094293958223214,0.8101750000000001
129,1384,0.865,73,1.3674296993190598,2.768163675325276,0.269466898550779,0.06586483682142227,0.8683471689555735,0.15040488385697354,0.09068648874651995,0.8086000000000001
130,1384,0.865,73,1.3535645003111,2.755838715961468,0.2695875895973215,0.06453108874689807,0.8683471689555735,0.15044265409507712,0.09061583531741954,0.8073250000000001
131,1375,0.859375,73,1.3477196021398743,2.756188099545016,0.26917000246468986,0.06405144531466453,0.8683471689555735,0.15042913117704826,0.09041696998068753,0.8071375000000002
132,1371,0.856875,72,1.344675605638867,2.754019113805636,0.26876200700699415,0.06359144514134038,0.8683471689555735,0.15042153786714865,0.0900760955448084,0.8052062500000002
133,1373,0.858125,71,1.3382026618794562,2.7489090756699888,0.2677554765457078,0.06299923212228431,0.8683471689555735,0.15043855164673048,0.08951034028213095,0.8041000000000003
134,1375,0.859375,69,1.344973315923489,2.747512406608124,0.26820554212785747,0.06355081541979073,0.8683471689555735,0.15049039098243627,0.08896304065968334,0.8032375000000002
135,1370,0.85625,69,1.3434114870906195,2.7461219269253463,0.2685361618903587,0.06354162734158242,0.8683471689555735,0.15053189639300615,0.08911989317001479,0.8016437500000001
136,1378,0.86125,67,1.332404304768336,2.743347596674167,0.2677147408094158,0.06154738442026366,0.6529554796236774,0.15050676565905965,0.08868520217222504,0.79980625
137,1379,0.861875,68,1.346613868774611,2.7716338295704857,0.2675862363383762,0.062116391599959374,0.6529554796236774,0.15053210809404713,0.08872153470897186,0.7979687500000001
138,1392,0.87,68,1.3442365099837086,2.782234477971147,0.2672320196716229,0.06207429164367236,0.6529554796236774,0.15055153372550367,0.0887611024860617,0.7951187500000002
139,1401,0.875625,69,1.3546990327548663,2.794023323112115,0.26761440581929963,0.06283851664088305,0.6529554796236774,0.15055328810214866,0.08776130046227872,0.7930000000000001
140,1391,0.869375,67,1.364740136729694,2.787856808167013,0.26748914506333343,0.06319399251249573,0.6529554796236774,0.15053663917165472,0.0877630603504627,0.7925125
141,1391,0.869375,68,1.3622775419268014,2.780667413671912,0.2673733240899679,0.06370854581585152,0.7210274152713038,0.1505527112607953,0.08784725997749819,0.7911062500000002
142,1389,0.868125,68,1.3551981662319048,2.7729512481912657,0.2677500165919494,0.06369450752511391,0.7210274152713038,0.15065578044036554,0.08734091912287346,0.78915625
143,1401,0.875625,72,1.3526062845648796,2.78281133448149,0.2667591539591898,0.06297789048689582,0.7210274152713038,0.1506954600463575,0.08740473463519086,0.7871312500000002
144,1395,0.871875,74,1.3495407295888422,2.7835722372879355,0.266984853286308,0.06256354821224581,0.7210274152713038,0.15074839483585895,0.0875651109184526,0.7864750000000003
145,1390,0.86875,78,1.3519159211670708,2.809364553389189,0.2672206403860532,0.06261849728697011,0.7210274152713038,0.1507533163910599,0.08709896519869335,0.7846187500000003
146,1383,0.864375,79,1.3531977527712535,2.8076250272468193,0.266648202945017,0.06205322461895517,0.7210274152713038,0.1507613512886612,0.08738881309382741,0.7836062500000002
147,1374,0.85875,79,1.3419928276523745,2.7917566400352034,0.2666486491244313,0.0616872332090775,0.7210274152713038,0.1507196970215616,0.08714501756940506,0.7828562500000001
148,1373,0.858125,77,1.3372181520992477,2.777468617582171,0.26656812083875303,0.06134936121139673,0.7210274152713038,0.15069795230353172,0.0875657894492607,0.7822562500000002
149,1379,0.861875,79,1.346269193110438,2.78816023421194,0.267272033412095,0.062451468146783484,0.7210274152713038,0.1507717494481219,0.0874073814883889,0.7800062500000001
150,1375,0.859375,76,1.345150498443398,2.7716379309716324,0.2663760186018847,0.062145080007684254,0.7210274152713038,0.1507521991348296,0.08688034272617419,0.7789000000000001
151,1360,0.85,76,1.3365389938694323,2.771151812763332,0.2651916757212434,0.06131612385173413,0.7210274152713038,0.15070830954608827,0.08654984258468877,0.7780937500000001
152,1362,0.85125,75,1.343677461642158,2.7784518512843634,0.264961320593407,0.06140828993069049,0.7210274152713038,0.15073421327484277,0.08580847922185773,0.7771187500000002
153,1363,0.851875,76,1.353760062650967,2.7880493674676177,0.2646811356492176,0.06121223472135015,0.7210274152713038,0.1506928872854015,0.08628525238643522,0.7763875
154,1370,0.85625,78,1.3690556958900721,2.810384709579915,0.2643316846278528,0.06156187481804643,0.7210274152713038,0.15075653233999517,0.08614691249526327,0.7754312500000001
155,1366,0.85375,78,1.3753366485659826,2.8160088754901436,0.26439974661354315,0.061664736756677475,0.7210274152713038,0.15076534178875653,0.08653751260366388,0.7735187500000003
156,1361,0.850625,77,1.3633770285344475,2.8234675227949135,0.2643157511987529,0.06073292035962665,0.7210274152713038,0.15076574563223094,0.08605099997510528,0.7730875000000001
157,1373,0.858125,79,1.3585492308567497,2.8524229451100105,0.2644843846101609,0.06035307049706038,0.7210274152713038,0.1507684749547011,0.08622136376672289,0.7711562500000002
158,1356,0.8475,78,1.3582674871602343,2.8612902250921337,0.26434690555418167,0.060383950235228266,0.7210274152713038,0.1507944725595416,0.08647445608575612,0.77168125
159,1346,0.84125,79,1.35755546647428,2.8726567350280954,0.26384324004072973,0.06117628531289602,0.7210274152713038,0.15083736783793575,0.08623035076665646,0.7717375000000001
160,1348,0.8425,78,1.3675105497752889,2.872657120914303,0.26403932383922246,0.06230053988645157,0.7210274152713038,0.15083106098188387,0.08658195555857644,0.7706125000000001
161,1339,0.836875,78,1.3696531703967294,2.881239658083042,0.26396018415574,0.06230516603802429,0.7210274152713038,0.15094071601526077,0.0863585075395822,0.7704062500000001
162,1328,0.83,81,1.3621450466435852,2.886933224664035,0.2634565227744958,0.061977712292592996,0.7210274152713038,0.15091170136288337,0.08566711160962732,0.7708375000000003
163,1323,0.826875,82,1.359140803093721,2.8893767107383566,0.26398485981680003,0.06242950126489292,0.7210274152713038,0.15098700060412137,0.08576001950049815,0.77070625
164,1330,0.83125,81,1.3758681694116144,2.9089418538555964,0.2642736647159807,0.0638005113831163,0.7210274152713038,0.15106300208654586,0.08608224949068882,0.7698625000000001
165,1350,0.84375,81,1.3745967760965838,2.911833129501402,0.264009685115601,0.06302003663606458,0.7210274152713038,0.15105058181176015,0.08492160212132364,0.7683812500000002
166,1357,0.848125,80,1.3744649842764154,2.9116535589373056,0.2635513181331185,0.0619469645833718,0.7210274152713038,0.15112979964578074,0.08531749421977278,0.7672562500000001
167,1351,0.844375,77,1.3653364929683358,2.896169407408608,0.26352795889780156,0.06183370646786485,0.7210274152713038,0.15112632591200323,0.08518786932488834,0.7671437500000002
168,1357,0.848125,77,1.357815018513366,2.89381460699838,0.26445859287081713,0.062277957384154134,0.7210274152713038,0.1511090020834596,0.08509452310559171,0.7667687500000002
169,1365,0.853125,76,1.35236520510746,2.8769621575804525,0.26494442038943244,0.06280699187996779,0.7210274152713038,0.15108127000122673,0.08482018364279185,0.7657000000000003
170,1357,0.848125,78,1.36027696786307,2.8923407825672824,0.2649815606360742,0.0627499654485011,0.7210274152713038,0.15110786422569197,0.08536713795208804,0.7653625000000003
171,1367,0.854375,77,1.357320162158922,2.900126481723325,0.26463832428841966,0.06280738405629548,0.7210274152713038,0.1512374605859285,0.08545394587379879,0.7633187500000003
172,1357,0.848125,75,1.3377655480001878,2.8906891300681212,0.2645452575718846,0.06240177648820232,0.7210274152713038,0.15123863008273883,0.08472386586753637,0.7623437500000003
173,1368,0.855,75,1.3269076435578553,2.8849569951919984,0.26453046320801815,0.06205004469218411,0.7210274152713038,0.151312282787525,0.08455701749622449,0.7612000000000002
174,1349,0.843125,74,1.333102227616775,2.87716408759481,0.2645969228177,0.062434758783695886,0.7210274152713038,0.15132352185197046,0.08454909414284716,0.7606562500000001
175,1343,0.839375,75,1.3340933811767886,2.8800507670930737,0.2650559777728892,0.062040589676593295,0.7210274152713038,0.1512983276588327,0.08448316938639482,0.7605625000000003
176,1334,0.83375,76,1.318339871708531,2.8648508985915138,0.2648674486530565,0.06189256359567473,0.7210274152713038,0.15119058249153916,0.08441145646605305,0.7596812500000002
177,1332,0.8325,78,1.3313995645758714,2.89516494215096,0.2648904433927616,0.06228028601785393,0.7210274152713038,0.15110429509588857,0.08475957134522669,0.7590250000000002
178,1329,0.830625,80,1.3286654311803137,2.8979536666743857,0.26457207532347626,0.0624172189353331,0.7546178054870943,0.15106656574645072,0.08382711847836243,0.7583687500000003
179,1327,0.829375,79,1.3166024950308903,2.88700489653616,0.26357362288049985,0.059802236124855045,0.7210274152713038,0.15099805041875344,0.08384199293634786,0.7582937500000001
180,1342,0.83875,78,1.3075581372561824,2.8801714811408594,0.2632112775349719,0.058763504101386914,0.7210274152713038,0.1508746247442769,0.08310617292107018,0.7568312500000002
181,1331,0.831875,77,1.2957176268579949,2.8693690558378027,0.263178667120269,0.05899869152501863,0.7210274152713038,0.1507824342407493,0.08296258816594912,0.7568125000000002
182,1331,0.831875,81,1.306714108283768,2.8968804389662957,0.26308753803842183,0.059568291949986245,0.7210274152713038,0.15083773421194438,0.08335188428313547,0.7560625000000002
183,1346,0.84125,79,1.2971272704474748,2.8904371230582977,0.26238902983168066,0.058783329483975924,0.7210274152713038,0.1509105214716948,0.08331732951419547,0.7544875000000002
184,1345,0.840625,79,1.295444383425397,2.886286289970757,0.262612318322745,0.0587198342828587,0.7210274152713038,0.15090322183953928,0.08292330041686725,0.7544125000000003
185,1348,0.8425,79,1.2889608388923588,2.8979671767115516,0.2622762972333403,0.057866993185727945,0.7210274152713038,0.15085337881325467,0.08280455690947829,0.7524625000000004
186,1322,0.82625,81,1.2908308150882013,2.909909391872652,0.2624391404912237,0.05768101181454978,0.7210274152713038,0.1508373164703262,0.0830463508729918,0.7527437500000002
187,1333,0.833125,85,1.2988116017063378,2.9140797471549513,0.2619274776008229,0.058374315469510094,0.7210274152713038,0.1508747313148153,0.08315375958462655,0.7515625000000002
188,1339,0.836875,84,1.3116833440740885,2.9113787440478465,0.2621778964063392,0.058852735562800795,0.7210274152713038,0.15084076069179994,0.08354858038394125,0.7498187500000003
189,1350,0.84375,84,1.3156816433386542,2.897207485502337,0.2625229257101983,0.05874036098943788,0.620452879590003,0.15084742825961073,0.08251648120611395,0.7477937500000003
190,1360,0.85,82,1.3111074332978023,2.894857083854748,0.261883212307757,0.057869642418614024,0.620452879590003,0.1508315490157464,0.08191665617792963,0.7466875000000002
191,1376,0.86,81,1.3132532415658174,2.8864433436298613,0.26255567233227345,0.0582016760480983,0.620452879590003,0.1507263422541535,0.08184361699471299,0.7453375000000002
192,1366,0.85375,80,1.3086802535668325,2.8782481914751354,0.2626860958251333,0.057676332554218265,0.620452879590003,0.15072686976129598,0.08089631987947528,0.7448500000000001
193,1357,0.848125,80,1.3162391196005125,2.876673700603917,0.2626593651396297,0.058135932613340796,0.620452879590003,0.15078625144907667,0.08095714865667533,0.7450187500000002
194,1358,0.84875,80,1.308003511179291,2.8735015118250287,0.2624372402223181,0.0579760941844841,0.620452879590003,0.15076827316355604,0.08116265867726333,0.7444562500000003
195,1353,0.845625,80,1.3105181165404896,2.8625705738988536,0.2628122520116045,0.05809621876790696,0.620452879590003,0.15075801326341326,0.08138089240859733,0.7437812500000001
196,1358,0.84875,80,1.3048310183811318,2.8695044885860437,0.26269743190124095,0.057565601223908684,0.5389692267133406,0.150815771006224,0.08150081253410786,0.7433312500000002
197,1367,0.854375,79,1.3080296169180137,2.8634510164095737,0.2629595759996415,0.05782500950456842,0.5389692267133406,0.1508309330884071,0.08148749167461959,0.7427500000000002
198,1369,0.855625,80,1.3101325743624057,2.863248430481089,0.2635598562084842,0.058061365109373535,0.5389692267133406,0.15082499248361897,0.08095055859292864,0.7414375000000001
199,1360,0.85,81,1.3283713553015852,2.8863102039415818,0.26356942013352835,0.05844808422693028,0.5389692267133406,0.15078852710446014,0.08152011836415804,0.7403687500000002
200,1358,0.84875,82,1.3262495711569238,2.89116581342474,0.2628030822591718,0.05746096900176749,0.5389692267133406,0.150753848032125,0.0812559548798089,0.7399187500000002
201,1356,0.8475,81,1.3229513032473688,2.8886650712280137,0.2623507991520002,0.05691012306268632,0.5389692267133406,0.15076493473136904,0.08131553641677891,0.7392437500000003
202,1359,0.849375,81,1.3279829657212412,2.8986023619115797,0.2619577473523009,0.05690093799672726,0.5389692267133406,0.1508262385446098,0.08116576667073679,0.73864375
203,1374,0.85875,82,1.3179685858426586,2.889767231247128,0.2617954499880986,0.056646987851240414,0.5389692267133406,0.15074103176013878,0.08059741810688242,0.7366000000000003
204,1385,0.865625,82,1.3127746733217613,2.8855966861008495,0.2614998487666524,0.05613279560619296,0.5389692267133406,0.15072531815374315,0.08131595330250166,0.7354750000000001
205,1371,0.856875,82,1.3146686783808166,2.8875045775608577,0.2615612799125938,0.05642695077040716,0.5389692267133406,0.15073869121820546,0.08177828104287962,0.7346125000000002
206,1370,0.85625,80,1.3194642103350163,2.891538593936092,0.2612854234162666,0.05654714253853953,0.5389692267133406,0.1507046914131483,0.08168044835436886,0.7339000000000001
207,1373,0.858125,81,1.320937894317759,2.8969139663189876,0.26217740610626245,0.05644914237893581,0.45888852770436417,0.15071175342069437,0.08137954608184295,0.7319875000000002
208,1363,0.851875,82,1.3197469565351725,2.8937221184133595,0.26132080111768036,0.055843334299142754,0.45888852770436417,0.15070658887898783,0.0803277398078472,0.7318375000000004
209,1355,0.846875,83,1.3154840310164568,2.895470897505771,0.2611878962712201,0.05560369011163567,0.45888852770436417,0.1506648332376763,0.08038248329758027,0.7318937500000001
210,1358,0.84875,82,1.3187446482208391,2.891763359392605,0.2617088933767762,0.05566413610462884,0.45888852770436417,0.15055167016821036,0.08047096232312849,0.7315375000000003
211,1351,0.844375,79,1.3236013581309078,2.900853308815544,0.2615772988510068,0.055657653786173225,0.45888852770436417,0.15071007797652314,0.08082767943310426,0.7310125000000002
212,1351,0.844375,81,1.3305498607771793,2.9034194475935418,0.2609684945380872,0.056767695981486614,0.6245986332021308,0.15078817581135998,0.08030698617920978,0.7307687500000003
213,1358,0.84875,82,1.3361681030170118,2.9250205077108897,0.26100624687104657,0.05693634615513497,0.6245986332021308,0.15080725022909106,0.08090278043956801,0.7296625000000002
214,1356,0.8475,82,1.3381586976839446,2.9361571103807567,0.26075755902635395,0.057564679789953575,0.6245986332021308,0.15076009787181227,0.08094042720671807,0.7289312500000003
215,1343,0.839375,83,1.330070249984594,2.9284259602797302,0.2600483058002021,0.057593479402535536,0.6909205641282357,0.15075206594107748,0.08068057403950425,0.7296250000000003
216,1355,0.846875,83,1.3364132385365142,2.929110862429938,0.26081258923088424,0.05774447060870663,0.6909205641282357,0.15078488842766843,0.08037949113421515,0.7288375000000002
217,1345,0.840625,80,1.3292544371893833,2.920239120234661,0.26020921409060316,0.057168526872323634,0.6909205641282357,0.1507919063294034,0.07996011433977981,0.7285187500000003
218,1337,0.835625,78,1.321429384562262,2.9174843229064407,0.26044318197897476,0.05725747442231429,0.6909205641282357,0.15080134293032282,0.08042883576941716,0.7288187500000002
219,1336,0.835,79,1.3252916070326715,2.9136081231485877,0.2602216514347437,0.05743049516283903,0.6909205641282357,0.15078836922849967,0.08042615011122953,0.7280500000000003
220,1360,0.85,81,1.3435721736833612,2.9156766731382016,0.2611421077167367,0.05927413978086691,0.6909205641282357,0.15075109091890435,0.07988057698924718,0.7267750000000001
221,1369,0.855625,83,1.3577209670127308,2.937710489632719,0.26132478231227263,0.060349851584322683,0.6909205641282357,0.15081762630315843,0.07988219425694136,0.7252375000000003
222,1368,0.855,82,1.3439907822804615,2.921076113343417,0.2615694116914124,0.060257720989113445,0.6909205641282357,0.15087027130294925,0.08004611626263441,0.7244312500000002
223,1358,0.84875,80,1.3290334918616402,2.891805840341109,0.2611662366817922,0.05814905808338543,0.525210458630469,0.1508028151242359,0.07960569701393694,0.7244125000000002
224,1358,0.84875,80,1.3205117542922333,2.882308807114261,0.26107148977522604,0.05797544196719427,0.525210458630469,0.15080896760186083,0.07987621262729931,0.7239250000000003
225,1358,0.84875,79,1.320902110863847,2.8892829746796926,0.2610661431383663,0.05823305063945085,0.525210458630469,0.15084536781393795,0.08008372011401042,0.7233812500000003
226,1356,0.8475,77,1.3061513409854932,2.8780702470002337,0.2622507172209132,0.057543861451498424,0.5130491709499456,0.15089100169072425,0.07907564808569398,0.7226500000000002
227,1359,0.849375,76,1.2991348424320048,2.8600460143730277,0.26203408153098806,0.05742731437296477,0.5130491709499456,0.15089992567927082,0.07966753416108899,0.7213937500000003
228,1360,0.85,76,1.2931725220615011,2.852616974628638,0.262763787696239,0.05864636435663043,0.6270604809483552,0.15092271398252838,0.07985603735845871,0.7204375000000002
229,1360,0.85,77,1.3032825018373897,2.871162733230406,0.26298009495053803,0.060037302788142295,0.6270604809483552,0.1509801057064048,0.0793631724327139,0.7196125000000003
230,1355,0.846875,76,1.2995772063611892,2.8728837825729974,0.2628043136572033,0.058638206565223824,0.5679153722358223,0.1509342155928928,0.07902354882982908,0.7189750000000004
231,1347,0.841875,76,1.3073600070698195,2.885458665897932,0.2628001468269393,0.059542906067380955,0.6550252515754689,0.15098228721448462,0.07841863668048757,0.7189750000000003
232,1334,0.83375,77,1.3075553862110154,2.887538536537245,0.26264359598832854,0.05910076041421116,0.6550252515754689,0.1510380738112946,0.07858445942314886,0.7193687500000001
233,1341,0.838125,78,1.3046280857690407,2.8912168169203,0.2632747661476434,0.05940549577807798,0.6550252515754689,0.15110969937052893,0.0786630642851979,0.7186937500000002
234,1328,0.83,77,1.2869475103672616,2.8639011866165407,0.2636663410815884,0.05841420365276507,0.6550252515754689,0.1509553461932287,0.07924578801325405,0.7189187500000003
235,1327,0.829375,76,1.2807875192162708,2.8476234929178297,0.2643673255129037,0.059899140820086155,0.7583492922207784,0.15109220435584078,0.07823802295949678,0.7190500000000003
236,1322,0.82625,77,1.25760123727937,2.8265309767150675,0.26392092997971583,0.05822961958354487,0.7583492922207784,0.15111727931830346,0.07854980446190654,0.7184687500000002
237,1324,0.8275,80,1.2553347451949233,2.820673418063372,0.2638147212000307,0.058526154788258664,0.7583492922207784,0.151099477506757,0.07835864946169854,0.7181125000000003
238,1331,0.831875,81,1.2602127763343836,2.82308190265732,0.26352197779257414,0.05847007502569332,0.7583492922207784,0.15103592116450584,0.0783359181662211,0.7179625000000003
239,1351,0.844375,82,1.2686011960419414,2.837823156502732,0.26405579683667224,0.059394655935984336,0.7583492922207784,0.15099047448428587,0.07892520995090158,0.7166500000000002
240,1357,0.848125,82,1.269652950687179,2.832058382191323,0.26398471044857974,0.0589013314894286,0.7583492922207784,0.15094722551583856,0.078654143439018,0.7162187500000003
241,1350,0.84375,84,1.2805714184035786,2.839107008765954,0.2641484670686079,0.060051476894338235,0.7583492922207784,0.15091597084942904,0.07852340904017689,0.7161625000000004
242,1356,0.8475,82,1.2722716744327933,2.835101376708908,0.2633953859075324,0.05760501425839679,0.7583492922207784,0.15093127453041694,0.07859280812160091,0.7156187500000003
243,1370,0.85625,84,1.275301869297485,2.8469280713692644,0.263854177480566,0.0578992972979391,0.7583492922207784,0.15096475536472118,0.07831149315028169,0.7142687500000002
244,1374,0.85875,83,1.2780164909792242,2.848955515717668,0.2645589735956144,0.05860421454946126,0.7583492922207784,0.15098991257683406,0.07804916350527347,0.7127875000000004
245,1350,0.84375,84,1.2778872747128378,2.8525475172905974,0.26351842166589484,0.05845966369606201,0.7583492922207784,0.1510241847021477,0.07753485740858884,0.7133125000000002
246,1361,0.850625,81,1.2762262312087005,2.8551042828673783,0.2637706980111378,0.05871190238252685,0.7583492922207784,0.15092944042061401,0.0780822969034947,0.7124500000000004
247,1365,0.853125,84,1.2754003512016787,2.8656051409229093,0.26353032478712857,0.05804994011419985,0.7583492922207784,0.15097626129827163,0.07796399451455953,0.7118500000000003
248,1365,0.853125,83,1.2764112717129703,2.866894322429792,0.2629597968096987,0.0578163744251646,0.7583492922207784,0.15105439980580007,0.07747821229257652,0.7105562500000003
249,1362,0.85125,85,1.2827176584405942,2.8800129997394883,0.26239115221806525,0.0576787749483748,0.7583492922207784,0.151109058223,0.07703884834548876,0.7102562500000001
250,1349,0.843125,86,1.2865337634579703,2.889159816345287,0.26161383509308417,0.05710568549990165,0.7583492922207784,0.15111880026311103,0.07748983916904481,0.7098812500000002
251,1324,0.8275,86,1.2847658917623077,2.8918457557129904,0.26099987354431714,0.05627414532626555,0.7583492922207784,0.15108848452181423,0.07687266267669111,0.7103875000000004
252,1312,0.82,83,1.275082234272675,2.8729986906624974,0.26054311274409186,0.05566419194936095,0.7583492922207784,0.1510775577081174,0.07678160154886254,0.7105750000000003
253,1310,0.81875,83,1.269913818699869,2.8698385669926574,0.259674960068283,0.055543000855648374,0.7583492922207784,0.1512066820288755,0.07736795652846667,0.7105000000000004
254,1301,0.813125,85,1.2776924926783677,2.905224078755743,0.25905542343544524,0.054848019224740426,0.7583492922207784,0.1513311096606584,0.07788455601138276,0.7111562500000004
255,1316,0.8225,82,1.277516017274065,2.9109409749457265,0.2597741731223585,0.05527171914191555,0.6619629740862044,0.15132050510354467,0.07808589596156805,0.7106125000000003
256,1318,0.82375,84,1.2809693167232459,2.920976537393788,0.260079938909365,0.05565051630591865,0.6619629740862044,0.1513485468930715,0.07820370532909143,0.7102375000000003
257,1313,0.820625,84,1.2691907950529235,2.9010175838850585,0.26074339570409644,0.05518477704999974,0.6619629740862044,0.151299284437284,0.07775688155461435,0.7101250000000003
258,1312,0.82,86,1.2782132350435356,2.921938916363906,0.26125640565843006,0.057211686616768065,0.7199623534436932,0.1513282287048459,0.07787773209352127,0.7107625000000003
259,1314,0.82125,85,1.266344001765589,2.9228705503984713,0.26140874054731356,0.05711608300982374,0.7199623534436932,0.15136543363157362,0.07810285197221199,0.7116062500000004
260,1324,0.8275,84,1.2615631957572644,2.9177416024590808,0.2616515723327854,0.056405121125882716,0.7335487958403556,0.15139972462833637,0.0781003579209175,0.7102937500000004
261,1314,0.82125,83,1.25347849702522,2.9004692683182602,0.26108967823424867,0.05551859013909601,0.7335487958403556,0.1513711118991758,0.07811716721443153,0.7108000000000004
262,1314,0.82125,81,1.2438419327402968,2.8877754434121914,0.2612804912537606,0.054004600830302424,0.7335487958403556,0.1513973063505792,0.0781827707699464,0.7105187500000004
263,1316,0.8225,79,1.2452289812767967,2.8779831327129806,0.26139446419034146,0.05443742058566618,0.7335487958403556,0.15134439421245274,0.07762220452146312,0.7108562500000004
264,1308,0.8175,74,1.2466201686575442,2.8507574515142102,0.26157653796519675,0.05416006998580343,0.7335487958403556,0.15139332767945898,0.07779593661632843,0.7109875000000003
265,1326,0.82875,73,1.2465572601522856,2.850779481435611,0.2608788248059436,0.053900832732264835,0.7161269341056447,0.15138834212008578,0.07704015670435851,0.7101062500000004
266,1314,0.82125,73,1.2369754207426404,2.842443033082628,0.2612869840575317,0.052891589840098424,0.7161269341056447,0.1512732487670793,0.0772209269946165,0.7111562500000004
267,1321,0.825625,75,1.2266462451995102,2.843885462492995,0.26126327718558956,0.05254993973944703,0.7161269341056447,0.15134124039186364,0.07756349994348147,0.7108937500000003
268,1323,0.826875,76,1.238110544722807,2.8532945348200585,0.2609307190646513,0.05355432623224504,0.7627305285200447,0.15144631148328425,0.0777756529695329,0.7106687500000004
269,1318,0.82375,77,1.2406856979884004,2.866644208382069,0.2594943994970308,0.053563838439715634,0.7627305285200447,0.15159501864259597,0.07844589271869942,0.7103687500000003
270,1337,0.835625,79,1.2393825473998044,2.8696188225799704,0.25898068035598903,0.05312777260872119,0.7627305285200447,0.15161210257126126,0.07823702858266247,0.7090375000000003
271,1333,0.833125,81,1.2363058786249872,2.869511583733737,0.2589173472704901,0.05308235786296607,0.79581450885789,0.15166458865755894,0.07814926957503746,0.7088875000000004
272,1344,0.84,81,1.2268621061917315,2.8684665853889495,0.2587316420897148,0.05257147784581826,0.79581450885789,0.15173342969395145,0.07854249286623928,0.7075562500000003
273,1345,0.840625,79,1.2348446715269232,2.876390953677367,0.2579702056438648,0.05159903920290723,0.49784219742504743,0.15180334714402827,0.07864740003720616,0.7064687500000004
274,1344,0.84,80,1.2370408836651905,2.8764929265908217,0.2578587018128592,0.0515211994213484,0.49784219742504743,0.15182587542432951,0.07801966852456532,0.7060750000000003
275,1348,0.8425,80,1.2404950897147122,2.8846803442029842,0.2579833088852489,0.052114734294096764,0.49784219742504743,0.15175869834801234,0.07793872055208217,0.7041812500000003
276,1346,0.84125,80,1.2495807351920494,2.894665712719565,0.25799859902803307,0.05269799667133762,0.4647582170872023,0.15181404882749105,0.07749762721105304,0.7040687500000005
277,1347,0.841875,83,1.2617628318836618,2.9248007025813747,0.2577702996054219,0.05457169072928212,0.7655841902121243,0.15187588222265003,0.07676393041258112,0.7044437500000004
278,1364,0.8525,81,1.261929809112556,2.918931423430313,0.2581959939122893,0.05442060621534592,0.7655841902121243,0.15186391329500895,0.07687119090205642,0.7027937500000004
279,1366,0.85375,82,1.2659332910394296,2.9245845084360638,0.25816175405947567,0.05441286227533211,0.7655841902121243,0.15196182346473588,0.07649753774257971,0.7023625000000004
280,1336,0.835,81,1.2661465984635527,2.925114398368981,0.2588304321648175,0.0543931538906974,0.7655841902121243,0.15195517937109967,0.07649872159607828,0.7030937500000003
281,1314,0.82125,81,1.2629129012046674,2.908889605067649,0.2592350523219204,0.05429222072259764,0.7655841902121243,0.15190177375168387,0.07673148246788115,0.7043500000000003
282,1306,0.81625,79,1.272568789119257,2.9114241718875933,0.2593715927323633,0.05517617082532016,0.7655841902121243,0.15196450522053476,0.0768390300599628,0.7045750000000004
283,1314,0.82125,79,1.271658026611553,2.903216548064952,0.2596117370188539,0.055196532825903845,0.7655841902121243,0.15180777357432595,0.07654406987550852,0.7037125000000003
284,1336,0.835,78,1.2732311312291598,2.8998848293466515,0.25974148725579943,0.055018792406980335,0.7655841902121243,0.15180119414614765,0.07644330493429467,0.7024562500000004
285,1360,0.85,79,1.2688517831791715,2.901778741527961,0.25964477153141097,0.054675626536392276,0.7655841902121243,0.15174370596799838,0.07678485581723773,0.7002812500000004
286,1331,0.831875,78,1.2673969795248248,2.902986419227714,0.25981786878080815,0.05490039770803455,0.7655841902121243,0.15162294123146997,0.07694975911154192,0.7010312500000003
287,1330,0.83125,79,1.2576061055110073,2.902135586684625,0.25885220214192745,0.053801469660621444,0.7655841902121243,0.15165991085602884,0.07697703075720856,0.7006750000000005
288,1318,0.82375,77,1.2679390204141827,2.919647968840999,0.2581792000901169,0.05228477990272991,0.4647582170872023,0.15166925552137045,0.07686071218549465,0.7009375000000004
289,1327,0.829375,76,1.2644128653993,2.9140266873859493,0.25805447422922445,0.05219342294353005,0.4832314108806656,0.15173077605885577,0.0766672422111849,0.7005250000000004
290,1322,0.82625,76,1.2770319046282688,2.9281793287008036,0.25773162491919765,0.05268169936749284,0.4832314108806656,0.15174746463518848,0.07670489502116189,0.7004312500000003
291,1332,0.8325,74,1.2698722887254486,2.9239013346805276,0.257735105718967,0.052823575295392944,0.4832314108806656,0.15172782430021084,0.07623900991284065,0.6992125000000005
292,1306,0.81625,74,1.263504937754995,2.9158837298608637,0.2577936220278423,0.05232118032606168,0.4832314108806656,0.1517494775535382,0.07639641635050459,0.7002062500000005
293,1303,0.814375,72,1.2600568696607557,2.9032003303081915,0.2571641418712646,0.05180119535701171,0.4832314108806656,0.15183912996077104,0.07592673482244248,0.7005437500000004
294,1307,0.816875,72,1.2580026595314089,2.898092792765792,0.25718295085471854,0.05172649906960702,0.4832314108806656,0.15180195223725906,0.07614794982281595,0.7002625000000003
295,1296,0.81,70,1.2540548632193615,2.88441616284104,0.25698783392666064,0.05112111072675257,0.4832314108806656,0.15171577036660497,0.07604940137709641,0.7014250000000004
296,1308,0.8175,72,1.2443812865403594,2.8753483756074596,0.25697308958939447,0.051157673638080776,0.4832314108806656,0.15167273352747954,0.07613198064071511,0.7006750000000004
297,1300,0.8125,70,1.2373049708459545,2.8599385101988837,0.25752705839640766,0.05070939389338993,0.4832314108806656,0.1516768924904171,0.0757073484886373,0.7009375000000004
298,1300,0.8125,71,1.2438771509102062,2.872016727919067,0.2575540294371325,0.05086854371540993,0.4832314108806656,0.15171009448227904,0.0763078914431298,0.7010500000000005
299,1302,0.81375,72,1.2526183804265565,2.8749339875113056,0.2570539366463781,0.050774631834826736,0.5261294649380679,0.1517485360636688,0.07595384365370961,0.7015375000000003
300,1303,0.814375,73,1.2482293616645075,2.869313898757874,0.25701129843102505,0.050786927043011944,0.5261294649380679,0.15163973675244305,0.0764961474151817,0.7015937500000003
301,1310,0.81875,72,1.2495666880310738,2.8773113742940017,0.25694994392714143,0.05039972797508289,0.4832314108806656,0.1516513185178103,0.07705918438888398,0.7015000000000005
302,1309,0.818125,73,1.2558850850913053,2.8839724256618227,0.25655531843283713,0.050587241372428746,0.4832314108806656,0.15165687391903232,0.07716484666959808,0.7011812500000003
303,1315,0.821875,71,1.2531926236229414,2.887859930332662,0.2561979485921589,0.05029878282830496,0.4647582170872023,0.1516770431280072,0.07722296391080014,0.7006187500000004
304,1307,0.816875,70,1.2558693644817385,2.8894868360310566,0.2562007406111927,0.050325994888507405,0.4647582170872023,0.15174681575761836,0.07721365032187583,0.7013312500000004
305,1302,0.81375,73,1.2565341749907784,2.9038874196038402,0.2565153081282882,0.0505362916039687,0.4647582170872023,0.15173624952878065,0.07716806098752389,0.7015937500000003
306,1303,0.814375,74,1.2665914558527167,2.9186805486613467,0.2564114821766715,0.051235571352399596,0.4647582170872023,0.151823262750387,0.07637524435756679,0.7017625000000004
307,1300,0.8125,73,1.2716564968530684,2.9169777813817035,0.2569829366585202,0.05139776390115573,0.4647582170872023,0.15182779812836028,0.07597985177377181,0.7017812500000005
308,1290,0.80625,73,1.2714935611875224,2.922115978331968,0.2566068722541429,0.051186428535046374,0.4647582170872023,0.15179478287493975,0.07645688547242807,0.7017625000000004
309,1292,0.8075,74,1.2735258726919445,2.932768020857596,0.25669368347935456,0.05122314973134243,0.4647582170872023,0.15182869952675826,0.07631584855109431,0.7024750000000004
310,1289,0.805625,74,1.2640900568894324,2.9191259418917728,0.25709966235501175,0.05109803063230245,0.4647582170872023,0.15170332548084992,0.07658433576769645,0.7019312500000006
311,1286,0.80375,75,1.2636402394598332,2.9238240217334166,0.2573734342758774,0.052111617412878605,0.4647582170872023,0.1517748153542232,0.07648644939380024,0.7015750000000004
312,1282,0.80125,75,1.269624992255519,2.931417742091185,0.25768420710618506,0.052597722039523155,0.4647582170872023,0.1517055910304672,0.07726169865294985,0.7017437500000004
313,1280,0.8,76,1.2814562539334184,2.949162473645205,0.25796101808083594,0.05303629362772357,0.4647582170872023,0.15178287302747415,0.07675849749099933,0.7017625000000004
314,1282,0.80125,76,1.2726438020723079,2.9378461711316035,0.2577402200310172,0.051826000263287944,0.4647582170872023,0.1516769375680813,0.07614782656413885,0.7022687500000004
315,1278,0.79875,77,1.287722645697853,2.9505800583535176,0.2574596483796952,0.05264177785591895,0.4647582170872023,0.15172981373978547,0.07655568816841668,0.7031500000000005
316,1283,0.801875,73,1.2792907606343538,2.9334606187664813,0.25809089887585424,0.052495032264160704,0.4647582170872023,0.15180807132061758,0.07648341626137373,0.7031125000000005
317,1281,0.800625,73,1.2723668211942725,2.921188670881367,0.25896294685271465,0.052649195775557316,0.4647582170872023,0.15183034045737887,0.07599767913087374,0.7029250000000005
318,1272,0.795,72,1.2638602916530193,2.9250770354274573,0.25832506388400306,0.05191568478942957,0.43463644922981926,0.15188844605349705,0.07650593776478397,0.7038062500000004
319,1262,0.78875,71,1.2407291448995788,2.911003531566128,0.25804529698110196,0.05066098546283142,0.43463644922981926,0.1518508419026841,0.07667460885156571,0.7049312500000005
320,1265,0.790625,73,1.2513993556386425,2.9371452276512677,0.2575775200685654,0.05171119597279861,0.43463644922981926,0.15198492636065644,0.07754232016550355,0.7049687500000005
321,1261,0.788125,72,1.2453908977522752,2.9299389794121105,0.25707271420316546,0.05169874451666399,0.43463644922981926,0.15198875788029792,0.077761481770733,0.7053250000000004
322,1268,0.7925,68,1.2516924071694735,2.933288061342196,0.25688080652926065,0.051510986559725386,0.43463644922981926,0.1521153152258394,0.07841703226024781,0.7053250000000005
323,1270,0.79375,69,1.247067741416863,2.9340963271038882,0.2564883970619563,0.05135481000587445,0.43463644922981926,0.15202377373591444,0.0772081010682175,0.7054562500000005
324,1255,0.784375,69,1.2436736296477613,2.9396543016303225,0.25692848587182715,0.05080236918256956,0.43463644922981926,0.1520889158288844,0.07727193031187232,0.7063750000000004
325,1247,0.779375,67,1.2446334993392798,2.927949222727613,0.2565218765995026,0.05046988995417261,0.43463644922981926,0.15206304181484656,0.07714095977718706,0.7072562500000004
326,1236,0.7725,69,1.2535233701334054,2.9571308184751,0.2565366106438559,0.05092260042927705,0.5240149708855437,0.15202011294288742,0.07648586579186688,0.7091875000000004
327,1243,0.776875,68,1.2433613762124713,2.9471226301200013,0.25680285634412486,0.05054419153407785,0.5240149708855437,0.15191696997245133,0.07657695433428299,0.7087750000000004
328,1243,0.776875,69,1.233828335767104,2.949967021734008,0.25661228763277577,0.050398599660294974,0.5240149708855437,0.1518452574740844,0.07640161206438795,0.7088875000000004
329,1245,0.778125,71,1.2333949545882437,2.9581857441203443,0.2569421375513481,0.050273324645417776,0.5240149708855437,0.15191388242850856,0.07636684291509718,0.7093375000000003
330,1255,0.784375,73,1.2384110022135209,2.9599410163977646,0.2573052167867583,0.0505358421326199,0.5240149708855437,0.15182820547949458,0.0758253954405424,0.7095625000000004
331,1254,0.78375,73,1.248981047249121,2.9721371906787417,0.256626019546447,0.05114517625008016,0.5240149708855437,0.1519175351731165,0.07578336912554579,0.7108375000000006
332,1245,0.778125,71,1.2527933023394975,2.9629322887949994,0.25640727233752164,0.05111679238079616,0.5240149708855437,0.15193518063963718,0.07643592250455143,0.7117000000000004
333,1259,0.786875,71,1.2485054995575817,2.9584999250986126,0.25593691939462704,0.05053626715404132,0.5240149708855437,0.15196243045001684,0.07645506150622117,0.7125437500000004
334,1269,0.793125,71,1.2424706316752854,2.9355556314392546,0.2561562192888623,0.0502916790843351,0.5240149708855437,0.15183594732263703,0.07683364337367757,0.7117750000000004
335,1267,0.791875,72,1.2486311143692146,2.942347328567279,0.2557635524261865,0.05039510273931268,0.5240149708855437,0.15189941511291682,0.0774270472397986,0.7118312500000005
336,1271,0.794375,72,1.2531412361072918,2.9408377873361156,0.25596109033979797,0.050506236390022115,0.5240149708855437,0.15182151245452244,0.07764767815809613,0.7120375000000004
337,1278,0.79875,71,1.2574889339366202,2.9444212722186225,0.2569020951133,0.053887154251546804,0.8814170689464502,0.15182850104442208,0.0772804741737594,0.7117750000000005
338,1303,0.814375,72,1.2562419776930902,2.9557452213193844,0.25687870595505874,0.05385556041704656,0.8814170689464502,0.15190893057629998,0.07754285217073402,0.7101250000000005
339,1298,0.81125,71,1.2579484888779175,2.9593106282774415,0.25685663525587155,0.05366319217919205,0.8814170689464502,0.15193995648532213,0.0768679460886184,0.7099000000000005
340,1306,0.81625,72,1.2668908355167747,2.961550841413805,0.25705517528205324,0.0543687209931703,0.8814170689464502,0.1520057665850479,0.07702800493542991,0.7090187500000005
341,1310,0.81875,71,1.2642952109395096,2.964955511677576,0.2570315420641061,0.053737211546698006,0.8814170689464502,0.15195903431964322,0.07736386386082914,0.7088687500000006
342,1296,0.81,72,1.2553541998331152,2.9591393385309344,0.2583105746716995,0.05488068951955875,0.7784521048940634,0.15199329458654698,0.07705490671359509,0.7096000000000005
343,1314,0.82125,74,1.2675844895608084,2.9755133608709934,0.25787245273646453,0.055177190301082694,0.792017917209086,0.15215101129450892,0.07767005339032562,0.7084562500000005
344,1330,0.83125,74,1.2597939631638078,2.976188803655912,0.2583110720235585,0.05534270536193653,0.792017917209086,0.15221187522397844,0.07742851471309592,0.7072375000000004
345,1316,0.8225,77,1.2769434557545905,2.994516735891838,0.25824682826577244,0.056184739190503735,0.792017917209086,0.15229954424724898,0.07693057752516733,0.7079500000000004
346,1307,0.816875,79,1.2823249005944388,3.00025899020443,0.2577967052893053,0.056020175201290406,0.792017917209086,0.15241408077470703,0.07764713437434163,0.7084937500000004
347,1302,0.81375,81,1.2856130631442932,3.008009156838349,0.257722145486317,0.05637291353455217,0.792017917209086,0.15245702929677196,0.07719252483466613,0.7092625000000004
348,1317,0.823125,81,1.3033570485901558,3.0296340259100907,0.2576734955064548,0.0572828877835221,0.792017917209086,0.15244298181703375,0.0770004058165305,0.7076687500000005
349,1307,0.816875,78,1.276722618461214,3.006731858221397,0.25722971323876814,0.05436430930654494,0.7784521048940634,0.1525182161944139,0.07762176343346693,0.7077437500000004
350,1302,0.81375,77,1.2927232030530014,3.0254167191108565,0.25708861910368125,0.05473767715486146,0.8211261794313738,0.1525427588376274,0.0768180329351641,0.7083625000000005
351,1290,0.80625,77,1.2846569362245466,3.0372011414142253,0.2576953314091574,0.054260412999746835,0.7784521048940634,0.15255490011065975,0.07692669722991612,0.7097687500000005
352,1298,0.81125,78,1.2982228594590963,3.0525654983830726,0.25764980291855727,0.05481911544257209,0.7784521048940634,0.15261723193150395,0.07680493313715066,0.7096562500000004
353,1301,0.813125,78,1.3158648003150764,3.0810799032795066,0.25776509927253116,0.05567070914320223,0.8074262503777049,0.15261966173737931,0.07736827409313368,0.7091500000000005
354,1311,0.819375,77,1.3110340712200608,3.0653341672155587,0.2578302905741167,0.05497572735541506,0.8074262503777049,0.15269996946625805,0.07709636072591972,0.7084187500000004
355,1320,0.825,77,1.303884966723016,3.0624214950654896,0.2582401151297081,0.0543197159472801,0.8074262503777049,0.15275932877830065,0.07826820740140948,0.7082125000000005
356,1328,0.83,77,1.3086115820430488,3.0663872075195844,0.2581062015552002,0.054661106783215015,0.8074262503777049,0.15281804947627875,0.07797222280705404,0.7076687500000005
357,1319,0.824375,75,1.3052411993995578,3.045519519879678,0.25843046100570516,0.053934885323786055,0.8074262503777049,0.15271344740920245,0.07767313661739814,0.7073312500000004
358,1306,0.81625,74,1.2925665804272806,3.0295569151229067,0.2592812090964768,0.053398472557841296,0.8074262503777049,0.1526331073738852,0.07795361437530308,0.7075562500000006
359,1318,0.82375,74,1.2862061172151866,3.017780357567245,0.25925861191996535,0.05323961054278677,0.8074262503777049,0.1526016879535607,0.07758931700856779,0.7066375000000005
360,1319,0.824375,73,1.2786015039442011,3.0037495389573063,0.259047439826325,0.05033469011530978,0.43354232575978124,0.15258364128621,0.07811350015467745,0.7059625000000005
361,1315,0.821875,72,1.2758375295313398,2.997669347190233,0.2594920242598056,0.050284675253785126,0.43354232575978124,0.15257715746041672,0.07805565240425287,0.7062625000000006
362,1309,0.818125,72,1.2817582143879327,3.001217348974394,0.2598029989922013,0.051538467239165615,0.45602146418594125,0.1525910983673818,0.07855865040617188,0.7062250000000004
363,1301,0.813125,72,1.278601682049563,2.9915981510470306,0.2593148345356788,0.05149630267743207,0.45602146418594125,0.15260130423637908,0.07871374682638808,0.7059625000000004
364,1301,0.813125,73,1.2834495428538375,3.0029800808690386,0.26008090344656765,0.052418408610403755,0.45602146418594125,0.152545204756718,0.07752752959660669,0.7060375000000004
365,1310,0.81875,72,1.2758406342066575,2.987826262666081,0.2599145936355282,0.05224524250521687,0.45602146418594125,0.1525140178124899,0.07677566015251741,0.7053437500000004
366,1294,0.80875,71,1.272171168765149,2.9788030585691034,0.26044206320673413,0.05262873073077063,0.45602146418594125,0.15247297283776162,0.07758941229829253,0.7051375000000004
367,1292,0.8075,72,1.2730734070349574,2.977909686336335,0.26083570667313105,0.05320953526218074,0.45602146418594125,0.1524213621124399,0.07699990594044652,0.7053437500000004
368,1294,0.80875,71,1.2794031495305416,2.978438137553723,0.261092720819356,0.0542583650195566,0.45602146418594125,0.15246627499680607,0.07726199048913715,0.7050625000000005
369,1294,0.80875,74,1.2719414296058986,2.9749968454304234,0.2605971463764442,0.053992914686204235,0.45602146418594125,0.15251693650968173,0.07733777451139498,0.7050625000000005
370,1279,0.799375,75,1.278548301503811,2.9930662988920473,0.26085270598965105,0.05422949796202215,0.45602146418594125,0.15244276328970052,0.07708944846955532,0.7057000000000005
371,1286,0.80375,76,1.2800462130335952,2.9816580783382785,0.2604104292842311,0.054741449414699064,0.45602146418594125,0.15248863463703838,0.07659371975044442,0.7057375000000005
372,1305,0.815625,75,1.2818482920307956,2.982863230301747,0.2595795811178848,0.05452880055326035,0.45602146418594125,0.15259808677386824,0.07713437135495703,0.7048562500000005
373,1309,0.818125,74,1.2803727863562888,2.9773522818311693,0.25968328991072115,0.05485477121344046,0.45602146418594125,0.1526609485900171,0.07764814170972108,0.7050250000000006
374,1323,0.826875,73,1.2834068139983312,2.983694038400624,0.2596807824514155,0.05495885833493144,0.45602146418594125,0.15260454814054047,0.07784719097015155,0.7043125000000007
375,1319,0.824375,75,1.2884114550954375,2.992778870233385,0.2600282218104163,0.05547744930798714,0.45602146418594125,0.15253231274859466,0.07766623500088003,0.7038250000000005
376,1324,0.8275,75,1.3068690748091316,3.0097315163579244,0.2607869335440107,0.056408113671003374,0.45602146418594125,0.152564519353603,0.07761766746599376,0.7024937500000006
377,1320,0.825,75,1.3020077321813497,3.0081276155639247,0.2608285240954075,0.05559684631462391,0.45602146418594125,0.15254428706783696,0.07718764755408457,0.7026812500000006
378,1321,0.825625,78,1.3127759850851133,3.0256432822490154,0.2615688993934942,0.056716140858834876,0.45602146418594125,0.15252795421812881,0.0770032487376824,0.7017250000000006
379,1325,0.828125,75,1.3209226688660072,3.010716332185151,0.2614829589291134,0.056990545999925424,0.45602146418594125,0.15247883669866424,0.07709554442374941,0.7005250000000005
380,1326,0.82875,76,1.3215443488393905,3.028074664753216,0.2609812616414349,0.05604425661165155,0.45602146418594125,0.15242186952821601,0.07701769132538232,0.6996437500000005
381,1317,0.823125,77,1.3166847161487618,3.0182403515513423,0.260780639620976,0.055981828825353463,0.45602146418594125,0.1524036092645396,0.07701807772059906,0.6994000000000006
382,1303,0.814375,79,1.3223840069566604,3.0286819322831757,0.26076680147428644,0.055078702203371244,0.45602146418594125,0.1523506986948652,0.07599166544493749,0.6993625000000006
383,1321,0.825625,78,1.3316108457206919,3.0176377786411193,0.2607733270241209,0.05516189655824118,0.45602146418594125,0.15234054225480334,0.07647593813831134,0.6982000000000005
384,1328,0.83,80,1.3327021135429165,3.022712314753294,0.2603554854400904,0.055325257038982285,0.45602146418594125,0.15223733228888187,0.07625615037931069,0.6977687500000005
385,1329,0.830625,81,1.333551636217872,3.0208842754326692,0.2599846309626894,0.05541303619788334,0.45602146418594125,0.15223633608314543,0.07653380699329897,0.6971500000000006
386,1325,0.828125,81,1.341530461507151,3.021369391253866,0.2599516604138896,0.05562186311379788,0.4838183727098311,0.1522163409783497,0.076705195051897,0.6971687500000006
387,1324,0.8275,82,1.329041708033638,3.0056775887230947,0.2597341417815046,0.05679647688759716,0.7454134867844044,0.1521957658646466,0.07646270032089952,0.6969062500000005
388,1312,0.82,81,1.3228082652666913,2.9921547766524244,0.2593338390395046,0.05616725841881428,0.7454134867844044,0.152255608185379,0.0754799420763271,0.6975250000000005
389,1310,0.81875,82,1.3238933799179244,3.000379745390076,0.259426747539082,0.05616981562726806,0.7454134867844044,0.15232891795790468,0.07592068400646135,0.6979937500000005
390,1316,0.8225,82,1.313358896796055,2.9919446073035765,0.2588964038826851,0.05529522310559835,0.7454134867844044,0.15235942786369394,0.07584248915711711,0.6982937500000006
391,1308,0.8175,83,1.3105476427622689,2.9988182488358763,0.25800477678141326,0.05484710256282706,0.7454134867844044,0.15239849331106986,0.07554234944903468,0.6984625000000005
392,1308,0.8175,83,1.3090308923752365,3.0044541762023584,0.25846648127912797,0.054390874270678326,0.7176165782605146,0.15244455515410718,0.07564935638653181,0.6986875000000006
393,1303,0.814375,85,1.3020323567884227,3.0032920732580752,0.2590531322042418,0.054168166792416,0.7176165782605146,0.1524333590034682,0.07579177826166335,0.6994562500000007
394,1308,0.8175,86,1.287836199188875,2.989594746571414,0.2590932954037373,0.053077520663984384,0.7176165782605146,0.15236764491562999,0.07532339140305215,0.6994937500000006
395,1309,0.818125,86,1.2815053719474045,2.9896276976860863,0.2592980473895097,0.05328046337635846,0.7176165782605146,0.1522432078455547,0.07514867725097611,0.6990812500000005
396,1302,0.81375,86,1.286272283299758,2.9853384164967425,0.259820638876792,0.05347428456951786,0.7176165782605146,0.1521462136512757,0.07523315207894106,0.7000937500000006
397,1319,0.824375,87,1.2811417361716508,2.9836037070264667,0.25904326835433694,0.0524744091060717,0.7176165782605146,0.1521597895800811,0.07519970378390613,0.6990250000000006
398,1323,0.826875,86,1.293610892345102,2.98694205962172,0.2588148906428116,0.05292142028746906,0.7176165782605146,0.1521885662226038,0.07535575194194276,0.6987812500000006
399,1321,0.825625,85,1.291211470298105,2.991851969351925,0.25907571434880433,0.053247244676042534,0.7228505917523317,0.15220442945807056,0.07557795560765691,0.6988562500000006
400,1316,0.8225,88,1.2935269160412532,2.9987924148717706,0.2588469408061828,0.053028881670490635,0.7228505917523317,0.15221424779505502,0.07573884312002929,0.6990250000000006
401,1306,0.81625,87,1.2956705053046573,3.0032259567935884,0.2592438484956974,0.05346962445180359,0.7228505917523317,0.15224447064925653,0.07607377723618435,0.6995687500000005
402,1303,0.814375,85,1.2985179922680758,3.007957002324912,0.25943124567787934,0.05315233734783943,0.7228505917523317,0.15229643107151813,0.07638879052608381,0.7005625000000005
403,1315,0.821875,86,1.2974477963754436,3.0213618075320117,0.2593074149403796,0.05348781188941087,0.7228505917523317,0.15230418775139476,0.0766115675244618,0.6999250000000007
404,1325,0.828125,85,1.3007145692805757,3.0154912312697717,0.25829789732289815,0.05309291644666723,0.7228505917523317,0.15239877755236536,0.07658994653051202,0.6986687500000005
405,1317,0.823125,85,1.3124446066416606,3.0227491559584596,0.25844190882344337,0.05418379394057704,0.7228505917523317,0.15243976316443394,0.0766180566366736,0.6991562500000005
406,1313,0.820625,85,1.3099890246303014,3.0199392317050435,0.2582982064842958,0.05377061311032622,0.7228505917523317,0.15245324602716048,0.077235293126427,0.6993062500000005
407,1326,0.82875,86,1.29848094826848,3.0152564656768943,0.25837466298484807,0.05328348513703784,0.7228505917523317,0.15250680981216572,0.07705101362722928,0.6990250000000006
408,1338,0.83625,85,1.2989065369458213,3.0104603334108204,0.2581929936254691,0.05377170839473262,0.7228505917523317,0.15260957375397308,0.07662189306172637,0.6985750000000006
409,1334,0.83375,84,1.3106629133898122,3.0052146567485005,0.25811030652681743,0.05453366568073104,0.7228505917523317,0.15256689796872708,0.07622057676751312,0.6981250000000006
410,1347,0.841875,87,1.3029611957377045,3.0071857890052507,0.2581639270552444,0.05410964913623044,0.7228505917523317,0.1524973892834374,0.07676580838059267,0.6973750000000005
411,1341,0.838125,90,1.3131133499995833,3.0252185571091212,0.2575709608124483,0.054171241155585526,0.7563626046137756,0.15266233818008298,0.07750854829148378,0.6969625000000005
412,1321,0.825625,90,1.315776571024056,3.0391738486110578,0.25720869650020817,0.05440849190862908,0.7563626046137756,0.1526426923559519,0.07668949518972332,0.6977687500000006
413,1312,0.82,88,1.3228242693917702,3.0491834750708366,0.2583569530358748,0.055276248675413475,0.7563626046137756,0.15268559407248894,0.07648175721260864,0.6974500000000006
414,1306,0.81625,89,1.3266753346695257,3.0658089057314637,0.25862675777516775,0.055177624851517046,0.7563626046137756,0.15274933638731147,0.07617341697492735,0.6976562500000005
415,1301,0.813125,89,1.3242910121577582,3.0751688807240902,0.25937499997979235,0.055384878649348844,0.7563626046137756,0.15276228636158415,0.07640484533382498,0.6979750000000005
416,1301,0.813125,89,1.3243643621862988,3.091459746614505,0.25879765339638444,0.0553729663675299,0.7563626046137756,0.15282392212086224,0.0770714586754655,0.6979937500000005
417,1291,0.806875,92,1.3282785516246154,3.113990505494932,0.2585354959814908,0.05519384580230279,0.7563626046137756,0.1529167547389001,0.0768785610653899,0.6993062500000005
418,1301,0.813125,93,1.322580435964119,3.0956783295342536,0.25844825127945265,0.05527526598733459,0.7563626046137756,0.1529851994098636,0.07651577271249198,0.6986500000000007
419,1289,0.805625,91,1.3151606961045677,3.0725654378531373,0.258125588493795,0.05444169689903197,0.7563626046137756,0.152998494830929,0.07672453815760581,0.6999812500000006
420,1284,0.8025,93,1.3259640352966218,3.0866396845705633,0.25804948635127184,0.055171717274139956,0.7563626046137756,0.1530268159550405,0.0762223718937427,0.7008625000000006
421,1295,0.809375,91,1.322707359015403,3.08757587536885,0.25764188547401096,0.05484513550445138,0.7563626046137756,0.15316575388937106,0.07637518242050324,0.6999062500000006
422,1310,0.81875,91,1.3210346522113219,3.0712525392495174,0.25791595915401644,0.05538582537515249,0.7563626046137756,0.1531624773700155,0.07637036861171184,0.6989875000000006
423,1301,0.813125,90,1.328510375220563,3.074473866305659,0.25795253753930075,0.05558206047572091,0.7563626046137756,0.1532161259771797,0.0765531427653246,0.6994375000000005
424,1299,0.811875,88,1.3208825388981509,3.0789570557073263,0.2576008438206915,0.05412167014472923,0.7563626046137756,0.1531831835120539,0.07627988388686943,0.6994187500000005
425,1301,0.813125,87,1.311386130025422,3.0780994808049242,0.25850848247639224,0.05374171672840622,0.7563626046137756,0.15307916485875017,0.07566485213634724,0.6986312500000005
426,1307,0.816875,90,1.3204409476640029,3.099408368073666,0.25894056924346187,0.05400294949563013,0.7563626046137756,0.15309952014086167,0.07579766623684199,0.6983312500000005
427,1303,0.814375,91,1.3265359252452742,3.106900316219799,0.2590471870151334,0.054613055089528045,0.7563626046137756,0.15304289688034275,0.07624072296896035,0.6986125000000005
428,1312,0.82,87,1.3222397301892947,3.078967967963292,0.25912267659258387,0.054327947541427446,0.7563626046137756,0.15289062951756774,0.07647837372566542,0.6981250000000006
429,1306,0.81625,88,1.3109823139905201,3.060556900174735,0.25914221606116833,0.05370737306500464,0.7563626046137756,0.15278789256118916,0.0765290269296545,0.6990250000000006
430,1317,0.823125,88,1.313024623061768,3.060664265069167,0.25934603900796255,0.05381092346233615,0.7563626046137756,0.1527998685764312,0.07604714568189548,0.6989687500000005
431,1308,0.8175,91,1.3069599203841222,3.080764280404688,0.2587810048629822,0.05312533372818205,0.7563626046137756,0.1529073426148109,0.07632875204276264,0.6992687500000005
432,1299,0.811875,89,1.2994206203095575,3.0772121120639557,0.2587235367462031,0.05261144865931989,0.7563626046137756,0.15288387755025273,0.07593980238797542,0.6999812500000006
433,1301,0.813125,88,1.3114374609085717,3.0855207060746803,0.2589727327870207,0.05351528107336756,0.7563626046137756,0.15290978146769965,0.07585624335745653,0.7003000000000006
434,1298,0.81125,88,1.296437793506481,3.069194485508922,0.2588641643447198,0.052641746716298655,0.7563626046137756,0.15284204507696872,0.07655493016044572,0.7001312500000005
435,1307,0.816875,86,1.2958122420080398,3.0590760893639617,0.25982918516969034,0.05213550530131807,0.7563626046137756,0.15289830205055333,0.0762903813690974,0.6990437500000007
436,1326,0.82875,85,1.2954654413030071,3.0681379718734156,0.2596211327163388,0.05158490874408517,0.7563626046137756,0.15285073181498257,0.07543931877204146,0.6985000000000006
437,1311,0.819375,83,1.2961657932779487,3.067227940399875,0.2602132177311872,0.05222742148140246,0.7563626046137756,0.15295730463488919,0.07618445576497955,0.6987812500000007
438,1320,0.825,82,1.2933433146814972,3.0543250855952273,0.2601105083561836,0.05206826177188928,0.7563626046137756,0.15294013895053882,0.0760089498035319,0.6978062500000006
439,1327,0.829375,82,1.287182004908432,3.0563099597521166,0.2597578228125472,0.05189107076038252,0.7563626046137756,0.15296269913527702,0.0755986498257667,0.6975625000000005
440,1314,0.82125,82,1.2850062190339107,3.0572464057595408,0.25945910194726085,0.05178897764499873,0.7563626046137756,0.15285535663084127,0.0762067359601141,0.6979937500000006
441,1314,0.82125,82,1.283839443349532,3.068113062513909,0.2589633544794589,0.04973630259400708,0.4947674905392022,0.15290601315799576,0.07576011916320571,0.6978062500000006
442,1313,0.820625,80,1.2705266631182397,3.0415497911507297,0.2581971795078541,0.04910863544095047,0.4947674905392022,0.15289103887752598,0.07528013594832174,0.6977687500000006
443,1315,0.821875,82,1.2709325561870928,3.047436910990253,0.25850228826878063,0.049327818461729935,0.4947674905392022,0.152925994159678,0.07659064624885407,0.6975062500000007
444,1324,0.8275,82,1.267882753794824,3.042925915486193,0.25863253442047224,0.049280506446279335,0.4947674905392022,0.15294240076545088,0.07599158791431464,0.6965125000000006
445,1348,0.8425,84,1.2681239891781166,3.0572557408852212,0.25894201751211976,0.049136729636839495,0.4947674905392022,0.15298436011341943,0.07636534760429078,0.6946937500000007
446,1334,0.83375,83,1.2791393065213372,3.0746733096803784,0.25890732414217826,0.04945621024340012,0.4947674905392022,0.15307573151140477,0.07583134791181033,0.6948250000000007
447,1332,0.8325,85,1.2830201000582895,3.0861554532110675,0.25891694973831686,0.04979722539012641,0.4947674905392022,0.15315472998183344,0.07562438759283323,0.6947312500000007
448,1335,0.834375,85,1.278544165450296,3.0712591519962076,0.2585187805562928,0.04959267890401982,0.4947674905392022,0.1531145049714494,0.075736592231677,0.6940187500000006
449,1333,0.833125,86,1.2825173561156074,3.0711118867332377,0.25869435892681886,0.04936764030671412,0.4947674905392022,0.15300102173103325,0.0753417357565369,0.6937562500000005
450,1308,0.8175,88,1.2797110764744233,3.067172546220206,0.25825224790214846,0.04903914299234523,0.4947674905392022,0.15294313649501595,0.07467336036297305,0.6936625000000006
451,1307,0.816875,89,1.277373434621115,3.0856174934249596,0.25808597630260843,0.04809450136530353,0.4947674905392022,0.15307083654438966,0.07551038035982185,0.6942625000000007
452,1309,0.818125,86,1.252285911779902,3.065253008197532,0.25766981482842777,0.04708256497495032,0.4424207920883768,0.15305251972879405,0.07599621520728413,0.6934187500000006
453,1309,0.818125,86,1.2479577693165949,3.068738521346358,0.2573700102727795,0.04825786770973453,0.61381407473124,0.1531470182236736,0.07634110272133116,0.6936625000000006
454,1303,0.814375,85,1.2560703495066394,3.0663623752502684,0.2579684621174354,0.048681621055687234,0.61381407473124,0.15307794207214667,0.07636061632141551,0.6934750000000005
455,1315,0.821875,84,1.2631463303621249,3.0562942269345656,0.25809695869943233,0.05013260881950233,0.61381407473124,0.1529834576840794,0.07619490591158612,0.6924062500000007
456,1306,0.81625,85,1.2567240487328375,3.0476339208391217,0.25855022079900003,0.049659330178979944,0.61381407473124,0.1529482879056872,0.07625489607281632,0.6931375000000007
457,1313,0.820625,85,1.243692028986679,3.0402167240573044,0.25794596182085333,0.048873187344698865,0.61381407473124,0.153035767633092,0.07613618883916647,0.6926312500000006
458,1320,0.825,85,1.2305944042683419,3.039144794908338,0.2577097636748239,0.047312953716419436,0.61381407473124,0.15314130567577244,0.07686690185613733,0.6927062500000006
459,1327,0.829375,87,1.2363235674162143,3.0429182268563904,0.2574441797972353,0.04734335971349646,0.61381407473124,0.15310239304924295,0.07576684230535537,0.6925000000000007
460,1311,0.819375,87,1.2413905677020478,3.0576708410873334,0.2574327933747484,0.04766223415781975,0.61381407473124,0.15308450236082338,0.07560728385233613,0.6925937500000007
461,1314,0.82125,88,1.2440143166504052,3.052855193227982,0.2574771170016818,0.04643563746009227,0.61381407473124,0.15291084482124814,0.07606845755858785,0.6928375000000006
462,1320,0.825,87,1.2394674249267639,3.0436200243916085,0.2577224945622231,0.04625200734855525,0.61381407473124,0.15294249249939132,0.07629511890428141,0.6921437500000006
463,1323,0.826875,84,1.2307557216303047,3.0276784900365046,0.2571723038541891,0.04595325783058061,0.61381407473124,0.15311478549735713,0.07594594647339707,0.6909437500000007
464,1318,0.82375,84,1.2330099617526653,3.046613510233411,0.25750438556624794,0.046214181528604674,0.61381407473124,0.15326191894756774,0.07658017120618787,0.6916187500000006
465,1332,0.8325,83,1.2353429868042058,3.059941767029707,0.2568858456032963,0.04475824442828819,0.4199416536622168,0.1532965253240693,0.07581278083034179,0.6906437500000007
466,1327,0.829375,84,1.2412945432078293,3.0634809077341534,0.2567578104194098,0.045408503176276885,0.4792054822177981,0.15329326914837885,0.07557349078829559,0.6906250000000006
467,1329,0.830625,84,1.2385436700267938,3.0582182718077187,0.2568041554368147,0.04544960256491176,0.4792054822177981,0.1532966958975082,0.0758644260072713,0.6902687500000007
468,1343,0.839375,82,1.2423638645043316,3.0559702084258324,0.2568539696903978,0.04513810256208746,0.4792054822177981,0.15324278775521707,0.07604505301989514,0.6891812500000006
469,1329,0.830625,79,1.2289987140500316,3.039403571566363,0.25710959945968914,0.044402402548413794,0.4792054822177981,0.1532119427183748,0.07631031313890471,0.6892000000000006
470,1337,0.835625,78,1.2163783610974308,3.0307744059396287,0.25741707874291786,0.043993606012787706,0.4792054822177981,0.1532643501101657,0.07611977047884563,0.6883562500000004
471,1334,0.83375,78,1.208285755407786,3.019788851033158,0.25744368867124584,0.04363225445818342,0.4792054822177981,0.1530907324836671,0.07607704861902179,0.6876812500000006
472,1327,0.829375,77,1.2019482447845535,3.026065114164196,0.2571796024979796,0.04391960058682861,0.4792054822177981,0.15302904837632486,0.07558002879318687,0.6879625000000007
473,1331,0.831875,76,1.2009467070057267,3.0348398651499227,0.25694654778691983,0.0438702848704648,0.4792054822177981,0.15305513608234472,0.07548428337385536,0.6876062500000006
474,1317,0.823125,77,1.2093497746867503,3.04272472066012,0.2566465491076109,0.04423968138546695,0.4792054822177981,0.15312905060208692,0.0754930382790086,0.6875500000000005
475,1324,0.8275,76,1.217063752056865,3.065883674370309,0.2563175065038641,0.04436789236459987,0.45766353224934786,0.15321711307862343,0.0754904982257249,0.6868000000000006
476,1312,0.82,78,1.2134201689462736,3.06827552628669,0.2561976096485434,0.04439424568601624,0.45766353224934786,0.15330709332602055,0.0756641828298902,0.6874750000000007
477,1316,0.8225,80,1.2116182568614884,3.081722235078283,0.25658729356121457,0.04439256940864991,0.45766353224934786,0.1534079703788514,0.07511581793208405,0.6875312500000007
478,1316,0.8225,77,1.1945587777797817,3.0690728672931398,0.25663534330571786,0.04351257669807794,0.45766353224934786,0.15332760278938093,0.0753646606064977,0.6874937500000006
479,1307,0.816875,77,1.1953841364665594,3.0612332043593464,0.2569388846094301,0.04366047618273141,0.45766353224934786,0.15332048279543176,0.07519829940811591,0.6883000000000007
480,1314,0.82125,76,1.2045216544076072,3.060395678049603,0.25698023201646847,0.043942103574515785,0.45766353224934786,0.15326170954693974,0.07456929292228863,0.6881875000000006
481,1307,0.816875,78,1.202843423797843,3.0693925496672154,0.25569896279102583,0.04409852185958113,0.45766353224934786,0.1534262234414401,0.07449616625827793,0.6885250000000006
482,1304,0.815,78,1.2047273314458042,3.0829968463736597,0.2551629006131438,0.043897997162163534,0.45766353224934786,0.15342295735908576,0.07421129780086176,0.6898375000000008
483,1308,0.8175,77,1.205257178289597,3.0906049788329955,0.25482051390035265,0.04360346295420613,0.45766353224934786,0.15337866420375676,0.07478137948971413,0.6896125000000006
484,1293,0.808125,77,1.2121792427204403,3.097218247586621,0.25492093994200915,0.043802269745479065,0.45766353224934786,0.15340670136289145,0.07484735067552632,0.6906812500000007
485,1309,0.818125,78,1.2247357564654628,3.1035917646996856,0.25493567618678414,0.04483041420252235,0.5369912312605218,0.15332188139962424,0.07528509273906034,0.6907750000000007
486,1308,0.8175,79,1.2258053041099726,3.1169193741732983,0.254822187597374,0.04480599787069214,0.5369912312605218,0.15325338757588408,0.07563742029655951,0.6909812500000007
487,1316,0.8225,80,1.2277672081086761,3.1164810291685843,0.2551732768039211,0.04488373578271291,0.5369912312605218,0.15330389804170808,0.07616198720506862,0.6905500000000007
488,1318,0.82375,78,1.2313801475929476,3.1325039175373792,0.25568422326469975,0.045076292767336025,0.5369912312605218,0.15320860978939213,0.07618503349947751,0.6903812500000006
489,1318,0.82375,78,1.2229008739103358,3.1329941220084816,0.2560137448333268,0.04475761904418119,0.5369912312605218,0.15327848193852275,0.07655912263282859,0.6899500000000006
490,1323,0.826875,78,1.2232335563479646,3.136559022406858,0.25579704703997547,0.04485114213017979,0.5369912312605218,0.15320280292046515,0.07709021916890497,0.6897062500000007
491,1313,0.820625,80,1.224079617816351,3.1450614309589406,0.2557446670842253,0.04477504744113132,0.5369912312605218,0.15311699528662037,0.07662782998672825,0.6904937500000007
492,1321,0.825625,82,1.2392134403881683,3.1648154950352994,0.2564322509530019,0.04539654765687778,0.5369912312605218,0.15322950656728054,0.07596749479749962,0.6896500000000007
493,1320,0.825,81,1.2335987594143423,3.173082063136854,0.2565696770156794,0.04496087491769533,0.5369912312605218,0.15330329978773555,0.07575978943109273,0.6895187500000006
494,1295,0.809375,82,1.248781325175543,3.183951013451465,0.2570021723849245,0.04558649649156526,0.5369912312605218,0.15323316841587975,0.07558299001727639,0.6913000000000005
495,1298,0.81125,81,1.2414474844231598,3.178339375333387,0.2566835398362671,0.04518719141530507,0.5369912312605218,0.15315183629674656,0.07520993227596136,0.6913000000000005
496,1283,0.801875,80,1.2421385879264117,3.168907636010178,0.25695215948617234,0.04529005824415781,0.5369912312605218,0.1531356876556258,0.07522365533187374,0.6921625000000007
497,1265,0.790625,78,1.2409015434368447,3.164452593710731,0.257141218369746,0.0463610173148105,0.6310589055799899,0.1531634244454011,0.07541473333065464,0.6930250000000007
498,1286,0.80375,81,1.2327909038133684,3.1649721014568613,0.2570487431659825,0.0463634889919277,0.6310589055799899,0.15316646468041414,0.0755678011171327,0.6923125000000008
499,1300,0.8125,80,1.2234101781728026,3.1623606747155466,0.25698878425021426,0.04478808459003575,0.5215065585732108,0.15321298685661397,0.07572184809392507,0.6922562500000007
500,1295,0.809375,81,1.233591528236297,3.1689979808225717,0.2574151167536179,0.04894958397235134,0.90714748034377,0.15323547449188282,0.07571553181120895,0.6931187500000007
501,1277,0.798125,81,1.2347212030155879,3.1694896362690628,0.25760590072123685,0.048930511473280765,0.90714748034377,0.15310177353866614,0.07586992728930904,0.6941687500000007
502,1285,0.803125,82,1.2369906135776778,3.1751497362013907,0.2576953145506094,0.04881678816918385,0.90714748034377,0.153108498972819,0.075733402406727,0.6936625000000006
503,1290,0.80625,79,1.2326155713977867,3.163341476698757,0.25781377610036443,0.04873802442380479,0.90714748034377,0.15318974419961237,0.07604042218512343,0.6939625000000007
504,1302,0.81375,81,1.24444306342548,3.170595578211944,0.258211512279728,0.0493732403108639,0.90714748034377,0.1531018063866619,0.07585276415462033,0.6932312500000007
505,1295,0.809375,82,1.2453379567926597,3.1816277710408283,0.25837856381379154,0.049502260563873995,0.90714748034377,0.15322181281498853,0.07545549435204936,0.6931750000000007
506,1265,0.790625,81,1.24955910039365,3.183965611966479,0.2579891054624143,0.046273263650319765,0.5402378285008196,0.15321547559837917,0.07516511332422707,0.6943937500000007
507,1270,0.79375,82,1.2657260106173442,3.2068133694991254,0.2581489938967812,0.0469020194399941,0.5402378285008196,0.15333188770386308,0.07545575198285084,0.6946187500000006
508,1288,0.805,82,1.266915184601689,3.2107790665584037,0.2582368357290065,0.04698962781500017,0.5402378285008196,0.1533254309676966,0.07486047805811466,0.6947125000000008
509,1291,0.806875,82,1.2822478726474806,3.2355895918250113,0.25820247243859196,0.04731328134453558,0.5402378285008196,0.1533758912965119,0.07494089627014033,0.6950125000000008
510,1282,0.80125,84,1.2714080330063315,3.2277010086466182,0.25790313035028384,0.046784824931802506,0.5402378285008196,0.15345164434540381,0.0751655203071459,0.6958187500000007
511,1288,0.805,85,1.273495451125731,3.239329180124794,0.2579001403399927,0.04704336170898787,0.5402378285008196,0.15351975081499233,0.07535028833838031,0.6956125000000007
512,1283,0.801875,84,1.2679301291421992,3.227697873164675,0.25783645707733355,0.04702978614523499,0.5402378285008196,0.15362797886555585,0.07575529518076722,0.6962312500000007
513,1275,0.796875,82,1.251869755217493,3.2091266424123943,0.25734876302749227,0.046111923932640596,0.5402378285008196,0.1537738827862211,0.07602196071272263,0.6961937500000007
514,1279,0.799375,83,1.2467436770568185,3.1972474126862735,0.25673822364405163,0.04576348558064649,0.5402378285008196,0.15370849902136938,0.07636475410266853,0.6966625000000006
515,1275,0.796875,85,1.2452546751610183,3.2005484949293623,0.25706524098351896,0.04574498451398054,0.5402378285008196,0.1536549990825603,0.07663083821468739,0.6967000000000008
516,1274,0.79625,83,1.2388437147220586,3.197951827322828,0.2563767965454439,0.044720064293518824,0.44117297944076883,0.15363966723410094,0.07615816613409246,0.6965312500000007
517,1275,0.796875,85,1.2517868694252883,3.19937516076812,0.2562419478496456,0.04557890393363686,0.44117297944076883,0.15369249071532817,0.07639000684095885,0.6967187500000007
518,1283,0.801875,86,1.2580170860658466,3.2103846560489555,0.2564473507926402,0.04584249205112761,0.44117297944076883,0.15361472035940965,0.07578689238423265,0.6966625000000006
519,1294,0.80875,87,1.2558896013663656,3.216650998651311,0.2560869047918892,0.045843105200782816,0.45375050509815706,0.15370373173735655,0.07565952030435973,0.6967750000000007
520,1293,0.808125,89,1.2608387627433715,3.224424977591441,0.25634461389197455,0.046256223465308346,0.45397665065884574,0.15372624507925609,0.07631021060171563,0.6973562500000007
521,1297,0.810625,91,1.2604754592067715,3.2265055961838085,0.2564065997412959,0.04625118730035009,0.45397665065884574,0.1538074342165032,0.07653514130423394,0.6968312500000008
522,1321,0.825625,89,1.2589934080590839,3.2095290218575125,0.2566187793140478,0.046218421112103204,0.45397665065884574,0.15391736410735507,0.07663134484520777,0.6958000000000009
523,1311,0.819375,87,1.2647081165490557,3.2120228490084295,0.256613243788575,0.04638475381023354,0.45397665065884574,0.15398985181920902,0.07651670387275848,0.6961750000000007
524,1324,0.8275,87,1.2626135244667795,3.2214684334607395,0.2563965927288851,0.046439992392787004,0.45397665065884574,0.1539736618835605,0.07656180057093968,0.6952187500000007
525,1321,0.825625,88,1.2675082512666926,3.222325457485275,0.25721946308368765,0.04716042290338366,0.5341058414851111,0.15394091471717658,0.07589397584118954,0.6942625000000007
526,1311,0.819375,87,1.2666642998819606,3.2277141120807427,0.25765447374192907,0.04677926571769999,0.45397665065884574,0.15390938473408025,0.07546114568411841,0.6950312500000007
527,1310,0.81875,87,1.2700268974816868,3.2349760714717206,0.2576784744083175,0.04698951510193693,0.45397665065884574,0.15395158515003135,0.07557035022625908,0.6954812500000007
528,1320,0.825,89,1.270581245730942,3.2531697826866197,0.2576938990726095,0.04704207743866937,0.45397665065884574,0.1538990003056453,0.0764223556933712,0.6948812500000008
529,1327,0.829375,85,1.266353529473259,3.2431701173633676,0.25717107280632734,0.04686227904881711,0.45397665065884574,0.1539748749368044,0.0770012605264012,0.6942812500000008
530,1308,0.8175,85,1.2586344333106367,3.2327797067938793,0.25748921473787806,0.04658160340385426,0.45397665065884574,0.15404870266935955,0.07663502659628009,0.6953312500000007
531,1309,0.818125,86,1.2563926366510265,3.2303761544053318,0.2574650702173616,0.046317577666309416,0.45397665065884574,0.15404045732594987,0.07597479739797561,0.6949187500000008
532,1309,0.818125,86,1.258247456862042,3.234928374602312,0.2571756568142176,0.046396476669493696,0.45397665065884574,0.15396831857116114,0.07613745139368329,0.6949937500000007
533,1301,0.813125,88,1.2409288497169628,3.2161428723648373,0.2574792700290074,0.04563762922574049,0.45397665065884574,0.15393537250665096,0.07649738740947938,0.6952750000000008
534,1295,0.809375,87,1.2234191525597884,3.1989308301817156,0.25756167752738707,0.0450221831169685,0.45397665065884574,0.15392100551092872,0.07606231610776908,0.6951812500000006
535,1294,0.80875,87,1.2267243023283696,3.2018866365777767,0.258083200860409,0.04509784868827166,0.45397665065884574,0.15382388581478806,0.07577361209889799,0.6951625000000008
536,1303,0.814375,87,1.2296568189843036,3.2049538126908597,0.2576161360656084,0.045299285050707426,0.45397665065884574,0.15387591137604864,0.07553525904549789,0.6951437500000007
537,1289,0.805625,88,1.2273305850551786,3.1972938376493083,0.2581976838870847,0.04518033991276871,0.45397665065884574,0.15383530948621224,0.07567991548691401,0.6957437500000008
538,1295,0.809375,87,1.2301537259755508,3.1981159010386553,0.2583346089769168,0.045551740619741765,0.45397665065884574,0.15387197220240795,0.07619394509124361,0.6959500000000008
539,1296,0.81,86,1.2240647849241404,3.20391304306677,0.2583508903957228,0.04483345581051616,0.45397665065884574,0.15396441160495755,0.07629952511663558,0.6962125000000008
540,1287,0.804375,85,1.2182658569341458,3.1967881308847814,0.2578845991312814,0.044582215624398076,0.45397665065884574,0.15396910331767413,0.07657436308493361,0.6963250000000007
541,1300,0.8125,85,1.2263977867271214,3.201780593144577,0.2579279050197149,0.04481168179823273,0.45397665065884574,0.15378873240671107,0.07646937931170589,0.6954437500000007
542,1306,0.81625,85,1.2307816494030472,3.1975797811570112,0.2578712971542385,0.0449325325098411,0.45397665065884574,0.1537887898409397,0.07633281904904468,0.6958750000000006
543,1312,0.82,85,1.2346695546815347,3.203535588554553,0.25815876782611574,0.045391881607315,0.5184390156178844,0.15385135669989553,0.07587245272679222,0.6954062500000007
544,1290,0.80625,81,1.2396634575293242,3.1921079249775497,0.2584887745410513,0.04555841640609001,0.5184390156178844,0.153846630697652,0.07618874877609004,0.6963625000000008
545,1283,0.801875,82,1.2493480929618865,3.206774011281914,0.2585097440910659,0.04588007762893438,0.5184390156178844,0.15388711676822686,0.07618413116033966,0.6969062500000007
546,1291,0.806875,82,1.2642339263625706,3.227356926863706,0.2585381892339882,0.04648290125636522,0.5184390156178844,0.1540255695705979,0.07670543947782185,0.6964562500000008
547,1285,0.803125,81,1.2565093881090623,3.2250818452671486,0.2588814522719139,0.0463804489228702,0.5184390156178844,0.15399577753667648,0.07685191743571454,0.6965125000000008
548,1291,0.806875,83,1.2565169799424316,3.2380503650430317,0.2589607666515949,0.04633985249726668,0.5184390156178844,0.15400374941920136,0.07722824034634558,0.6962312500000007
549,1283,0.801875,83,1.2466138511550204,3.226304946633472,0.2592500153640526,0.04576502795446951,0.5184390156178844,0.15389438953113002,0.07675081546029904,0.6967750000000007
550,1273,0.795625,79,1.2441772704924325,3.2086007399492886,0.2591248707453378,0.04545550258969365,0.5184390156178844,0.15395172803341425,0.07669033323979112,0.6981625000000008
551,1264,0.79,79,1.2406537926051535,3.2087944389572245,0.2589984983500555,0.04530287517144358,0.5184390156178844,0.15398068117024338,0.07671936159604215,0.6990250000000008
552,1267,0.791875,79,1.2515389001578834,3.2027180988515846,0.2587048570947506,0.0460240960519059,0.5191734880265061,0.15391736365767109,0.07616326577360906,0.6995875000000007
553,1264,0.79,77,1.2435051050652368,3.199670466492273,0.2590067587147697,0.044948663562644806,0.4792305279729745,0.1538097530354929,0.07694493898621545,0.7006000000000008
554,1274,0.79625,78,1.248699242707104,3.193241924211028,0.259099596876794,0.04525482723574885,0.4792305279729745,0.1538345876121822,0.07703451502985093,0.7007875000000007
555,1301,0.813125,78,1.2465299874385343,3.2063306704920427,0.2593106663935092,0.045384634922389894,0.4792305279729745,0.15390121135996143,0.0776410740301139,0.6993250000000006
556,1302,0.81375,80,1.245059186628348,3.2083390869277477,0.2588391104444573,0.04536330510918194,0.4792305279729745,0.15393384922875075,0.07806059521860217,0.6992125000000007
557,1305,0.815625,76,1.2261831149891471,3.176709911690431,0.2586383923358472,0.04452145826936381,0.4792305279729745,0.15384865557217267,0.07871956889119358,0.6992875000000006
558,1303,0.814375,78,1.2308337730226642,3.177739834108029,0.2583200068473215,0.044672930518913155,0.4792305279729745,0.15392565295799646,0.07925148891656109,0.6987625000000008
559,1306,0.81625,79,1.2235635276490218,3.180942599425503,0.25777485035209796,0.044155975668744164,0.4147681630139358,0.15412385806620107,0.07933676105845393,0.6974500000000008
560,1316,0.8225,81,1.2214935079508717,3.1759632108552993,0.25806926505292305,0.044551814390335474,0.430657199722559,0.15403764056282804,0.07941100791463752,0.6961375000000006
561,1318,0.82375,84,1.2213180329487963,3.1852070495582816,0.2587997110748825,0.048659631169541126,0.7284617014326931,0.153986156873775,0.07827844433928781,0.6958937500000008
562,1314,0.82125,87,1.2303402311069453,3.190477935892299,0.2592246287591682,0.04961588588096039,0.7822675650795512,0.15383736620046595,0.07853382805519808,0.6956125000000007
563,1314,0.82125,87,1.2273432341293247,3.185293423024835,0.2590537305455607,0.04936035731647723,0.7822675650795512,0.1536784219035289,0.07801737426376192,0.6949562500000007
564,1325,0.828125,87,1.2332173653502578,3.189722532468947,0.2605277379971844,0.05159601596877799,0.7822675650795512,0.1536551527435968,0.0772309637360243,0.6940750000000007
565,1318,0.82375,87,1.2466293563947466,3.2024504404159466,0.2608176473249295,0.05238961104086916,0.7822675650795512,0.1537072075440778,0.0780578633442915,0.6937187500000007
566,1307,0.816875,87,1.2716459812336254,3.22553113034921,0.2608554850109791,0.05330046674259543,0.7822675650795512,0.15376617895709274,0.0774140226992961,0.6934937500000008
567,1321,0.825625,86,1.2598596809315146,3.2073046600510042,0.26091757740517846,0.052666250581795915,0.7822675650795512,0.15376748658654169,0.07704505574520942,0.6925375000000008
568,1308,0.8175,85,1.260963376483954,3.2023319537883936,0.26093660137085434,0.05296271004257815,0.7822675650795512,0.15384686781472795,0.07710275979616818,0.6934000000000008
569,1300,0.8125,83,1.2596122144390511,3.1920040678828485,0.260532221140987,0.05316080795228511,0.7822675650795512,0.15372680997749666,0.07644417477979935,0.6936812500000008
570,1298,0.81125,79,1.2611222510409188,3.183603758021944,0.26011376247622,0.05349018618311767,0.7822675650795512,0.1537511578979485,0.07693465958782625,0.6940000000000007
571,1290,0.80625,78,1.269191298322086,3.1885918759912943,0.25996791875764835,0.05375244416229056,0.7822675650795512,0.15381257797857636,0.07673297713322227,0.6940187500000008
572,1308,0.8175,80,1.272886204372225,3.200222556159523,0.2595804154024087,0.0520785100090681,0.7822675650795512,0.15383024275325452,0.07654342611788859,0.6937000000000008
573,1305,0.815625,79,1.2819702058129372,3.1996798050024293,0.25973694245540774,0.05259031957205681,0.7822675650795512,0.1539391220154489,0.07605974739358283,0.6940750000000007
574,1295,0.809375,80,1.2867491724780638,3.2066119570985245,0.25974823348821846,0.05287832888902176,0.7822675650795512,0.15389706910504666,0.07627184667554912,0.6945625000000009
575,1295,0.809375,79,1.2793541882394095,3.2001327294969695,0.2589256749620287,0.05219208462064536,0.7822675650795512,0.15387585613317686,0.0769710539450454,0.6947500000000008
576,1292,0.8075,79,1.2843452672449729,3.219742264934802,0.2580912929071632,0.05251943791800461,0.7822675650795512,0.15415444618730634,0.07670587247113067,0.6948625000000007
577,1303,0.814375,79,1.2805752093423566,3.2101144827807837,0.25873975681139827,0.052293326936542185,0.7822675650795512,0.1540438684201226,0.07665901263084464,0.6940562500000007
578,1285,0.803125,80,1.28409309382476,3.2185522880210224,0.25840762099819725,0.05254996654659199,0.7822675650795512,0.15408364880304654,0.0770978662197702,0.6951250000000008
579,1283,0.801875,80,1.2763393702254395,3.226887097236407,0.2584511494998366,0.05209142287132291,0.7822675650795512,0.1539431014868668,0.07691590416863833,0.6948437500000009
580,1274,0.79625,77,1.2684450369323648,3.2133174303621344,0.25832424282329775,0.052061543821660304,0.7822675650795512,0.1539729939606445,0.07670573246451434,0.6951812500000009
581,1279,0.799375,78,1.2685958707430847,3.2218529197788026,0.25747893792294607,0.05178892186420823,0.7822675650795512,0.15395823997749028,0.07684331386957625,0.6948625000000007
582,1287,0.804375,79,1.2787314977071553,3.2292722092730446,0.2576529407020153,0.05263991129515081,0.7822675650795512,0.15393776353280525,0.07671607314252589,0.6950500000000008
583,1283,0.801875,81,1.2843372137590023,3.2454089920721767,0.2569677198970878,0.050836257468880985,0.7822675650795512,0.1539753960673559,0.0766774974700964,0.6950125000000008
584,1299,0.811875,81,1.2832815496257843,3.2474508633938655,0.25700879972260965,0.0507730020218201,0.7822675650795512,0.15397155484339511,0.076508659265641,0.6945437500000008
585,1298,0.81125,81,1.2951085363609993,3.2692692198787814,0.2569562737893058,0.051363122644328664,0.7822675650795512,0.1540499817201068,0.07632841529388674,0.6943375000000007
586,1304,0.815,83,1.3052293914739357,3.2706370951473205,0.25674991673124004,0.052015066211246686,0.7822675650795512,0.154005026860862,0.07599437927972395,0.6946937500000007
587,1293,0.808125,84,1.3212051142066095,3.27347149083653,0.25679493169184825,0.053478193261564014,0.7822675650795512,0.15400068358396432,0.07592259911188408,0.6956312500000007
588,1308,0.8175,87,1.3188692011517056,3.269826852575801,0.2569242130722828,0.05341923977484546,0.7822675650795512,0.1539765560500217,0.07530323003909647,0.6944875000000007
589,1279,0.799375,85,1.3259095529368505,3.278772828193315,0.2574616350645329,0.053701995520207886,0.7783650448083483,0.1541042039061846,0.07492088343496334,0.6964000000000007
590,1279,0.799375,86,1.3213485199496489,3.273137147880484,0.25827538979904185,0.053672911616412404,0.7783650448083483,0.15407394054841747,0.07558828375047917,0.6971875000000008
591,1281,0.800625,85,1.3202483956508997,3.2629508920224533,0.2584980039676387,0.053826859829120825,0.7783650448083483,0.15405349325086623,0.07547474420867935,0.6976562500000009
592,1266,0.79125,84,1.3224492175874731,3.2603237137274097,0.2582056723942637,0.05403023017876742,0.7783650448083483,0.15407766073045298,0.07615542765760468,0.6991375000000007
593,1268,0.7925,83,1.315089247707869,3.23726896826127,0.2585600890253185,0.053850999446261004,0.7783650448083483,0.15408983298326573,0.07720530528056734,0.6997375000000008
594,1269,0.793125,82,1.2935804779541082,3.20954564390978,0.25792216249341354,0.052718316167838,0.7783650448083483,0.1540614457610233,0.07664296752551324,0.6997750000000008
595,1254,0.78375,84,1.291851317884096,3.2224555989575183,0.2577041060773725,0.05276424366681112,0.7783650448083483,0.15421725295657668,0.076970712179738,0.7016687500000007
596,1254,0.78375,82,1.2869591072626423,3.2160914594124472,0.2571577115539302,0.05068441050232017,0.6492019447637275,0.15440258543396995,0.07720628760045384,0.7022875000000007
597,1275,0.796875,81,1.274654937563813,3.218540698322656,0.2575720625013053,0.050096149358453114,0.6492019447637275,0.15433834290930756,0.07720939064439489,0.7016875000000007
598,1269,0.793125,82,1.2710214261101338,3.2165281397796095,0.25751475056292294,0.04987425030433614,0.6492019447637275,0.15422269330588054,0.07602856153659929,0.7025500000000008
599,1278,0.79875,82,1.2638576230293936,3.223993541745163,0.25823576580567803,0.049742181758222134,0.6492019447637275,0.15420547731796855,0.07654204310810246,0.7023437500000008
600,1278,0.79875,82,1.2617522087227055,3.2241541546152863,0.2581467282236578,0.04951131957027398,0.6492019447637275,0.15428389664180497,0.0761938475715047,0.7033562500000008
601,1300,0.8125,82,1.268361175642969,3.225052997596352,0.25790401521918477,0.04962294192184877,0.6492019447637275,0.15430371023782946,0.07582201587101742,0.7023250000000008
602,1304,0.815,80,1.2799334293880333,3.2208639115649325,0.25862200075525854,0.051092981407236567,0.6492019447637275,0.1543507307826196,0.07601180746221732,0.7020062500000008
603,1315,0.821875,82,1.2903127472697435,3.249825548748658,0.25830487225870763,0.05274328729841102,0.6492019447637275,0.15440348662752074,0.07587740126189053,0.7017250000000008
604,1303,0.814375,83,1.3046388260661865,3.2513242197064383,0.2596858188288714,0.05853108619934777,0.9744530675903786,0.15432334776411105,0.07632544683276649,0.7026437500000009
605,1308,0.8175,83,1.3066505760857998,3.2478347408441883,0.259941404376811,0.05937658034787363,0.9744530675903786,0.15436353845062598,0.07720873906127433,0.7026812500000008
606,1309,0.818125,82,1.3124887215279502,3.26405508379555,0.2595192505674802,0.058648466057314566,0.9744530675903786,0.15441182503675105,0.07717805840019026,0.7021375000000009
607,1289,0.805625,85,1.3208799353943244,3.2891699525777542,0.2590010860573159,0.0586087284849079,0.9744530675903786,0.15437206947782156,0.07761324280956594,0.7033937500000007
608,1298,0.81125,86,1.324790686488278,3.301677080173399,0.25889640321458035,0.058791865841572706,0.9744530675903786,0.15434959310824212,0.07777437127782794,0.7027750000000009
609,1292,0.8075,83,1.3308015114400766,3.3052373660542655,0.25836593545881015,0.05862427546088211,0.9744530675903786,0.15446625510670564,0.077282009182913,0.702906250000001
610,1294,0.80875,83,1.3261245361602245,3.298924134468954,0.2579887632217339,0.05841750396106874,0.9744530675903786,0.1545316225788141,0.07713935508653223,0.7027562500000007
611,1281,0.800625,82,1.3223286877067977,3.2938675943866262,0.257865781736561,0.058221828098161836,0.9744530675903786,0.15450651794385353,0.07725603570571708,0.7031875000000007
612,1285,0.803125,81,1.3410057512509612,3.303974800128369,0.2587662310372157,0.05952444386176203,0.9744530675903786,0.15457933778639368,0.07745452853917482,0.7028500000000009
613,1300,0.8125,84,1.3562352122157038,3.315035930494723,0.2586510525413735,0.060273491079564284,0.9744530675903786,0.15468524638023862,0.07738887851023613,0.7025500000000007
614,1296,0.81,86,1.354325042740919,3.321720249888245,0.2590518522736448,0.06055241818841417,0.9744530675903786,0.15462673016952727,0.07754900928403967,0.7021562500000007
615,1298,0.81125,89,1.3598398152293802,3.336281740744063,0.2591904884507835,0.06019376786430136,0.9744530675903786,0.1547040762828102,0.07740514714212719,0.7022500000000008
616,1302,0.81375,88,1.360989848053629,3.3424955198179775,0.2586903777133492,0.06039443737939375,0.9744530675903786,0.15482178441869596,0.07731742013828202,0.7017062500000009
617,1313,0.820625,89,1.3815965233030274,3.3647652511422406,0.2592235723102833,0.060835479921772184,0.9744530675903786,0.154821944840761,0.07781826211444128,0.7007687500000008
618,1307,0.816875,87,1.3813403395800388,3.364396115664517,0.25930225495759507,0.06080421691025556,0.9744530675903786,0.15482312976458126,0.07753010621844673,0.7003187500000007
619,1294,0.80875,88,1.3894689208803908,3.3708601356340564,0.25880283752639904,0.06112727046111288,0.9744530675903786,0.1548581101829097,0.07756020871960533,0.7010125000000009
620,1305,0.815625,87,1.3696500438117105,3.3582896983291946,0.25831578053663967,0.05912917331677972,0.9280648620963037,0.15486524142800967,0.07773152283018442,0.7000000000000008
621,1312,0.82,86,1.375526473535837,3.3470550232030813,0.2586069804282531,0.05956356774850371,0.9783555878615815,0.15488977829997572,0.07731779894441443,0.6993812500000008
622,1311,0.819375,84,1.380547941158202,3.3537005810773852,0.25869239380011627,0.056977434700230534,0.6028137392696524,0.15509849600836734,0.07773879574215647,0.6989500000000006
623,1339,0.836875,85,1.376010416408067,3.347611305977891,0.2586425086643894,0.056640227214136016,0.6028137392696524,0.15514975239815332,0.07738905414613662,0.6975062500000007
624,1343,0.839375,85,1.3672331590042797,3.348876762492273,0.25916600584177646,0.05628391167880071,0.6028137392696524,0.15515418064122405,0.07693523624676613,0.6977312500000008
625,1346,0.84125,86,1.3638147861890801,3.3385048716487855,0.2587911378726963,0.056160087943840045,0.6531044650349304,0.15510583870196634,0.07684474774619192,0.6973750000000009
626,1346,0.84125,86,1.3530399763024215,3.3236911180080178,0.2590994658981032,0.05553543617574839,0.6531044650349304,0.15503931038427482,0.07699669893444504,0.6975062500000007
627,1350,0.84375,86,1.3627481039992637,3.3331298806868928,0.2588303314236473,0.05561828745091602,0.6531044650349304,0.15509976523593683,0.07760706825856416,0.6966250000000008
628,1349,0.843125,87,1.3538586216768562,3.3256321641939066,0.25860803846147823,0.05518268599165152,0.6531044650349304,0.15499057334171923,0.07755538056838499,0.6964750000000006
629,1340,0.8375,87,1.3491091111714333,3.3249138739765214,0.25928715609573044,0.054724827123219855,0.5703151224855614,0.1550196788629653,0.07735010248078265,0.6964750000000008
630,1333,0.833125,89,1.3507889104477027,3.3336730371630865,0.2591769847707144,0.05477915287009608,0.5703151224855614,0.15499159879104346,0.07698334346363937,0.6957437500000008
631,1340,0.8375,91,1.3551706820314275,3.3575046239360606,0.2589935692537974,0.05496306426918267,0.5703151224855614,0.15495145266055077,0.07662403516825607,0.6943000000000009
632,1354,0.84625,90,1.3542666125363423,3.353838926865037,0.2582829970857211,0.05470521311904399,0.595915332254479,0.15481975287174352,0.07738654326242352,0.6926312500000007
633,1339,0.836875,88,1.3477946112250432,3.3604447062622067,0.25866911902929485,0.05438751522946734,0.595915332254479,0.15477059065406967,0.07729322445331296,0.6918437500000009
634,1325,0.828125,90,1.3473965683246778,3.3889736198404155,0.25755310191374636,0.05451263230357851,0.595915332254479,0.15476036863069917,0.07750126105781248,0.6918062500000007
635,1311,0.819375,91,1.3637467793632487,3.408251395856849,0.25759307361418965,0.05508762956327382,0.595915332254479,0.15466823525875267,0.07709597692572556,0.6917312500000008
636,1282,0.80125,94,1.38294884348787,3.431124473395787,0.2572236331520757,0.05564584639134061,0.6454878115224509,0.15478801509880516,0.07674854686918267,0.6929875000000006
637,1277,0.798125,93,1.373586193121253,3.4178022485572006,0.25843927259919847,0.05517558989515274,0.595915332254479,0.1546448895722628,0.07641658832186567,0.6931937500000008
638,1281,0.800625,92,1.3806214371650696,3.427261038538465,0.2584518462376018,0.05532376869671934,0.595915332254479,0.15461100019236865,0.07681052057885793,0.6937187500000007
639,1287,0.804375,93,1.3848154266146842,3.4212436467297396,0.2584206467657666,0.055727897284964134,0.595915332254479,0.1548130551782929,0.07760428115355165,0.6941500000000008
640,1275,0.796875,90,1.3861138198846907,3.4108411445988693,0.25817013565043545,0.05587519332499139,0.595915332254479,0.15485968327167668,0.07786918489912278,0.6954062500000008
641,1279,0.799375,88,1.378049534311685,3.4169174647699903,0.2575847265812495,0.055618948763874,0.595915332254479,0.15489175969624658,0.07729138429753057,0.6958000000000006
642,1275,0.796875,87,1.383810405252976,3.4170984009675456,0.2584546643967054,0.05590242971314004,0.595915332254479,0.1550918660453636,0.0770099543615488,0.6962125000000009
643,1277,0.798125,86,1.3896466350343382,3.4285714074376368,0.25858904748795647,0.056084856546863716,0.595915332254479,0.15537483469630492,0.07694348550379596,0.6960437500000007
644,1292,0.8075,88,1.3960725831448084,3.4470249271420177,0.2586033082754802,0.056219677772193666,0.595915332254479,0.15545363302520454,0.07677667577413788,0.6955375000000008
645,1295,0.809375,89,1.3949173737066098,3.464074239681185,0.25913902795739086,0.05616098557268494,0.595915332254479,0.1555442195995431,0.07646713783536611,0.6957250000000008
646,1312,0.82,90,1.3903289271293349,3.4641673644168525,0.2587330641040631,0.05606128257073696,0.595915332254479,0.15545924261022478,0.07667267591346405,0.6949000000000009
647,1320,0.825,89,1.3892250682041538,3.459965873213338,0.25849116238510206,0.056127824603241984,0.595915332254479,0.15569231145683324,0.07630391525551655,0.6942062500000007
648,1331,0.831875,93,1.3907959055732295,3.469423985846527,0.25819821205828974,0.0566327087119896,0.595915332254479,0.15589579506212883,0.07664283069632849,0.6931750000000008
649,1320,0.825,93,1.389227983554535,3.4711754319735166,0.2579709249325253,0.05644416047910952,0.595915332254479,0.15581509589230236,0.07669160024061523,0.6934937500000008
650,1316,0.8225,92,1.3871751627030444,3.4625965180931075,0.25771040583569005,0.05630195914207744,0.595915332254479,0.15579555307503704,0.0770318830141359,0.6936062500000009
651,1322,0.82625,94,1.391739901444604,3.480752004276056,0.2580445815697708,0.05652931142683087,0.595915332254479,0.15586251439180263,0.076759366471323,0.6931750000000008
652,1330,0.83125,95,1.392982081880976,3.488622274558044,0.2577851772865054,0.05654371279861568,0.595915332254479,0.15598463855933709,0.0771132541697189,0.6928562500000008
653,1319,0.824375,96,1.3912490577253351,3.487648336498754,0.2577628523364774,0.05649726008880483,0.595915332254479,0.15601373044392775,0.0773002918601425,0.6939250000000008
654,1309,0.818125,98,1.4078295304158481,3.5106286344856765,0.25721093380009413,0.05757548861562157,0.6221688148248916,0.15613993215523952,0.07683515769618929,0.6946937500000007
655,1308,0.8175,97,1.38878768550602,3.5074648026923185,0.256970281016727,0.05661230426093099,0.6221688148248916,0.15608893454534092,0.07736659108097246,0.6946562500000008
656,1298,0.81125,99,1.3890785008582338,3.515635048258209,0.25693782658665837,0.056613383222413736,0.6221688148248916,0.15617580164818992,0.07738685636833793,0.6946375000000008
657,1304,0.815,99,1.389321765839209,3.5191685813539237,0.2565230501881233,0.05485687741448075,0.6221688148248916,0.1561348090016184,0.07719697658321631,0.6939062500000008
658,1307,0.816875,100,1.3853949598479651,3.524014032386013,0.2567961598064254,0.05480339044603985,0.6221688148248916,0.15603161778930016,0.07640193437693246,0.6944687500000007
659,1309,0.818125,100,1.3846444200121348,3.533971164122577,0.25692698357695193,0.05426712244792385,0.6221688148248916,0.1559887419833605,0.07656744260347284,0.6950125000000008
660,1308,0.8175,99,1.3883816292762041,3.537185357324585,0.25684787172854506,0.05445098524537366,0.6221688148248916,0.15599008558784386,0.07651273227564322,0.6950687500000008
661,1322,0.82625,100,1.393111861511127,3.5483848034227137,0.2561958435060083,0.05455697055893883,0.6166482112864038,0.15592461331951685,0.07661033270897644,0.6941125000000008
662,1310,0.81875,98,1.386220154982572,3.540340084785604,0.2560038797497154,0.0542081240782571,0.6166482112864038,0.15598735240029785,0.07646249812619826,0.6943000000000008
663,1320,0.825,98,1.3793298181996017,3.5258821362460337,0.2562350999346324,0.05379394179012877,0.6166482112864038,0.15602662345505935,0.07643107611357426,0.6940750000000007
664,1331,0.831875,97,1.3769947855484845,3.530543816265259,0.25565453495864504,0.05376833448945423,0.6166482112864038,0.15613280088676848,0.0764991778335572,0.6930812500000008
665,1347,0.841875,99,1.3791869064474864,3.5165789389049222,0.2554738281155185,0.053860140877846074,0.6166482112864038,0.15629183484101214,0.07689222256727768,0.6914312500000008
666,1349,0.843125,101,1.3837808683800499,3.5385877962793675,0.25497377216253453,0.05411914600097037,0.6166482112864038,0.15635356116202986,0.07698725076598767,0.6904375000000007
667,1340,0.8375,100,1.3863548554589635,3.539284936539231,0.25480813511888895,0.05415307717521114,0.6166482112864038,0.156240765152148,0.07694128237492708,0.6903625000000008
668,1354,0.84625,100,1.3806234566514743,3.532869606595031,0.25433311977471473,0.05392896601626432,0.6367261589310464,0.15637770271286575,0.07705686970678666,0.6889562500000008
669,1358,0.84875,100,1.3825721131387188,3.5273466300385934,0.25444020336696677,0.056573841388829774,0.8582361080483736,0.15650893944015865,0.07683787839534546,0.6877187500000008
670,1350,0.84375,101,1.3761946092574686,3.526907797480553,0.25454609467849787,0.05642169273092597,0.8582361080483736,0.15657847489013038,0.07654305988327735,0.6880750000000009
671,1343,0.839375,96,1.368568873741195,3.516761973110123,0.25438453090042995,0.05534220468402835,0.8582361080483736,0.15656300443096355,0.0773986085612044,0.6867812500000008
672,1338,0.83625,97,1.3726872873980323,3.525671414809424,0.2548455805478462,0.05565427416818105,0.8582361080483736,0.1565790274017621,0.07761453214597377,0.6864062500000007
673,1336,0.835,97,1.379992255509573,3.532479975574397,0.2545501087049863,0.056138053308620296,0.8582361080483736,0.1565128679598193,0.07693927266013137,0.6857125000000007
674,1329,0.830625,95,1.3681765095685057,3.524380926429906,0.25534464905465026,0.05572115824763725,0.8582361080483736,0.15659237924692193,0.07681983379260059,0.6864062500000009
675,1327,0.829375,94,1.3694862905377758,3.525119927278905,0.25576159306550494,0.05584401356210464,0.8582361080483736,0.15653856322830648,0.07627582893610124,0.6859750000000008
676,1312,0.82,92,1.373689552573249,3.5202836274704903,0.254799605522531,0.05622857656894439,0.8582361080483736,0.15666214606834272,0.07718811133074191,0.6865187500000007
677,1299,0.811875,91,1.3782044480779156,3.5168439432624394,0.25534964483697814,0.05752258369036737,0.8582361080483736,0.1566543100696878,0.07774608516187395,0.6871187500000008
678,1293,0.808125,91,1.3804352061790464,3.5039023817716797,0.25560005736479263,0.05737079270568536,0.8582361080483736,0.156454187806956,0.07789233450098379,0.6872125000000008
679,1301,0.813125,91,1.3956118420552164,3.5269938190205616,0.25616505959821223,0.05897640536431876,0.8582361080483736,0.15650978846728336,0.07754070651731221,0.6872125000000008
680,1305,0.815625,91,1.386992224468081,3.5173570177992017,0.2561224686578696,0.05847607270833763,0.8582361080483736,0.15654701237215124,0.07736248722963333,0.6870437500000008
681,1304,0.815,90,1.377097147398956,3.514365623000511,0.2563717749516792,0.05810152285308373,0.8582361080483736,0.1565667376434267,0.07723643161231657,0.6874000000000008
682,1286,0.80375,91,1.382122540392402,3.5090798303768223,0.2559101231405925,0.05843443644918004,0.8582361080483736,0.1565677545119583,0.0776037327063174,0.6883000000000007
683,1288,0.805,89,1.3761731088208857,3.4914016777670427,0.255778528192735,0.05824175805073577,0.8582361080483736,0.15656201719107246,0.07802302915761965,0.6891812500000009
684,1292,0.8075,90,1.3678986071474655,3.500963914147883,0.2551396860911636,0.05780485800084141,0.8582361080483736,0.1566802714466848,0.0780696801607833,0.6890125000000009
685,1299,0.811875,91,1.378647743753846,3.514731755832271,0.25531463769287194,0.05806559556118703,0.8582361080483736,0.15666679394760277,0.0774370597055939,0.6886000000000009
686,1300,0.8125,92,1.3810410371813542,3.515742336172633,0.2546135668194304,0.05697171047448141,0.8582361080483736,0.1565721869967141,0.07727226908014256,0.6882812500000008
687,1298,0.81125,92,1.3827471923704637,3.508399282719366,0.25481628458195404,0.057103286811841805,0.8582361080483736,0.15644164461317783,0.0778440537092947,0.6887312500000007
688,1306,0.81625,92,1.3763986974433684,3.5130946982793385,0.2545286736201856,0.05690196553742437,0.8582361080483736,0.15633771056760756,0.07744254838897015,0.6887875000000008
689,1290,0.80625,94,1.3790143313930543,3.5191081461341405,0.25511128881789524,0.05713407137165357,0.8582361080483736,0.1563015699735775,0.07710459506675216,0.6897250000000008
690,1285,0.803125,94,1.3841125767427416,3.5251107268037765,0.25596727693516014,0.057967906793346846,0.8582361080483736,0.156268651443316,0.0779886502942227,0.6901750000000009
691,1291,0.806875,92,1.3875364885735384,3.528436443084251,0.2558318957510945,0.05804340080960179,0.8294102044053715,0.15625516531234201,0.07754385968149465,0.6906250000000008
692,1283,0.801875,90,1.3760017426122189,3.5113934930616937,0.2554724597194555,0.055152836245917894,0.6555944915276222,0.15618254779173907,0.07734758004361716,0.6915062500000008
693,1278,0.79875,89,1.38231041421063,3.5088615361456728,0.25574231281259874,0.055551411085834654,0.6555944915276222,0.1563376263887851,0.07771107419399316,0.6927250000000008
694,1287,0.804375,90,1.3837803537806765,3.5248373926533607,0.25559100978092947,0.055678843068952266,0.6555944915276222,0.15630955595834914,0.07768274897499573,0.6935500000000008
695,1288,0.805,91,1.4103724766450076,3.5431276311652424,0.2563077528091428,0.058086672460131945,0.6555944915276222,0.1564428186812937,0.07736491579021068,0.693512500000001
696,1309,0.818125,92,1.4067489074650688,3.529485693235827,0.25694721117326197,0.05892126661057334,0.6555944915276222,0.15651526340728006,0.07697897045047239,0.6925750000000008
697,1311,0.819375,92,1.4098984508543104,3.5300191630379407,0.2571570958481035,0.059586191910113044,0.6555944915276222,0.15659205926840444,0.07760170780983913,0.6922562500000009
698,1294,0.80875,92,1.4117040832376222,3.5391384694768795,0.25707522282665857,0.05904120177634181,0.6555944915276222,0.15665227801304754,0.0784386290476487,0.6925000000000009
699,1285,0.803125,92,1.419688148808369,3.5342262383387406,0.2573326559739437,0.06050920822630356,0.6255684730953038,0.1567652356405262,0.07727305353366751,0.692893750000001
700,1291,0.806875,93,1.422981780232086,3.5342983698765975,0.2567242707329821,0.05944533044731046,0.6255684730953038,0.15691677678792718,0.07813381009417517,0.6931375000000009
701,1290,0.80625,91,1.410243746368241,3.5202619145423792,0.25589537749212454,0.058499332253758154,0.6255684730953038,0.15690356315542414,0.07870091373176204,0.6931187500000007
702,1284,0.8025,91,1.413861075277198,3.5257127268210176,0.2558541392090799,0.05886295615878533,0.6255684730953038,0.1569476511180752,0.07786220948101544,0.6932500000000009
703,1292,0.8075,90,1.417630795925735,3.49753924891019,0.25660859864656355,0.0591893573978959,0.6255684730953038,0.15699022525848857,0.07819469105903122,0.6928750000000008
704,1316,0.8225,88,1.4227109815475965,3.5073503320001027,0.2565524274402952,0.06087557065444822,0.6255684730953038,0.1571890215825702,0.07834038837532277,0.6914687500000007
705,1317,0.823125,88,1.428652325446731,3.5170902642106316,0.2567586418872069,0.06107433384052385,0.6255684730953038,0.15718776444908597,0.07844610803382773,0.6921062500000009
706,1306,0.81625,87,1.4277609481448417,3.5160585578460135,0.256456055966065,0.0615687719635562,0.6255684730953038,0.1570621087301542,0.07815944292767774,0.6926500000000009
707,1311,0.819375,88,1.4326271462196785,3.523900208411012,0.25678402936840694,0.06170824145195625,0.6255684730953038,0.15705838318532594,0.07811357101364,0.6921062500000009
708,1311,0.819375,90,1.4297263179988986,3.5239170797351003,0.2564698022925939,0.06126387825916011,0.637521896705058,0.1572177751417164,0.07713390318203878,0.6916937500000009
709,1304,0.815,89,1.4246105904360225,3.526680611666945,0.25598628084466835,0.06099544946361217,0.637521896705058,0.1573989318952275,0.07742688450006746,0.6924062500000008
710,1279,0.799375,91,1.4415097112976567,3.5435859213238365,0.2564279802987802,0.0622478904076125,0.6918866109940862,0.15734829355257857,0.07748163134413177,0.6936250000000008
711,1298,0.81125,92,1.4352403274914762,3.560916009578245,0.256751930325015,0.06333524798760269,0.6918866109940862,0.1573319116699715,0.07772557826092515,0.6923125000000009
712,1301,0.813125,93,1.4481122617185094,3.5726327776443085,0.2576692405534893,0.06431263898078025,0.6918866109940862,0.15732915546624068,0.07737042792145411,0.6918437500000008
713,1318,0.82375,94,1.4540836525457275,3.580350398408668,0.2580000361316973,0.06406619257513095,0.6918866109940862,0.15741137075412281,0.07775029172771498,0.6912062500000008
714,1324,0.8275,93,1.4622821679060853,3.5762048598309484,0.2581975259046962,0.06396058571689164,0.6918866109940862,0.15727326307728717,0.07808338368299177,0.6907562500000008
715,1328,0.83,93,1.4586457241352275,3.5561812317305357,0.25848371898239114,0.06373152224555546,0.6918866109940862,0.15724839520864997,0.07771972384184767,0.6904562500000009
716,1308,0.8175,93,1.451289449545349,3.5692747092654473,0.2588611162270081,0.06385079810782565,0.6918866109940862,0.15722125501567155,0.0773943502665607,0.6912812500000008
717,1312,0.82,94,1.4516419840323682,3.5737836317223204,0.2589607210945038,0.06334883002894562,0.6918866109940862,0.157230047677447,0.07793419970007126,0.6907375000000008
718,1315,0.821875,94,1.4459651132961076,3.5691938031581882,0.2588414019532658,0.06294908488551162,0.6918866109940862,0.15726655797147532,0.07867998896489792,0.6898375000000008
719,1313,0.820625,94,1.445496194688137,3.563932581602466,0.2586479647666321,0.06276637659893246,0.6918866109940862,0.15719607547707662,0.07846124467394361,0.6888437500000008
720,1313,0.820625,94,1.4467295704444714,3.56284801936556,0.2576312784291169,0.06136553508717944,0.6918866109940862,0.15725467782605576,0.07893912267699187,0.688375000000001
721,1306,0.81625,93,1.4437149463651118,3.5591142689218356,0.25792781084318767,0.062128369868362184,0.6918866109940862,0.15723166343829098,0.07907034070880088,0.6890875000000009
722,1302,0.81375,96,1.4494223610659338,3.5744638529140924,0.2577332591319648,0.06222004352436966,0.6918866109940862,0.1572916987915956,0.07909199985427476,0.6889562500000008
723,1305,0.815625,96,1.4516997935725815,3.5743816271577247,0.2572872165064346,0.06222170344339297,0.6918866109940862,0.1572912131525861,0.07868516486961624,0.6885250000000007
724,1304,0.815,94,1.4498370477464555,3.560078523543986,0.25705499798131876,0.06088795678037902,0.6918866109940862,0.1572418794591806,0.07865864925909331,0.6891437500000008
725,1321,0.825625,94,1.451685127209051,3.5606609361778667,0.2564614201220821,0.060575919952142405,0.6918866109940862,0.1573009708791036,0.07860279959093315,0.6874750000000008
726,1318,0.82375,95,1.4413145317299687,3.561098063217662,0.25564628407193946,0.05885441566308142,0.6918866109940862,0.15735908643351876,0.07799975930340335,0.6873625000000009
727,1313,0.820625,97,1.4469954733231687,3.583077904112904,0.2552087556490505,0.05905660978446404,0.6918866109940862,0.15733235237937954,0.07762670813543313,0.6880000000000008
728,1305,0.815625,93,1.4399633557783376,3.554695294370607,0.25477210148959734,0.05864665530436207,0.6918866109940862,0.15709789323818826,0.07817394888832054,0.6879812500000009
729,1305,0.815625,92,1.4349092125552012,3.552748428163147,0.2545368413933138,0.05837074571551911,0.6918866109940862,0.15700832065740736,0.07769111740461666,0.6882250000000008
730,1310,0.81875,95,1.4508591132697222,3.5766205714993395,0.25564903213821266,0.06054257612955451,0.6918866109940862,0.15686979666897036,0.0776162345318364,0.6872500000000008
731,1295,0.809375,96,1.452504135898721,3.581244004391854,0.2555950074093603,0.06054396033470555,0.6918866109940862,0.15696950166433038,0.0775759060819352,0.6877375000000009
732,1296,0.81,95,1.4552873002208564,3.5837161361739502,0.2560540949341202,0.06050849914182942,0.6918866109940862,0.15701624307749684,0.07812726549646878,0.6874750000000008
733,1312,0.82,94,1.4539264082451853,3.5699413847623633,0.2565124110480831,0.060917307359554265,0.6918866109940862,0.15689511584223462,0.07794254913774754,0.6869500000000008
734,1336,0.835,90,1.4452741674740912,3.5703192088066276,0.2568670212539035,0.062144966041676984,0.6918866109940862,0.1567652814129965,0.07797420309934368,0.6854687500000008
735,1326,0.82875,90,1.4554358086801873,3.584959786155893,0.25741136623888133,0.06382175148321237,0.6918866109940862,0.1567996054687258,0.07746350506545717,0.6855250000000009
736,1329,0.830625,90,1.4462228433530553,3.5934888023660876,0.25740941580700816,0.0635248223237422,0.6918866109940862,0.1566635776113529,0.07809768217616868,0.6858250000000009
737,1330,0.83125,91,1.447444031718825,3.587882031927873,0.2573947373700735,0.06352369321360612,0.6918866109940862,0.1566341979492485,0.07797790785876924,0.6863875000000008
738,1339,0.836875,91,1.4548930694160704,3.591368259158399,0.2581659713957368,0.06415203721106327,0.6918866109940862,0.15671173831369545,0.07774164003838875,0.6857312500000009
739,1348,0.8425,94,1.4478512495000277,3.5850283998819137,0.25836636844458793,0.06374818417223747,0.6918866109940862,0.15676030756429238,0.0771935171803278,0.6847375000000008
740,1366,0.85375,93,1.4464013507559947,3.578856611138772,0.25831088454482404,0.06297315875155939,0.6918866109940862,0.15672843179542162,0.07678769404865579,0.6836875000000008
741,1360,0.85,94,1.4412924642066365,3.5854816383938264,0.25843893237040416,0.06312703481396005,0.6918866109940862,0.15663920235654108,0.07695425536828646,0.6834250000000008
742,1346,0.84125,96,1.4545320833587618,3.601423800870373,0.2580189074629507,0.06492310380583731,0.7569434868032805,0.15682932779389597,0.07700630733389258,0.6838187500000009
743,1342,0.83875,96,1.4537542820941785,3.5947690014265086,0.25827250760855663,0.06499452714440894,0.7569434868032805,0.15678872195266177,0.07771477349569723,0.682993750000001
744,1319,0.824375,96,1.4432686933113925,3.5924331190184633,0.25872445501909774,0.0647996206987033,0.7569434868032805,0.15670875088000938,0.07723918341836544,0.6838187500000009
745,1320,0.825,97,1.4474632920633126,3.5798588720544773,0.2596358748645455,0.06673727562135516,0.8017957073984219,0.15669106845192374,0.07699406683538323,0.6832937500000008
746,1313,0.820625,95,1.443276894239508,3.5734591870775745,0.2602887889001305,0.06567520710634862,0.8017957073984219,0.15657804112469648,0.07722009282082182,0.6840437500000008
747,1331,0.831875,96,1.432454216823381,3.5802526528329355,0.25929553770964203,0.06468876159183834,0.8017957073984219,0.15662584561160098,0.07696783694874153,0.6826000000000009
748,1348,0.8425,97,1.4395725094418257,3.5820787358757387,0.2603818110056836,0.06687579708565118,0.8017957073984219,0.1565115243869918,0.07718586278802307,0.6819062500000009
749,1352,0.845,96,1.4487957060656598,3.5858205377554,0.2604070536990426,0.06742639124887348,0.7354775694996395,0.1565074270182476,0.07620456385695842,0.6813062500000009
750,1357,0.848125,94,1.4429389069617884,3.572662040671116,0.26007466884482217,0.06682249690937306,0.7354775694996395,0.15646573592909377,0.07613711889153979,0.6814375000000009
751,1349,0.843125,92,1.435529454785933,3.559080244316152,0.26091734405028544,0.06676999236975524,0.7354775694996395,0.15635209483475934,0.07610926335732676,0.6812312500000008
752,1326,0.82875,94,1.4389668738711299,3.5701020330861857,0.26077745720144735,0.06666714610961702,0.7354775694996395,0.1563957895278047,0.07644181205255685,0.682075000000001
753,1328,0.83,95,1.4399466413021151,3.5771575406778338,0.2611516616231187,0.0668777322638945,0.7354775694996395,0.15639946163687243,0.07618413490691553,0.6825250000000008
754,1329,0.830625,94,1.4451562962720081,3.5875408625498975,0.26148932138734293,0.06808410543096026,0.7354775694996395,0.15644842183597202,0.07598541140444487,0.6823750000000008
755,1321,0.825625,94,1.4378800015404365,3.5946631098679234,0.2609773640028076,0.06786668279707021,0.7354775694996395,0.15657231012199296,0.07550699865625796,0.6830125000000009
756,1313,0.820625,93,1.4243874816933133,3.5686403111430725,0.26068116132877955,0.06637991651525069,0.7096659954098709,0.1566656645451535,0.07544940379061658,0.6826937500000008
757,1314,0.82125,92,1.4160609297523385,3.565675313169137,0.2598751819157133,0.06571360955930279,0.7096659954098709,0.15678154890636414,0.07543440818813017,0.6827687500000009
758,1327,0.829375,92,1.4128091708841795,3.558099630573952,0.2597122809680503,0.06418521678479558,0.7096659954098709,0.15676098138229272,0.07596321892667797,0.681943750000001
759,1345,0.840625,91,1.393315672016464,3.5359675283747016,0.25871864140588013,0.062092391363298347,0.7096659954098709,0.15662652109831562,0.0756695363668803,0.6804437500000009
760,1337,0.835625,92,1.399778870023969,3.53861523200536,0.2589890461992318,0.06242966959464106,0.7096659954098709,0.15657447434241178,0.07578711584280859,0.6808187500000008
761,1340,0.8375,93,1.3966657636531759,3.533688581022405,0.25832522432903476,0.06114793643093771,0.7096659954098709,0.1565049771063336,0.07579821350152484,0.6802937500000009
762,1326,0.82875,90,1.4002661994445296,3.5228035464227863,0.25851990511466505,0.061340834688248726,0.7096659954098709,0.15637813181971918,0.07620706526491841,0.6803500000000008
763,1325,0.828125,90,1.3949437369756714,3.5349398302273585,0.25867053274231694,0.06113289670395649,0.7096659954098709,0.15641725268444961,0.07561415588935456,0.6798062500000008
764,1331,0.831875,89,1.4080264734033578,3.5546649838248183,0.2587808507782263,0.06372679950858705,0.7096659954098709,0.15664214415139113,0.07536118690627461,0.679056250000001
765,1307,0.816875,90,1.4049446195596549,3.5675926157130595,0.25924316958692434,0.06344897987367043,0.7096659954098709,0.15662168915809196,0.07584471380428941,0.6796562500000008
766,1320,0.825,90,1.394675539176318,3.5578451523222143,0.25894555691320026,0.06271364916495616,0.7096659954098709,0.15658214975183893,0.07603485618046048,0.679225000000001
767,1304,0.815,88,1.3880756449654672,3.5427840932756527,0.2594901791992307,0.06337188225553295,0.7096659954098709,0.15656249467102634,0.07667490110959958,0.679731250000001
768,1319,0.824375,89,1.4004238300467156,3.5525393332448165,0.25893946817458313,0.06412633826731581,0.771748997152816,0.15652252118233156,0.07702884185165737,0.6784750000000008
769,1320,0.825,91,1.413231594564388,3.549710112129407,0.2592226131972611,0.06603820561876862,0.771748997152816,0.15653261655149006,0.07686127010314094,0.6784000000000009
770,1299,0.811875,89,1.4229971218893054,3.5540465095230895,0.2595173454156145,0.06544102553558696,0.771748997152816,0.15659888099819477,0.07709598091739758,0.6801250000000009
771,1311,0.819375,87,1.413815242895258,3.533302457604153,0.25899560034426256,0.06456174891841905,0.771748997152816,0.15649912589268344,0.07618979061656588,0.678943750000001
772,1331,0.831875,88,1.4184644479180666,3.540733173883333,0.25896444018535325,0.06459531749802518,0.771748997152816,0.1565927870901518,0.07624595384978522,0.678287500000001
773,1334,0.83375,90,1.416741579168171,3.529223035869345,0.25922495352439184,0.06454017651634217,0.771748997152816,0.15647699903112186,0.07610225653935973,0.6775000000000009
774,1320,0.825,90,1.4194158308619695,3.5343322420901755,0.2586153431112001,0.06455334368320804,0.771748997152816,0.15652826193330813,0.07628728059025322,0.6769187500000008
775,1304,0.815,91,1.4138995670970438,3.5437032250112535,0.25876881440147065,0.06440021542229818,0.771748997152816,0.15648946673252317,0.0760709407305863,0.6774250000000009
776,1314,0.82125,93,1.4155706570560125,3.5503382062475177,0.25897767374926717,0.0661927869676693,0.808023182607324,0.15649650091797057,0.07613520971887668,0.677218750000001
777,1318,0.82375,94,1.4183079448253213,3.5538152599125716,0.2591355093009579,0.06515961936667784,0.808023182607324,0.15637735369344785,0.0760905700313481,0.6772000000000008
778,1314,0.82125,94,1.4167686951329355,3.541230780291515,0.25959282527730254,0.06520852587250989,0.808023182607324,0.15630904585321892,0.07570371822773024,0.6776312500000009
779,1323,0.826875,93,1.4035801606635405,3.539261097163874,0.25910740855196884,0.06426662574621664,0.771748997152816,0.1562567670578507,0.0758140605101097,0.6770500000000009
780,1309,0.818125,90,1.3952414927796248,3.529231577773724,0.2587449781797566,0.06265354752900051,0.771748997152816,0.15628240689815534,0.07562457529832645,0.6775000000000009
781,1311,0.819375,92,1.3865196251056793,3.5263031811730023,0.2578280356766732,0.061896619178941986,0.771748997152816,0.15622097311420188,0.07532797601377195,0.677275000000001
782,1301,0.813125,90,1.3864556406534432,3.52705952523366,0.25739932461498716,0.06202833556743187,0.771748997152816,0.1564475879327583,0.07525966039188628,0.677687500000001
783,1326,0.82875,91,1.399414844124798,3.5405400878315705,0.25772574715616386,0.06356734723887761,0.771748997152816,0.15642771142161227,0.07484506217081523,0.676600000000001
784,1339,0.836875,91,1.3951745713066166,3.5467604159563195,0.25749655246764724,0.0635070032465712,0.771748997152816,0.15649763833105407,0.07462112619571858,0.6760937500000008
785,1336,0.835,91,1.3921572620416898,3.529003921866935,0.2580512288279335,0.0634094159832494,0.7627629291591582,0.15625902612300901,0.07501003108547671,0.6752687500000009
786,1330,0.83125,91,1.387047728205636,3.5353835645010836,0.2586048740620577,0.06358182834001114,0.7627629291591582,0.15628526352410158,0.07539400380143353,0.6752875000000009
787,1339,0.836875,92,1.3848614447090506,3.5309411910839406,0.258826732816761,0.06299705420996331,0.7627629291591582,0.1563196673122742,0.07540200681184407,0.6745000000000009
788,1340,0.8375,92,1.3864440381056466,3.5387376880835264,0.25843090177591105,0.06313372939704956,0.7850668399591139,0.15642142893253735,0.07561485820871815,0.6740875000000008
789,1334,0.83375,92,1.3802946384021868,3.537308815589188,0.25866421859063166,0.06302514766656436,0.7850668399591139,0.1564967221212948,0.07543691277081102,0.6736000000000009
790,1343,0.839375,93,1.3917228652785245,3.543209620785261,0.2591516806806734,0.0637490046486468,0.7850668399591139,0.15647855707093208,0.07496999582863938,0.6735437500000009
791,1331,0.831875,93,1.3923503957008967,3.549887581793073,0.25931903895407166,0.06394592205466472,0.7850668399591139,0.15648104992457382,0.07473991357512609,0.6739562500000008
792,1342,0.83875,94,1.3995100241587293,3.557890854506983,0.25955022385627585,0.0645298670001033,0.7850668399591139,0.1566027382922822,0.07491753452227279,0.6732250000000009
793,1341,0.838125,93,1.4049204452482227,3.555393269772722,0.25976172157800737,0.06562954506171033,0.7850668399591139,0.15661369385197352,0.0750290021574447,0.673168750000001
794,1337,0.835625,93,1.4088500748617245,3.549182075957908,0.2600063641217864,0.06577124669088573,0.7850668399591139,0.15660519627181102,0.07466988461324557,0.6732812500000008
795,1317,0.823125,92,1.4128854999877574,3.5532131913082647,0.25924097837140275,0.06530128162724066,0.7850668399591139,0.15649495857774762,0.0751482555264176,0.674743750000001
796,1301,0.813125,92,1.4155272481693877,3.5608447668637977,0.25893141111567,0.06553004521824257,0.7850668399591139,0.15663957793437513,0.0752076346377496,0.6762250000000009
797,1291,0.806875,93,1.4179711958941497,3.5805216104499165,0.25903164364754544,0.06539543084246431,0.7850668399591139,0.15677079481145417,0.07598085553629123,0.676600000000001
798,1292,0.8075,93,1.4259246934737977,3.591360807715026,0.2588159898555471,0.06716566633835086,0.8307857453234865,0.15694804891361275,0.07590678483903364,0.6765625000000008
799,1283,0.801875,91,1.4213266895977958,3.5882335337705102,0.2588928053642788,0.0673841790742084,0.8307857453234865,0.15691635313442145,0.07619694487812154,0.677012500000001
800,1280,0.8,92,1.4315821295434967,3.602834618403808,0.2596561454304883,0.06800618389620125,0.8307857453234865,0.15694894263047404,0.07571806628506886,0.678456250000001
