tick,population,occupancy,n_lineages,shannon_eco,shannon_lin,mean_theta,theta_std,theta_range,mean_r,mean_fitness,mean_resource
1,20,0.0125,20,2.38888971472958,2.995732273553991,0.49336260859261394,0.2880876311229386,0.9268942586076745,0.14999999999999997,0.05610962226664147,1.0
2,19,0.011875,19,2.30565733829864,2.9444389791664403,0.5124910877114108,0.28292161393770415,0.9268942586076745,0.15,0.05855256694183306,1.0
3,22,0.01375,21,2.2873138796779626,3.0280290733074113,0.5009388919380755,0.2699655234210331,0.9268942586076745,0.14999999999999997,0.05953769580078889,0.9997
4,24,0.015,21,2.3010918738473594,3.0047670352079603,0.509435078774597,0.27093774597229003,0.9268942586076745,0.15,0.06235872774113765,0.9995125
5,25,0.015625,20,2.3033795051939387,2.9206870268936402,0.49043602049480556,0.2627895784064156,0.9268942586076745,0.15,0.06702781323748723,0.9994187499999999
6,26,0.01625,22,2.408343336346745,3.0448204824645773,0.49193696426248523,0.25373955153864775,0.8418719957377259,0.14999999999999997,0.0689002887366151,0.99930625
7,27,0.016875,21,2.341828635638573,2.9364272168250984,0.5209136396652858,0.24550765482938663,0.8164085323273554,0.15,0.07359342785948747,0.9992687499999999
8,29,0.018125,21,2.375144674471753,2.8985935194123327,0.49629868788653886,0.23828093154344115,0.8164085323273554,0.15000000000000002,0.07763376746424275,0.999175
9,33,0.020625,23,2.2874168481819295,2.8998470574776523,0.5055512348279795,0.23483397664573732,0.8164085323273554,0.15,0.08067539702301091,0.9990062499999999
10,36,0.0225,23,2.220084110925503,2.8031637339354076,0.49263788011953175,0.21351126268867168,0.8164085323273554,0.15000000000000002,0.08983359510521818,0.99896875
11,37,0.023125,23,2.185036718238242,2.8141859741613815,0.49218023271700206,0.21062411184972682,0.8164085323273554,0.15000000000000005,0.09278763515942309,0.9991562500000001
12,40,0.025,24,2.133603940855728,2.7868567408984037,0.5032175332353357,0.21681239899627971,0.8303012193627348,0.15,0.09249142265216491,0.9991375000000001
13,44,0.0275,26,2.1500924341360004,2.80581685721737,0.48758014655217186,0.21819704376158042,0.9182898826697578,0.15000000000000002,0.09205362242563049,0.9991
14,48,0.03,26,2.228872915157497,2.86925563525726,0.4751772565644445,0.21585855400413445,0.9182898826697578,0.15,0.09114020934396733,0.99896875
15,51,0.031875,25,2.1853213236552342,2.78443077557938,0.47066748114931417,0.21125013364198714,0.9182898826697578,0.15000000000000002,0.09331757128100336,0.9989500000000001
16,51,0.031875,25,2.2022437985053394,2.78443077557938,0.4679868639440338,0.20931923104641342,0.9182898826697578,0.15000000000000002,0.09267189241115265,0.9990625
17,47,0.029375,22,1.9738289908049165,2.5579013828558046,0.46912026640151266,0.19581321333629667,0.795119352345997,0.15000000000000005,0.09547973139776614,0.9990625
18,53,0.033125,24,2.061963196278291,2.6917019211459245,0.4722093500727935,0.1985081667098868,0.795119352345997,0.15000000000000005,0.09269275182623289,0.9988374999999999
19,58,0.03625,26,2.124761296872498,2.742690597929734,0.4705364285272169,0.19864389347963168,0.8721004116212107,0.15000000000000002,0.09398017860565487,0.9986499999999999
20,65,0.040625,26,2.07728768254875,2.6996312943525504,0.4661720838192958,0.19135680147201353,0.8721004116212107,0.15,0.09631694015601144,0.9984812499999998
21,68,0.0425,25,2.0587475857515525,2.6699548258346555,0.4398970379869449,0.18078599670857987,0.8605819876526807,0.15000000000000002,0.0959979987787267,0.9983687499999999
22,69,0.043125,24,1.9714741405966911,2.563259011280601,0.4510224254015279,0.1746165294121772,0.8605819876526807,0.15000000000000002,0.10092759425307417,0.9984062499999999
23,76,0.0475,26,1.9591303801691633,2.5652958551458815,0.4541313793570518,0.17182085287735585,0.8858503413984771,0.15,0.10324655263036554,0.9981062499999999
24,76,0.0475,25,1.896080929161435,2.501324966593191,0.45221363424092154,0.15996430856485516,0.8192560366544723,0.15,0.10668469121353037,0.9982562500000001
25,83,0.051875,24,1.796661243333677,2.358276083915147,0.45527735488117005,0.14683664246639008,0.8192560366544723,0.15,0.11156415080952019,0.9980312499999999
26,90,0.05625,24,1.6602228852516072,2.2293384998137107,0.46504328358041236,0.13712059403623358,0.8192560366544723,0.14999999999999997,0.11611179613210461,0.99765625
27,99,0.061875,25,1.7323634703861295,2.306404119862447,0.46513079139126,0.1375238828454882,0.8192560366544723,0.14984801986050786,0.11533935174268621,0.9972812499999999
28,109,0.068125,26,1.7592951300578346,2.3671130536905975,0.45972661615437715,0.13597483592590626,0.8664514764643773,0.14986196299257132,0.11569009456042235,0.99671875
29,113,0.070625,25,1.7116020187646535,2.2686658354100873,0.4608686238641575,0.13595261934915748,0.8664514764643773,0.14986684925832106,0.11537770963623638,0.99656875
30,122,0.07625,25,1.646427632429674,2.199394255423215,0.45924490976315596,0.12914859079043398,0.8664514764643773,0.14987667185401862,0.11783900872611645,0.996175
31,137,0.085625,24,1.5331485498198494,2.08471094351382,0.45895485914358225,0.12365615503477502,0.8664514764643773,0.14989017493569548,0.12007491356067358,0.9956312500000002
32,157,0.098125,27,1.5164422230802987,2.0954848198753715,0.46520096862532523,0.1207061215576712,0.8664514764643773,0.14983325259649333,0.12080167555093602,0.9949187500000001
33,172,0.1075,26,1.4242545836204683,2.0080343455187846,0.46627992658564205,0.11732556777833214,0.8664514764643773,0.14993527146197191,0.12194302176284917,0.99409375
34,201,0.125625,26,1.3533496884167429,1.9584608244519655,0.4727262842349573,0.10843759232523789,0.8192560366544723,0.1498461809571297,0.12309981082870868,0.9925562500000001
35,223,0.139375,27,1.2791486498649771,1.8894331064627665,0.4714575699270437,0.10236719247366706,0.8192560366544723,0.14986135592996888,0.1260493260616646,0.99191875
36,251,0.156875,26,1.15757978708377,1.7700427961902365,0.47014148746010775,0.09122514171611419,0.7586752549306359,0.14981800057509168,0.12825484067433068,0.99055
37,269,0.168125,25,1.1096357990802348,1.733087343466164,0.47340852563820024,0.0857910942116874,0.7586752549306359,0.14983017897527143,0.13052114081037086,0.99019375
38,296,0.185,25,1.0317188188656468,1.6577395695076496,0.47177747135749104,0.08110493259616033,0.7586752549306359,0.14982980489398068,0.13127041397356157,0.9892375
39,317,0.198125,26,0.9933237483101106,1.6254305449983035,0.4719710855552436,0.0782641693364559,0.7586752549306359,0.14977274431491275,0.13248123958403896,0.9884875000000001
40,342,0.21375,28,1.0161494145359635,1.646883597952633,0.4716324414488058,0.07823394643134247,0.7586752549306359,0.1497461863151821,0.13248506437422264,0.9875875
41,370,0.23125,30,0.9923558270628188,1.647346161635214,0.47322179045590146,0.07715023458418219,0.7687239773736853,0.1497191391708912,0.13297104161788983,0.98644375
42,411,0.256875,30,0.9727025927064579,1.631884655153868,0.4722577124100877,0.07301799438433702,0.7687239773736853,0.1497549139067745,0.13333037741525353,0.9850375
43,457,0.285625,32,0.9925457384352745,1.6591525144866204,0.4712992665633409,0.07130483773311992,0.7687239773736853,0.1497795788079292,0.1333224324457267,0.98333125
44,498,0.31125,33,0.9678648911378632,1.6383491321082573,0.47288296303849686,0.07070040448677868,0.8858899996086987,0.14975422733821828,0.1338079073075304,0.9817937499999999
45,544,0.34,37,0.9594438513413501,1.6669049043212862,0.4745303254536656,0.06950854403623993,0.8858899996086987,0.14980430516584653,0.13380188855579056,0.9795625
46,578,0.36125,38,0.9482377623599686,1.6642584708489765,0.474399243473836,0.06816127433416054,0.8858899996086987,0.14981247743842244,0.13426376288041586,0.9785875
47,626,0.39125,40,0.9245107800858184,1.6393691880188483,0.4728991969562181,0.06839706273805964,0.9559761516708782,0.1498472981499433,0.134303499561208,0.9768437499999999
48,675,0.421875,43,0.9315911793136369,1.6569303369568409,0.4729513817958913,0.06777342828119008,0.9559761516708782,0.14983420200175349,0.1342418733770245,0.9740125000000001
49,724,0.4525,46,0.9247113332766784,1.6729057864038628,0.4724218465615009,0.06580414976959648,0.9559761516708782,0.14977573758858811,0.13405728978764825,0.9716874999999999
50,784,0.49,47,0.8821170368758018,1.6385144831432108,0.4738896473742053,0.06337267612633012,0.9559761516708782,0.14984378784296704,0.13396870684081758,0.9676937500000001
51,874,0.54625,49,0.8650850991698453,1.6285186655071568,0.473925458279772,0.06106487074173451,0.9559761516708782,0.14975662877712168,0.1337231113895214,0.9624625
52,961,0.600625,50,0.8461058880062535,1.6165703681295045,0.47416190285636856,0.05895365782749801,0.9559761516708782,0.14981232513042592,0.13393665142932248,0.95719375
53,1033,0.645625,51,0.8516562568777151,1.629393434034347,0.4742009125773147,0.05903987738042138,0.9559761516708782,0.1497544495977765,0.13337196077530253,0.9521687500000001
54,1103,0.689375,52,0.8499390633764949,1.6433320615216098,0.47443494778206263,0.05666778241371313,0.9559761516708782,0.14972471185222794,0.13310091292358894,0.94766875
55,1153,0.720625,51,0.8344882773625235,1.6302922132523934,0.4750347600913035,0.05459908684734913,0.9559761516708782,0.149718032841829,0.13335683921227903,0.9441812500000001
56,1193,0.745625,52,0.8206003716604674,1.6185686425014278,0.4762879146118168,0.05451171662772432,0.9559761516708782,0.14974893058679253,0.13253121722708683,0.9397937500000001
57,1247,0.779375,54,0.8194541266476872,1.6227432956886174,0.47668113891818115,0.054112294897921846,0.9559761516708782,0.14971506873145152,0.1323185490336189,0.9349375000000001
58,1286,0.80375,54,0.8031886521644366,1.6032729013698181,0.4766404241638417,0.05352423932546359,0.9559761516708782,0.14972555391193348,0.13164448635763726,0.9300812500000001
59,1337,0.835625,55,0.7827895972084072,1.5958031194648663,0.47630161137476906,0.052383468452763676,0.9559761516708782,0.14969814478830928,0.13120394337018335,0.9249437500000001
60,1377,0.860625,54,0.7813246893979485,1.5917381105733848,0.47580344673490355,0.0509090038089639,0.9559761516708782,0.14967735522554573,0.13100576388726026,0.9203875
61,1412,0.8825,54,0.7610297801557796,1.5786383101206387,0.4760479443930258,0.050145372873191645,0.9559761516708782,0.14970196334736435,0.1304729728528164,0.916
62,1428,0.8925,55,0.7710482788077773,1.5870417369386156,0.47711383867140894,0.05004820921307387,0.9559761516708782,0.1496889369533624,0.13014962029612184,0.9124937500000001
63,1436,0.8975,54,0.7358124226422079,1.5574076054343702,0.47606145125152316,0.046756011297616376,0.9559761516708782,0.14974061054188365,0.12999351908868265,0.9089875000000001
64,1442,0.90125,55,0.7446235046384901,1.5632725795530342,0.4763919005207725,0.046923211167606865,0.9559761516708782,0.14973367780858038,0.12926729873861134,0.90514375
65,1455,0.909375,58,0.7449979064872838,1.5779689817205789,0.4768313467660611,0.04550960858235157,0.8407398984587761,0.14974121535234508,0.1286760869384073,0.9008875000000001
66,1452,0.9075,58,0.7326699198818134,1.5679158879127506,0.4766577160371419,0.04425150053314958,0.8407398984587761,0.14973215710642088,0.1289700361519893,0.8983562500000001
67,1454,0.90875,58,0.725364573131936,1.5621507842448805,0.47645932937782187,0.04399459711956517,0.8407398984587761,0.14972098794426475,0.12828059608794912,0.89545
68,1463,0.914375,59,0.7245038688344009,1.5762663864560875,0.4764952186701375,0.04422695963029746,0.8407398984587761,0.14976896697125663,0.12776913312111463,0.8914375000000001
69,1464,0.915,56,0.7115560965128316,1.5667558242358466,0.47642669390411974,0.04350615961886444,0.8407398984587761,0.14973126925920147,0.12750014856162656,0.88860625
70,1464,0.915,56,0.7059683041223896,1.5608939160943414,0.4765177318409012,0.043611655514554676,0.8407398984587761,0.14973095925907676,0.12684159345149865,0.8852125000000001
71,1466,0.91625,59,0.7087938056093543,1.5773551940310997,0.47687646614984774,0.04322491444600671,0.8407398984587761,0.14971870165366916,0.12657591702887774,0.8822125000000001
72,1471,0.919375,59,0.7097049816958051,1.5865930129338084,0.47714885324929973,0.042973303127837995,0.8407398984587761,0.1497116178664541,0.12595831041657052,0.8795687500000001
73,1462,0.91375,59,0.7102627966154147,1.593873746128478,0.4767356399864337,0.04239788547741446,0.8407398984587761,0.1496725762046247,0.12586206410008613,0.8767750000000001
74,1479,0.924375,57,0.7151602601739143,1.60154127410908,0.47698759268314506,0.04223532935276582,0.8407398984587761,0.14966443174374347,0.12546970309415298,0.8731187500000002
75,1484,0.9275,56,0.718769652069861,1.6043448160977214,0.4770814533150692,0.04234823630408858,0.8407398984587761,0.14962480169082223,0.12495973114241872,0.8702500000000001
76,1469,0.918125,56,0.7271152138824521,1.6165410863662952,0.4771269399676213,0.04263840883684689,0.8407398984587761,0.14966518247307523,0.12447963563683563,0.8684499999999999
77,1476,0.9225,60,0.7255664552401,1.6266005460630728,0.477261250044457,0.04273990413091957,0.8407398984587761,0.14970330229392706,0.1239558361474223,0.8653
78,1478,0.92375,60,0.7217995883909004,1.6170549637597835,0.4767255335133761,0.042198351049322,0.8407398984587761,0.14969401425057757,0.12383313387112505,0.8622062500000002
79,1467,0.916875,58,0.716551277966258,1.6012148155159431,0.47693174038729047,0.04194009263269234,0.8407398984587761,0.14972072875067552,0.1232881563404239,0.8598250000000002
80,1466,0.91625,58,0.732240632241608,1.6223740859533677,0.4768314059197865,0.04227387056097585,0.8407398984587761,0.1496953374794153,0.1233936164029016,0.8583812500000002
81,1464,0.915,59,0.7317754088631155,1.6235011393944574,0.4764073859870071,0.04221451318558256,0.8407398984587761,0.14970810426230804,0.12288967105600064,0.8562062500000002
82,1463,0.914375,57,0.7339666060964098,1.6284720305091525,0.47612590702021373,0.04166304039248356,0.8407398984587761,0.14972088948412257,0.12264521640758871,0.8540125000000001
83,1456,0.91,55,0.7249302341458508,1.6165154765386518,0.4761121825882052,0.041314785188764816,0.8407398984587761,0.1497334410804307,0.12218133611065105,0.8512937500000001
84,1455,0.909375,53,0.7146860451440205,1.6033726593921265,0.4755941344516175,0.03914779732997896,0.556239461056799,0.1497731660851015,0.12201530579701812,0.8490812500000001
85,1463,0.914375,52,0.7097473404048015,1.6111964190262245,0.4756900861645742,0.03876692256196355,0.556239461056799,0.14979127204565415,0.12173525873569765,0.84540625
86,1471,0.919375,52,0.7102588015277564,1.6147162357054308,0.47596611784635623,0.03887589422024958,0.556239461056799,0.14975858677454254,0.12120809873739932,0.8424437500000002
87,1472,0.92,52,0.6966508824412209,1.6050949660107527,0.4760423673940755,0.03835708683164837,0.556239461056799,0.14977473472853256,0.12114495368376182,0.8400062500000002
88,1480,0.925,53,0.6833402795147849,1.5917224794124936,0.4759012661547882,0.037505434881556145,0.556239461056799,0.1497456942203483,0.12083513237034231,0.83738125
89,1470,0.91875,56,0.6839612875940424,1.606618209572861,0.4756988749391636,0.03734068727097509,0.556239461056799,0.149724909788219,0.12032469342918489,0.8353562500000001
90,1483,0.926875,58,0.6719217080768262,1.6071109217152033,0.47522122710631737,0.03683773118163387,0.556239461056799,0.14973762137793714,0.1202044871216895,0.8324687500000002
91,1468,0.9175,59,0.6667411663763282,1.6064973547282113,0.4747224209797881,0.03613455411146257,0.556239461056799,0.1497573163365563,0.1198880250911698,0.8304812500000002
92,1467,0.916875,58,0.6719558814259284,1.619225019026551,0.4751541958041206,0.03644790480618204,0.556239461056799,0.14973972111600709,0.11927897548291579,0.8280062500000003
93,1470,0.91875,58,0.6621318189703045,1.6083073575427869,0.4748036933561099,0.03610189257181912,0.556239461056799,0.14977057020338905,0.11914362410619246,0.8254187500000001
94,1474,0.92125,59,0.6628404511897907,1.6088870312312864,0.47493926830239397,0.03616889028244183,0.556239461056799,0.14974788196986824,0.11846717767509221,0.8227187500000003
95,1473,0.920625,58,0.656165771853641,1.601483166885136,0.47533179421750765,0.03616418211369927,0.556239461056799,0.14977479374279623,0.11831841466353357,0.8201875000000001
96,1468,0.9175,58,0.6594920888679939,1.6081855424205107,0.47528761048523616,0.03637998350378757,0.556239461056799,0.14975615379820242,0.11812197159585286,0.81900625
97,1455,0.909375,59,0.671304818177182,1.6308736188318425,0.4754750874336574,0.03651102716509995,0.556239461056799,0.1497479302001789,0.11757724964379038,0.8177125000000001
98,1454,0.90875,61,0.6691358830245653,1.635310518294526,0.47538799788108,0.036925766108499083,0.556239461056799,0.1497875740720458,0.11753703905761038,0.81566875
99,1459,0.911875,63,0.6621956784768189,1.634722885830574,0.4754029138611585,0.03651510355068315,0.556239461056799,0.1497446087254905,0.11706234489950848,0.81319375
100,1458,0.91125,66,0.6708080078900615,1.6388126848413729,0.4754874134262286,0.03709957777156678,0.556239461056799,0.14977740260034586,0.11691999490424262,0.8110187500000001
101,1452,0.9075,64,0.671415999732703,1.6464991470377255,0.47558005358562505,0.03704746315780496,0.556239461056799,0.14977634119706357,0.1169606606183456,0.8097250000000001
102,1445,0.903125,63,0.6742278839761012,1.652827414963106,0.4752923695248613,0.036845736425174275,0.556239461056799,0.1497945217089325,0.1165433355146545,0.8075687500000001
103,1444,0.9025,67,0.6869786342158372,1.6706082446945565,0.4746129999748085,0.0382083526191698,0.556239461056799,0.14980938688704692,0.1160450601216972,0.8052437500000003
104,1435,0.896875,68,0.6987772477422337,1.6910825022398805,0.47534078141621056,0.038854525114943174,0.556239461056799,0.14982398125523275,0.11532906484963311,0.8029000000000002
105,1432,0.895,66,0.6976889295837909,1.688444736167229,0.4756033104209387,0.038828388642589515,0.556239461056799,0.14978520976058937,0.1152207862189506,0.8008375000000001
106,1456,0.91,67,0.6938618139190984,1.6880982004367864,0.4758419350383403,0.03792777213668453,0.556239461056799,0.14978227230167745,0.11465304322409028,0.7980437500000002
107,1448,0.905,68,0.7153329687977759,1.7167385842117804,0.4760293380119316,0.03865206347796333,0.556239461056799,0.14981539107486996,0.11488296798056016,0.7958500000000001
108,1453,0.908125,65,0.7000192965230688,1.6828172158181742,0.47588628982439624,0.03794960067608388,0.556239461056799,0.1498156573161313,0.11426345307770576,0.7938437500000001
109,1460,0.9125,62,0.6984399980369455,1.670119688781579,0.4760010865760051,0.03800252473288083,0.556239461056799,0.14977860485750857,0.11393184695672698,0.7913875000000001
110,1462,0.91375,65,0.72471880125687,1.6955480205994757,0.4761600744536096,0.03908328149168421,0.556239461056799,0.1498527039460592,0.1137834902602829,0.7892312500000002
111,1461,0.913125,65,0.7171380457546086,1.6766853567195392,0.47570447892856516,0.03892189399980303,0.556239461056799,0.14984426572798712,0.11336722342675323,0.7876000000000001
112,1461,0.913125,65,0.7141681943819709,1.6670034557555997,0.4756678061551092,0.03883727611262444,0.556239461056799,0.14983291364114637,0.11319667971288391,0.7850125000000001
113,1452,0.9075,66,0.7073525116515229,1.6548837737584918,0.4758356159432533,0.038975789690562014,0.5640135834537455,0.14981814418509568,0.11300710214332536,0.7834375000000001
114,1443,0.901875,65,0.6939124785184315,1.644646431892133,0.47566876579528455,0.03809482225989515,0.5640135834537455,0.14985341235907146,0.11252184423457255,0.7814500000000001
115,1441,0.900625,66,0.6899660449219853,1.641769646295013,0.4752605604290358,0.037823601074499454,0.5640135834537455,0.14985107531891223,0.11222430023435209,0.7796500000000001
116,1437,0.898125,62,0.6860635718823095,1.637478873725644,0.47571826164308334,0.03588153495137877,0.4503090504562239,0.14986185954661915,0.11227909845514174,0.7774000000000001
117,1449,0.905625,62,0.6855999746436205,1.6306601933614566,0.4758115059016182,0.035943429932312365,0.4503090504562239,0.14987123872840177,0.11186506008817014,0.7753562500000001
118,1448,0.905,65,0.6932239924251253,1.640345017363926,0.4758285317822538,0.0364867301752232,0.4503090504562239,0.14989201649369924,0.11130720106930914,0.7730687500000002
119,1459,0.911875,66,0.6976973970967693,1.6403278085174469,0.4757750201346485,0.03652616804098629,0.4503090504562239,0.14990092162801885,0.11122937991430837,0.77153125
120,1450,0.90625,65,0.686780726400379,1.6294527271670491,0.4758085619772692,0.03586772685829418,0.4503090504562239,0.14992736096451242,0.11131912792985398,0.7706312500000001
121,1454,0.90875,65,0.6778088423380644,1.6166940198072488,0.47613597093434484,0.035183656111568956,0.4503090504562239,0.149965489702392,0.11114215829358128,0.7694312500000001
122,1445,0.903125,65,0.6803544995987918,1.6079615421252023,0.4760720987200852,0.035340326603273305,0.4503090504562239,0.15000774038801146,0.11106555032684162,0.7686437500000003
123,1450,0.90625,64,0.6830652955367911,1.6100698698123266,0.47639555268208245,0.035532502775811395,0.4503090504562239,0.15001253131473286,0.11095087204901093,0.7670500000000001
124,1459,0.911875,62,0.690018062369471,1.6086671523848666,0.47671392007946956,0.03573863480761367,0.4503090504562239,0.15006831735086382,0.11047026753204481,0.7643687500000002
125,1464,0.915,64,0.6878821747224024,1.6205948031836366,0.4771092912868713,0.03578522858404321,0.4503090504562239,0.15003885361132327,0.10990382988558908,0.7619875000000002
126,1463,0.914375,68,0.6998950350157306,1.6464916088908592,0.4771619678208137,0.03596887808544935,0.4503090504562239,0.15002518426495762,0.10988242492968446,0.7600750000000002
127,1454,0.90875,64,0.7019424360256925,1.6383865225471823,0.47691808459934154,0.036077713921429604,0.44247148528487096,0.1500755673840018,0.10982360010014851,0.75821875
128,1441,0.900625,63,0.705469959050365,1.6396111931669868,0.47699403371464166,0.036056921453488266,0.44247148528487096,0.15008875763570023,0.10921434398120718,0.7566437500000001
129,1440,0.9,62,0.7050214376037428,1.6401330033086037,0.4771997960699707,0.036272582225737746,0.44247148528487096,0.15010269931105064,0.10889845357595843,0.7543937500000003
130,1439,0.899375,58,0.6940930250108658,1.6362524643952001,0.4775087067482679,0.03612472800353191,0.44247148528487096,0.15012826432922807,0.10851075947033367,0.7522750000000002
131,1436,0.8975,57,0.6955378908263576,1.6461600951659778,0.4777260219932256,0.03591884258208455,0.44247148528487096,0.15009252825953526,0.10874659949316849,0.7509812500000002
132,1450,0.90625,58,0.6941664525967108,1.6256308506871227,0.4769490241484035,0.03742171323517906,0.6324327695031351,0.15012404770890436,0.10777089159808301,0.7478875000000003
133,1445,0.903125,59,0.7039408584383233,1.6573654918223633,0.47679942858477986,0.03744841743250845,0.6324327695031351,0.1501742857257133,0.10772899298210398,0.7458250000000003
134,1438,0.89875,58,0.712433621101907,1.6809118431111076,0.47680701276588794,0.03798879400818771,0.6324327695031351,0.15018283558375947,0.10721885342955637,0.7434437500000002
135,1430,0.89375,58,0.7221531887228272,1.6952206174336877,0.4765302942667356,0.03811548732199646,0.6324327695031351,0.15021891725779793,0.10698782550984424,0.7414187500000001
136,1445,0.903125,58,0.7293437220556827,1.699534546945062,0.47657181844108915,0.038306084596644106,0.6324327695031351,0.15018682687087578,0.10672287129682917,0.7391125000000001
137,1433,0.895625,56,0.7300925147829992,1.6998700704120615,0.4770093072750649,0.03839847737377823,0.6324327695031351,0.15019435918778132,0.10635340815381893,0.7379500000000001
138,1446,0.90375,58,0.7337290358407129,1.7043836121710638,0.4768826085930989,0.03861625523245436,0.6324327695031351,0.1502338682948069,0.10621622411766433,0.7358500000000002
139,1453,0.908125,58,0.7297726070541473,1.7003620797561478,0.4767336796968813,0.038420012780099745,0.6324327695031351,0.1501893721300352,0.10589979723245946,0.7340875000000002
140,1435,0.896875,58,0.7323579754578258,1.7092068341904898,0.47716132125750743,0.03845546508663664,0.6324327695031351,0.15014939144852732,0.10557034051816794,0.7332250000000002
141,1437,0.898125,56,0.7278191558607912,1.6986898912673942,0.4769108438348985,0.03824068009529424,0.5984237857425317,0.15018476082250928,0.10510999590285892,0.7310687500000002
142,1439,0.899375,57,0.7464040195899085,1.7198850787716975,0.47718371762643197,0.03879308530426135,0.5984237857425317,0.15017541076589933,0.10529928020863662,0.7288937500000001
143,1432,0.895,58,0.7597872504525618,1.7399145673901955,0.4773861836333564,0.03916535698872493,0.5984237857425317,0.1502187992492403,0.10456714405012933,0.7270750000000002
144,1442,0.90125,57,0.755299794406465,1.7285535489106683,0.4773794579105111,0.0391901780224787,0.5984237857425317,0.15020312557293064,0.10483325168879327,0.7254250000000002
145,1440,0.9,56,0.7631313662360191,1.7348360181173748,0.4773780756501783,0.03929493765105687,0.5984237857425317,0.1502540534904905,0.10460054352784813,0.7241687500000001
146,1448,0.905,58,0.7749893197864006,1.7438626508677464,0.4773162730089214,0.039576557021145764,0.5984237857425317,0.150303107196121,0.10413466205468212,0.7224062500000002
147,1442,0.90125,56,0.7685586271410704,1.7332709030674,0.4770334724012965,0.03955566283300805,0.5984237857425317,0.15030541105574982,0.10418914580105214,0.7217500000000001
148,1449,0.905625,58,0.7727284018450493,1.7379823543878878,0.4766273029177699,0.03974065977279878,0.5984237857425317,0.15033634382229663,0.10351422183484778,0.7196687500000002
149,1446,0.90375,57,0.766474335004275,1.7413704074562844,0.47672309032644294,0.03965317283493906,0.5984237857425317,0.15035629016436963,0.10305711644915698,0.7173250000000002
150,1453,0.908125,56,0.7511544363650146,1.7081305054960416,0.476322068096302,0.039194357804549024,0.5984237857425317,0.1503544125288636,0.10340242545618147,0.7146812500000002
151,1453,0.908125,58,0.7539656074270326,1.7049263910713457,0.476320350548953,0.039102624349109626,0.5984237857425317,0.1503026465390812,0.10296799032006938,0.7128812500000002
152,1443,0.901875,58,0.7487206520893487,1.7003382064014754,0.4763793928000121,0.03928148048456458,0.5984237857425317,0.150325956520674,0.10256302898138346,0.7117937500000002
153,1436,0.8975,55,0.7489756197245163,1.7004796578237493,0.4764379901725581,0.03917844988030126,0.5984237857425317,0.15034371288904616,0.10233924908858423,0.7106500000000002
154,1431,0.894375,56,0.7484786045426169,1.704769339814214,0.47627518241810596,0.03944527058024533,0.5984237857425317,0.1503238598034482,0.10201206342158031,0.7092062500000001
155,1425,0.890625,57,0.7514488196290758,1.719052614268447,0.47644790624798045,0.039336622672495776,0.5984237857425317,0.15035615711685402,0.1022132610403107,0.7079312500000001
156,1430,0.89375,56,0.728958436849322,1.701199615075436,0.47623151537796676,0.03879206011765878,0.5984237857425317,0.15034080043781048,0.10139264123506118,0.7058500000000002
157,1421,0.888125,57,0.7415775372667676,1.7172420779627784,0.4762613757978556,0.039254533265880756,0.5984237857425317,0.150342711975198,0.10203957065122533,0.7051562500000002
158,1422,0.88875,58,0.7400359539036432,1.7138803873854394,0.47568006133528434,0.0391208995901082,0.5984237857425317,0.1502959736705874,0.1014214560912289,0.7038625000000002
159,1429,0.893125,61,0.7267829753879302,1.7149163556073421,0.47592662863235663,0.03861824167912167,0.5984237857425317,0.15026795796693304,0.10141071425481826,0.7025312500000002
160,1415,0.884375,60,0.729075516047309,1.7092905233363065,0.47561325743520777,0.03845667247024773,0.5984237857425317,0.15025127998690735,0.10120617203451235,0.7014625000000002
161,1422,0.88875,60,0.7278311722013431,1.71282623534058,0.476032562612506,0.03845664775835805,0.5984237857425317,0.15029978473949,0.10085606250683413,0.6994187500000002
162,1418,0.88625,59,0.7186882936530063,1.706498618892824,0.47578042220585565,0.037957024137485716,0.5984237857425317,0.1503155946751109,0.10053329198415803,0.6981437500000003
163,1398,0.87375,58,0.7225120610200437,1.7002294859196045,0.4755820701621245,0.03840706520321698,0.5984237857425317,0.1503452710142412,0.10039894393112854,0.6978062500000002
164,1405,0.878125,58,0.7386322522699262,1.7145639346332675,0.475944391848408,0.04013627943377947,0.8380773684810029,0.15031588573443083,0.10030166593942878,0.6963812500000003
165,1423,0.889375,59,0.742158463972448,1.7346766574946606,0.47630966967141625,0.04030463198764472,0.8380773684810029,0.15028605300346712,0.10007088464061653,0.6946750000000003
166,1429,0.893125,58,0.7219591455389,1.7165388640373411,0.4758511201875285,0.039013574225806105,0.8380773684810029,0.15026341570133725,0.10015950573033132,0.6927812500000003
167,1426,0.89125,59,0.7207683776279634,1.714818935400309,0.475590621727548,0.038931564724982194,0.8380773684810029,0.15024667366527622,0.1000895762926355,0.6918062500000002
168,1440,0.9,58,0.7215534229913148,1.7063395858732051,0.47574698351038697,0.03909686452213905,0.8380773684810029,0.15023153035814366,0.09958386290952538,0.6901562500000002
169,1444,0.9025,57,0.7213276603503563,1.7091935365618565,0.47576828978203467,0.039388427294023004,0.8380773684810029,0.15022722141664513,0.09876285904143145,0.6880000000000003
170,1440,0.9,56,0.7150175521868908,1.7088632291009596,0.4759289376415825,0.03869357948460323,0.8380773684810029,0.15025476668546803,0.09895517754376518,0.6868750000000002
171,1437,0.898125,56,0.7220243469384864,1.7139618344609353,0.4763284132139199,0.039216083674781285,0.8380773684810029,0.15024815931806654,0.09919595513750784,0.6861812500000002
172,1423,0.889375,57,0.730037784117763,1.725784693227361,0.4763890074307726,0.03937460337415475,0.8380773684810029,0.1502554766373888,0.0986762539613536,0.6849437500000002
173,1417,0.885625,56,0.7282530496451816,1.726116344273452,0.47654975736046096,0.03939284079932858,0.8380773684810029,0.1502559421512821,0.0984952939793962,0.6842875000000004
174,1398,0.87375,57,0.7236574249933263,1.7159426283302697,0.4769006949194739,0.0393016074204267,0.8380773684810029,0.15028574423582494,0.0987045018583254,0.6839125000000003
175,1400,0.875,58,0.7313954780273677,1.72329059091129,0.4768422049403444,0.039227790884731335,0.8380773684810029,0.1502952554585576,0.09863352595519394,0.6824500000000003
176,1407,0.879375,58,0.7232980953696578,1.7261352315630436,0.47672767004596334,0.03891744765727324,0.8380773684810029,0.15032692272575632,0.09817191372387123,0.6817562500000003
177,1416,0.885,59,0.7278946396751277,1.731608439119622,0.47667862751576423,0.039326952570198775,0.8380773684810029,0.15029005418862684,0.09784985038064915,0.6802937500000001
178,1438,0.89875,58,0.7199854805795013,1.7270179329090645,0.4763491154509371,0.039331610516478134,0.8380773684810029,0.15031393716115743,0.09767781218448884,0.6774625000000003
179,1425,0.890625,56,0.7251875333999825,1.735186046004899,0.47718409746837426,0.039768099346153066,0.8380773684810029,0.15029018698631139,0.09769105915732147,0.6758687500000002
180,1418,0.88625,55,0.736178812375436,1.7437359290066508,0.47698911225469,0.040357762008423635,0.8380773684810029,0.1502946402375741,0.09719535253737223,0.6752312500000002
181,1412,0.8825,54,0.7350613886943232,1.7456139005822495,0.4768882644628448,0.04018004746664253,0.8380773684810029,0.1502955232353052,0.09702396275048135,0.6746875000000003
182,1421,0.888125,53,0.729067196862712,1.750268356750379,0.47700636847090505,0.040568020996352414,0.8380773684810029,0.1502609534446906,0.09707575275600785,0.6733375000000003
183,1419,0.886875,53,0.7348042180771418,1.7602400242253933,0.4771755426581737,0.04061468710653092,0.8380773684810029,0.15028815792298214,0.09669112470571001,0.6714812500000003
184,1432,0.895,53,0.7337327874607243,1.760972703647402,0.4772410167875562,0.04053886051250849,0.8380773684810029,0.15028932682295634,0.09665481824119633,0.6694750000000002
185,1422,0.88875,55,0.7463844274581107,1.7665469939568994,0.47724032030638464,0.0411496098544418,0.8380773684810029,0.1502790722203004,0.09631016746422033,0.6687437500000003
186,1415,0.884375,53,0.736433402232606,1.753943121522237,0.47723222155416245,0.04107479234237904,0.8380773684810029,0.15026954121282277,0.09634298461170412,0.6682000000000002
187,1415,0.884375,54,0.7449863432713411,1.786595263262181,0.47732142499108615,0.04131984637039595,0.8380773684810029,0.15027833160349238,0.09600538148349447,0.6671687500000002
188,1412,0.8825,55,0.7365680097174279,1.77386385096343,0.47708447715569074,0.041121713624659224,0.8380773684810029,0.1503018788925457,0.09620933019438258,0.6667000000000003
189,1408,0.88,56,0.730710591344894,1.7628854679500745,0.47725570985806504,0.041272977947642925,0.8380773684810029,0.15027141300186445,0.0955390901470588,0.6656687500000004
190,1400,0.875,56,0.7360152754538836,1.7773100395367372,0.47740064889540373,0.041472880162703785,0.8380773684810029,0.15026567473220032,0.0953503866128757,0.6649562500000004
191,1396,0.8725,58,0.7335577980314945,1.7865367207479828,0.4771454398793751,0.041334776694086695,0.8380773684810029,0.1502704162800962,0.0954781731738057,0.6646000000000002
192,1403,0.876875,60,0.7426981444682383,1.801972215266865,0.47758351918169484,0.04173607894503294,0.8380773684810029,0.15026361414595077,0.0952810748234704,0.6641125000000003
193,1413,0.883125,59,0.7196214826627335,1.784271285411798,0.47737667103971787,0.04049244463865245,0.8380773684810029,0.15032426637672516,0.09549459237540862,0.6621062500000002
194,1404,0.8775,61,0.7197179034117827,1.7928305663049802,0.4778156528219504,0.04029603456081535,0.8380773684810029,0.1502609543125272,0.09574394456507498,0.6620500000000002
195,1395,0.871875,60,0.7132928078436438,1.7842690533943923,0.4773011986505002,0.040047738540812595,0.8380773684810029,0.15024667094045246,0.0953023699706508,0.6616562500000004
196,1391,0.869375,59,0.7073012252684292,1.7763502852879176,0.477498794499919,0.03968319902658974,0.8380773684810029,0.1502908718802732,0.09570646484418384,0.6612625000000003
197,1388,0.8675,59,0.6951411209246955,1.7640941180371073,0.4772238996091739,0.03915844199837289,0.8380773684810029,0.15031218541068483,0.09554632439382148,0.6610750000000003
198,1401,0.875625,59,0.7000904312032245,1.7752786287181577,0.47748649970219786,0.038908420792397695,0.8380773684810029,0.15028278204473974,0.09544491876454742,0.6597812500000003
199,1405,0.878125,62,0.6998485512796517,1.7780300009729832,0.4773650709636194,0.0389075889861923,0.8380773684810029,0.1502786649879121,0.09537972530307547,0.6588812500000003
200,1404,0.8775,64,0.7082318480987513,1.800150972721489,0.47753448106400603,0.039196198235015016,0.8380773684810029,0.15030364169030044,0.0953376354803244,0.6584125000000003
201,1413,0.883125,64,0.7134630849937765,1.814679628198843,0.4774849303420576,0.040668585973283766,0.8486480007429239,0.15027009720726425,0.09490529035927942,0.6571937500000002
202,1422,0.88875,63,0.7064454336360013,1.8134719923852483,0.47764205946298705,0.040638669919846084,0.8486480007429239,0.1502356013633378,0.09448760977528456,0.6553000000000003
203,1432,0.895,63,0.733549818161749,1.840517560706565,0.47758071841530414,0.04165075922435567,0.8486480007429239,0.15023157137420068,0.09459988500452124,0.6531625000000002
204,1437,0.898125,64,0.7274759486221181,1.8306330133700468,0.47734512678216917,0.041622903817984884,0.8486480007429239,0.15022071981788457,0.0940320197107087,0.6517000000000003
205,1445,0.903125,65,0.7215330078138873,1.8401585268537586,0.4773291057820842,0.04129713018410169,0.8486480007429239,0.1502488690977672,0.09387668686562649,0.6501250000000002
206,1441,0.900625,64,0.722770075932518,1.8560497547654289,0.4775633728804146,0.04086154403338261,0.8486480007429239,0.15029010213342167,0.09374195909584068,0.6500500000000002
207,1452,0.9075,64,0.7142181117972956,1.846940609475714,0.4772142387247362,0.04107777782865947,0.8486480007429239,0.15027118636361628,0.09355387273996921,0.6477062500000003
208,1442,0.90125,63,0.712479884213093,1.8361900230726305,0.4771016249079309,0.04106015321573432,0.8486480007429239,0.15028122210433872,0.09343887133892012,0.6469937500000004
209,1440,0.9,65,0.7145439262422912,1.8459135542488079,0.4769739534913842,0.04113473802401357,0.8486480007429239,0.15024573885695264,0.09280846446255506,0.6457562500000003
210,1439,0.899375,65,0.7236476497360969,1.8435338800374534,0.4769986560119202,0.04118361102660896,0.8486480007429239,0.15028061072844073,0.09297509577671259,0.6443125000000003
211,1409,0.880625,64,0.7145912351961827,1.8381590476595822,0.47714494082297526,0.04103287848813034,0.8486480007429239,0.1503284846997399,0.09295152854295724,0.6442562500000002
212,1414,0.88375,66,0.711644490485841,1.8515339912158648,0.47717563991820977,0.040865836188931644,0.8486480007429239,0.15038593670716055,0.09243423059536554,0.6427562500000004
213,1421,0.888125,66,0.7123558032260651,1.856747177162566,0.47695926419041373,0.04088667615704305,0.8486480007429239,0.1504523314134436,0.09264638903590718,0.6418937500000004
214,1407,0.879375,68,0.7126205136065684,1.8662607434950103,0.47712947305826303,0.040916189551475184,0.8486480007429239,0.15042317737602673,0.09258593681016009,0.6409375000000003
215,1402,0.87625,70,0.7326308849881947,1.8969499030736978,0.4773439413207517,0.04130754639921737,0.8486480007429239,0.150427297597299,0.09220339358020056,0.6399437500000003
216,1398,0.87375,68,0.7347174640673678,1.8985288334980561,0.47742626728670745,0.04130114318761401,0.8486480007429239,0.15053400154680527,0.09231901697627341,0.6391375000000002
217,1391,0.869375,69,0.7432691345447717,1.909650166846285,0.47751369252093717,0.043490758882602155,0.8883189237589564,0.15054434581698092,0.09194359106956282,0.6388937500000003
218,1372,0.8575,69,0.7449902231070941,1.921330579349447,0.47746163915230505,0.043581300666795164,0.8883189237589564,0.15059507302085548,0.09259154304934712,0.6389125000000004
219,1382,0.86375,69,0.726121195449279,1.9089616999023957,0.4773455701577206,0.042704464602939314,0.8883189237589564,0.15061080383548578,0.09201735288926521,0.6381437500000005
220,1400,0.875,70,0.7307417706777112,1.9289387472823096,0.47715224535887923,0.04248176825409268,0.8883189237589564,0.15061208325895137,0.09182642022350467,0.6361000000000003
221,1389,0.868125,70,0.7228673588465777,1.9056199338787387,0.47648007573998663,0.03913990064426357,0.8486480007429239,0.15060441935318686,0.09177446342664489,0.6364562500000004
222,1396,0.8725,71,0.7266338996708137,1.919634435399757,0.4763405553316867,0.03897933492452024,0.8486480007429239,0.15067879025299147,0.09209610706398445,0.6356500000000004
223,1412,0.8825,72,0.7393452732659184,1.943708818580722,0.4764814655281781,0.03926346877457133,0.8486480007429239,0.15065353061685854,0.09188444522622867,0.6340750000000004
224,1410,0.88125,72,0.7282200743618166,1.9328828368390265,0.4763241999258203,0.03901780694988879,0.8486480007429239,0.15066941182410837,0.09165110610302749,0.6334000000000004
225,1416,0.885,72,0.7288642965984067,1.9402541432330005,0.4760608844427065,0.03888589722967658,0.8486480007429239,0.15065031257610578,0.09171880266139502,0.6320125000000004
226,1421,0.888125,71,0.7166514088619149,1.926965736453582,0.4759580800734592,0.03827872230023484,0.8486480007429239,0.15069710850324397,0.0913954757548708,0.6313937500000004
227,1429,0.893125,71,0.7265805557851331,1.9457337406877124,0.4759352467773942,0.038645866694213354,0.8486480007429239,0.15068197584078388,0.09102669908709064,0.6302125000000004
228,1419,0.886875,71,0.7227334818488487,1.9343394648794514,0.47628169114844027,0.03878603708170607,0.8486480007429239,0.15064003783643032,0.09088097410077735,0.6293875000000004
229,1397,0.873125,71,0.737672040005048,1.9576309716185902,0.4763781101325659,0.03941511016377863,0.8486480007429239,0.15064086971272667,0.0911938542802072,0.6297437500000004
230,1417,0.885625,75,0.7571870830339416,1.988739518552754,0.4765043138121972,0.040105270785929514,0.8486480007429239,0.15070526274738932,0.09057388080498109,0.6277562500000003
231,1423,0.889375,74,0.7680109498494456,2.002121902298324,0.4767102185646418,0.04025894436060788,0.8486480007429239,0.15073629450782863,0.09030091830089577,0.6260125000000003
232,1439,0.899375,75,0.7582594509016226,1.9925761940388464,0.4768444572697344,0.039976389939960486,0.8486480007429239,0.15065552965080012,0.08977232802925383,0.6239500000000003
233,1432,0.895,75,0.7613909726974754,1.9935474225705523,0.4765830461502358,0.04004378547265247,0.8486480007429239,0.15063312043725213,0.09019473617590229,0.6232937500000004
234,1438,0.89875,76,0.7567415127136821,1.9853493530147654,0.476520490773299,0.03997168756753846,0.8486480007429239,0.15065431755837796,0.09013238343459734,0.6221687500000005
235,1427,0.891875,75,0.7588198430501933,1.9756002243640503,0.47680432360776076,0.04043482327634654,0.8486480007429239,0.15065612579683754,0.08972116651566077,0.6213250000000003
236,1421,0.888125,75,0.7567663096535737,1.974857355991395,0.4769233458667364,0.040970820671112004,0.8486480007429239,0.15064031085423063,0.08941407674325837,0.6207437500000005
237,1414,0.88375,74,0.7475821734966205,1.9583810994816984,0.477252228454465,0.04065986927259274,0.8486480007429239,0.1506452165870548,0.0899819434682794,0.6208750000000005
238,1416,0.885,71,0.7312087468514216,1.9364955684229042,0.4773719862462661,0.03847988200769181,0.6107802877441513,0.15056853559987102,0.08928348915477298,0.6193750000000005
239,1410,0.88125,69,0.729095191059703,1.9325202299186208,0.47737513232177886,0.03840416788906892,0.6107802877441513,0.15057230305079605,0.08920471782725696,0.6190375000000005
240,1409,0.880625,69,0.7374996300150263,1.950322960361832,0.4778439583184812,0.03894801409197469,0.6107802877441513,0.15055132160994303,0.08948574966646457,0.6183625000000004
241,1409,0.880625,69,0.7315464151905569,1.936550712780111,0.47774237805200814,0.038849168917755854,0.6107802877441513,0.15057710217376435,0.08905536118681145,0.6175937500000004
242,1411,0.881875,69,0.7317484629711795,1.9440178431880888,0.47802149594181226,0.03865944668947746,0.6107802877441513,0.1505739060204899,0.08896646341402577,0.6165812500000004
243,1415,0.884375,70,0.7242738555842714,1.935621117184513,0.4778779763655796,0.038294218864984624,0.6107802877441513,0.15059960758858895,0.08892594530347175,0.6156250000000004
244,1426,0.89125,73,0.7152179875590436,1.9300925929538906,0.47804323937106963,0.03860278028645878,0.6107802877441513,0.1506290758510308,0.0884999212317929,0.6135250000000005
245,1422,0.88875,70,0.7077501582176768,1.9014553211578915,0.47782051731652303,0.03702155211709186,0.5010956820282737,0.15060968292154533,0.08884975223101783,0.6131687500000005
246,1418,0.88625,70,0.6989486808674406,1.892301042023457,0.47734877327201763,0.035926419721858845,0.5010956820282737,0.1505452260003629,0.08868714710237219,0.6128500000000004
247,1393,0.870625,71,0.7080811246847386,1.9060243539120525,0.47790629221528474,0.036437164803360435,0.5010956820282737,0.15053885418773458,0.08853254648828263,0.6132625000000005
248,1396,0.8725,75,0.7157713791142274,1.9161886871992726,0.4775291017579691,0.037102528507785296,0.5010956820282737,0.1505881515230558,0.08840880214939133,0.6132250000000005
249,1386,0.86625,75,0.7143160018795075,1.9331861095516856,0.47738992066968916,0.03636460937204059,0.5010956820282737,0.1506540009717604,0.08871420132516399,0.6137500000000005
250,1385,0.865625,75,0.7344975421350233,1.9471126979998556,0.4780630287870854,0.03837332866581429,0.5860721109816995,0.1507038511690649,0.08856368239005165,0.6129625000000004
251,1398,0.87375,74,0.7340958366329418,1.9475337221882973,0.4782866877472687,0.038190035820717214,0.5860721109816995,0.1506871532860912,0.08862559965946482,0.6125312500000004
252,1405,0.878125,75,0.7531023283093932,1.9625158588766898,0.47835855017604045,0.03948463501986535,0.5860721109816995,0.15065175077559312,0.08789300088904105,0.6116687500000004
253,1418,0.88625,76,0.7505173412760436,1.9746683519283792,0.47816516116455104,0.03937414724468283,0.5860721109816995,0.15065397571979502,0.08823316589740558,0.6106562500000003
254,1406,0.87875,77,0.756750110007079,1.9746095742609409,0.47897795052725384,0.04117604986911195,0.5877650999274786,0.1506617188512012,0.087765705620151,0.6105062500000005
255,1406,0.87875,78,0.7552069561128636,1.9865090890095685,0.479181683057202,0.0407145296182762,0.5877650999274786,0.1505638386589297,0.08790428263771688,0.6098500000000004
256,1407,0.879375,79,0.7493089976053053,1.9871485218125444,0.47887078983134584,0.040679690367847236,0.5877650999274786,0.1505983177912976,0.08821986477290145,0.6090250000000005
257,1396,0.8725,78,0.7453312518903866,1.9851646616269618,0.4786108541952258,0.040129556018269265,0.5877650999274786,0.15063251909818098,0.08815548118050968,0.6087625000000004
258,1396,0.8725,78,0.7427423602616106,2.0075675457152884,0.4790119664487851,0.03966193801958366,0.5877650999274786,0.1506645686716652,0.08811335215121832,0.6088937500000005
259,1388,0.8675,78,0.748231897461915,2.014766469998015,0.479019184443437,0.04030867497667955,0.5877650999274786,0.15057855242854415,0.08786305621043344,0.6082750000000005
260,1381,0.863125,76,0.7318698152697888,1.9901390109492811,0.4788762962896515,0.03994837877426635,0.5877650999274786,0.15063176823651084,0.0873591970489681,0.6082750000000005
261,1378,0.86125,74,0.7281836179232387,1.962378594831157,0.47900382473249387,0.039995802623218966,0.5877650999274786,0.15062047212110008,0.08836220977938432,0.6080312500000005
262,1384,0.865,76,0.7245708731100435,1.9579841454457831,0.4788540682887961,0.03992197352203516,0.5877650999274786,0.15063626905453018,0.08727409886037672,0.6077687500000004
263,1385,0.865625,77,0.7161506565169214,1.9488933130385417,0.4783437594451639,0.039296370726169996,0.5877650999274786,0.1505831215238852,0.08747159045191846,0.6078812500000005
264,1390,0.86875,77,0.7265147783353537,1.962223135237646,0.478825891271944,0.03970969293742668,0.5877650999274786,0.1505679472573625,0.08772802585052283,0.6069250000000005
265,1409,0.880625,77,0.7192079569730196,1.9651685105693335,0.47850119608401326,0.03945668245554108,0.5877650999274786,0.15057352042662409,0.08731315154383,0.6054812500000005
266,1403,0.876875,77,0.7136379386196802,1.9606234696634306,0.4784749080297989,0.03914181914501886,0.5877650999274786,0.15056695226486505,0.08752130743919424,0.6055375000000005
267,1393,0.870625,76,0.7049460626986155,1.9468288487190588,0.47833847854642497,0.03868291428840697,0.5763758562105347,0.15053973255887998,0.0875120931472572,0.6055000000000006
268,1398,0.87375,74,0.6913693477430852,1.9162935331587905,0.47780459914601353,0.039243336151080235,0.7422882159885563,0.15055289040869752,0.0870354974319443,0.6044500000000005
269,1396,0.8725,74,0.6944578851496079,1.9107232864238437,0.47804299558606456,0.03834730324017141,0.7405952270427774,0.15057344025381558,0.08747588184680169,0.6045625000000004
270,1393,0.870625,75,0.7046714728871716,1.9220460971176985,0.47828582886597265,0.03810887990261014,0.7405952270427774,0.1505719310647379,0.08740252997684982,0.6044312500000005
271,1388,0.8675,76,0.7088496109153101,1.9233655391001232,0.47868833512597164,0.038919695816509864,0.7405952270427774,0.15049428407005028,0.08685120689377526,0.6038687500000005
272,1386,0.86625,76,0.7017113714600756,1.9021767805560943,0.47864447830183643,0.03877236173830516,0.7405952270427774,0.15051464134008358,0.08700962490546221,0.6035125000000005
273,1385,0.865625,74,0.7041506291822376,1.91196724759607,0.47890319000454756,0.039164884393834025,0.7405952270427774,0.1504706900571487,0.08764234806262668,0.6037562500000005
274,1381,0.863125,75,0.690106515179245,1.894832635443099,0.47868976333264335,0.038731579265993826,0.7405952270427774,0.15048147360483258,0.08759365641820578,0.6038125000000005
275,1384,0.865,77,0.6985968636406042,1.9043583885747966,0.4790792621838451,0.03955114331880238,0.7405952270427774,0.15054749767709777,0.08715079053001089,0.6031000000000005
276,1377,0.860625,75,0.6930103439177842,1.8936262489956321,0.478854894246018,0.03939949725629592,0.7405952270427774,0.15052691218129635,0.0869767890229941,0.6028562500000005
277,1385,0.865625,74,0.6899860455716166,1.8808716224111175,0.4789550146533465,0.039532850204564665,0.7405952270427774,0.15050076956591246,0.08694596578760903,0.6024250000000005
278,1372,0.8575,74,0.6787722007216798,1.8777022012648834,0.4788951189028941,0.03920283965770897,0.7405952270427774,0.1504771695763088,0.08743151555441608,0.6034750000000005
279,1373,0.858125,72,0.6718085836399948,1.8710508960141548,0.4788854787917722,0.03909345022791126,0.7405952270427774,0.15046498188118207,0.08761513090572849,0.6037750000000005
280,1373,0.858125,69,0.6635321698275767,1.8587159840017173,0.4784505310728547,0.03831296337377914,0.7405952270427774,0.15045186763827964,0.08747496023132587,0.6036250000000005
281,1361,0.850625,67,0.6704129206140066,1.8593463364955158,0.4790222110420159,0.03868044194389586,0.7405952270427774,0.15040489710626115,0.08694365244699102,0.6046187500000005
282,1374,0.85875,67,0.6648292625865133,1.8502264584431456,0.47880504862522255,0.038570021018478,0.7405952270427774,0.15038537639065627,0.08708853909729462,0.6036812500000005
283,1376,0.86,66,0.6580647353238828,1.8487542116956597,0.47931594448461823,0.038579092924171415,0.7405952270427774,0.15048675378391632,0.08773391725545007,0.6033812500000005
284,1373,0.858125,69,0.6643335189482233,1.8672182671123716,0.4796236059685146,0.0386867157537098,0.7405952270427774,0.15048199441007465,0.0870125534851656,0.6037562500000005
285,1380,0.8625,69,0.6515110853068561,1.8497068583231333,0.47943190747401426,0.038272476148073914,0.7405952270427774,0.15056124291208126,0.08748860471513556,0.6027437500000005
286,1382,0.86375,68,0.6408462577708903,1.8406943847203174,0.4794168797792099,0.036934948112322,0.49566364580907374,0.15058071442344823,0.08736529835447662,0.6030437500000005
287,1378,0.86125,70,0.6575178704869632,1.8613602097954232,0.4797504702452448,0.0375796972232344,0.5093064557445836,0.15056910636771811,0.08657897839131555,0.6028562500000005
288,1385,0.865625,70,0.6600839219626229,1.875645978091189,0.47933557913673497,0.03693963403259325,0.5093064557445836,0.15057359646173518,0.08654854170582837,0.6017125000000005
289,1389,0.868125,69,0.6643846721633103,1.897768337676847,0.47951014089702665,0.037073579837230454,0.5093064557445836,0.15058158527050544,0.08679323543239993,0.6009250000000006
290,1367,0.854375,67,0.643890701585512,1.8711956217614787,0.47922048717669535,0.03677465935256516,0.5093064557445836,0.15068672114543125,0.08775141214330096,0.6019937500000005
291,1361,0.850625,67,0.6429855489990172,1.8588182515431253,0.4792326551533777,0.03680658566983537,0.5093064557445836,0.15066506453261128,0.0869233398102943,0.6017125000000005
292,1373,0.858125,67,0.6423180760942183,1.8438132885645202,0.4793829687257169,0.036931724581925174,0.5093064557445836,0.15059510764629588,0.08676705043870706,0.6013937500000006
293,1371,0.856875,68,0.6482352231512565,1.8593153006397967,0.47935953996357633,0.037164971304925236,0.5403086453196123,0.15059980733438658,0.08728827480344885,0.6014125000000006
294,1363,0.851875,67,0.6517230528809949,1.873357561700291,0.4793692983986557,0.037243686453927095,0.5403086453196123,0.15063544600728307,0.08677149925116061,0.6015250000000005
295,1358,0.84875,65,0.639647354937863,1.8512763148937423,0.4788975846337786,0.03675936664376384,0.5403086453196123,0.15066176425074562,0.08675514478736016,0.6019187500000005
296,1354,0.84625,65,0.6318244011565862,1.835286888928785,0.4784721461110441,0.03736306768743736,0.7313228118942073,0.15057727484938613,0.08700051317224575,0.6017312500000006
297,1344,0.84,65,0.6189103198416118,1.8240129495832116,0.47798779855870793,0.03679262083811885,0.7313228118942073,0.15057746256099613,0.08697021530535774,0.6018812500000006
298,1344,0.84,64,0.6138014214120553,1.8078267744326988,0.4775606255358301,0.0351097110443169,0.6619973931885438,0.15051176213121784,0.08705708472607208,0.6030250000000006
299,1345,0.840625,64,0.6159881022190813,1.8150182569720736,0.4775875460790048,0.03507923710039379,0.6619973931885438,0.15049479685587674,0.08764213529112627,0.6030625000000006
300,1347,0.841875,64,0.625982412335649,1.824340148770392,0.47772716931484926,0.03563516807610021,0.6619973931885438,0.1505616221362259,0.08683198661470677,0.6033062500000006
301,1351,0.844375,67,0.640740654844676,1.849229129474195,0.47818069872287794,0.03588708418907107,0.6619973931885438,0.15053839144098177,0.08680641467568993,0.6029312500000006
302,1368,0.855,64,0.6344277591098029,1.819964498081636,0.4785838215477831,0.03516794327802949,0.47098322661394876,0.15052927994112927,0.08727056585891974,0.6015062500000006
303,1368,0.855,64,0.6347162236083044,1.8340240658417706,0.47842377658220014,0.034303261097444096,0.4892627526990256,0.15057358901226833,0.08669741188161138,0.6007937500000007
304,1363,0.851875,61,0.6313895430268633,1.8258451088689502,0.47847830974553446,0.03407487635645329,0.4892627526990256,0.15057721737203453,0.08746828734234624,0.6013562500000006
305,1384,0.865,66,0.6359268918020164,1.839364836322384,0.47869078693326655,0.03422534309287087,0.4892627526990256,0.15056705460102762,0.08729614766414767,0.6001562500000006
306,1386,0.86625,67,0.6600006377260397,1.867113274683912,0.4788014034450806,0.03540111196059931,0.5447591171229618,0.1505799043499276,0.08701854607828095,0.6002875000000006
307,1371,0.856875,61,0.6423028060415045,1.8381482431938032,0.47864157332401225,0.034904032150257086,0.5447591171229618,0.15065063452118335,0.08698007946156851,0.6010375000000007
308,1359,0.849375,60,0.6339950137771511,1.8268207725327172,0.4780941309840913,0.03402541453871993,0.5447591171229618,0.15067076485206593,0.0871411209760148,0.6003250000000007
309,1363,0.851875,62,0.6418359636879271,1.8300733763916242,0.47819925276725883,0.034367536381016986,0.5447591171229618,0.1506137489049098,0.08726760778861939,0.6001375000000007
310,1364,0.8525,62,0.6483929579002016,1.8168597299754605,0.4781905265493271,0.03444407730074266,0.5447591171229618,0.15063886454361552,0.08793294221809414,0.6006437500000006
311,1373,0.858125,62,0.6516042172485599,1.812163847608875,0.4778855253989727,0.03477953767221357,0.5447591171229618,0.15056638749639129,0.08692576217461705,0.6001750000000007
312,1372,0.8575,63,0.6453662621594664,1.8079264695446715,0.477682219337685,0.0344511905420858,0.5447591171229618,0.15058610736253217,0.08722783392812913,0.6002125000000007
313,1378,0.86125,65,0.6541185423742921,1.8195824581619833,0.47769016183071455,0.03497644569225863,0.5447591171229618,0.1506635614083548,0.08667624381046314,0.5997437500000007
314,1374,0.85875,64,0.6446778783881224,1.799499185037591,0.4775635050283277,0.03511540837354859,0.5447591171229618,0.15070151789967656,0.08695487697373809,0.5991625000000006
315,1379,0.861875,65,0.6551216025337346,1.8061578772451652,0.47751560559730505,0.03526350469036443,0.5447591171229618,0.150759131603898,0.08615052020949886,0.5978312500000006
316,1358,0.84875,66,0.6684218875278009,1.8222543957154083,0.477660770427691,0.03525078053229668,0.5447591171229618,0.1507279196563937,0.08661401461469377,0.5981875000000006
317,1370,0.85625,66,0.6644097266544059,1.8212733447382052,0.47737561367234377,0.03539798343854618,0.5447591171229618,0.15076039197321275,0.08662761682353351,0.5979062500000006
318,1374,0.85875,65,0.6490707691227029,1.8049798504384722,0.47713114243609994,0.03506185109615426,0.5447591171229618,0.15074489133577582,0.08654794759963681,0.5979437500000007
319,1367,0.854375,64,0.65490362322994,1.7953427201948453,0.4765831710767484,0.03493574860017592,0.5447591171229618,0.15072871148972777,0.08671427057904568,0.5982625000000006
320,1369,0.855625,64,0.6583039589180107,1.7938824981386403,0.47657998783734,0.03548292399210383,0.5447591171229618,0.15065974105038824,0.08648532761428107,0.5980562500000006
321,1373,0.858125,65,0.6708041086997711,1.805065867329914,0.4759821567395282,0.03555334844091691,0.5447591171229618,0.15063090363429454,0.08643452421763145,0.5973625000000007
322,1372,0.8575,67,0.6703843717890386,1.7990413947137065,0.4757520807247295,0.035644059024740014,0.5447591171229618,0.15058515121909014,0.08617236063451679,0.5979250000000007
323,1357,0.848125,69,0.6777756871519548,1.820691463176336,0.4762230853581818,0.03742805863945439,0.628960836722883,0.15059598966984947,0.08627546177636794,0.5982625000000007
324,1353,0.845625,69,0.6838474748156047,1.8199099218128427,0.4768754634833673,0.03786579394255027,0.628960836722883,0.150605646107126,0.08575649709437506,0.5982625000000007
325,1362,0.85125,70,0.6767317013112993,1.811891078965174,0.4766122308376047,0.037406300587719515,0.628960836722883,0.15055804025647143,0.08668946515985662,0.5983187500000007
326,1367,0.854375,70,0.6744259699733222,1.808400880486266,0.47651486876963617,0.037161410148351476,0.628960836722883,0.15061273532578853,0.08605752788427085,0.5983937500000007
327,1364,0.8525,69,0.6796958456280756,1.8229491311229988,0.4765217735147314,0.03761080899644025,0.628960836722883,0.1506569246544665,0.08650778833989946,0.5974375000000006
328,1375,0.859375,70,0.6781138708101919,1.8310399374251611,0.4762248817659585,0.03707720591940122,0.628960836722883,0.15075168278802725,0.08564601830751849,0.5966500000000007
329,1365,0.853125,68,0.66041283959161,1.803910862118682,0.4761517022219426,0.03674170003010776,0.628960836722883,0.1507575449558914,0.08637675076617886,0.5969687500000007
330,1366,0.85375,69,0.6758364202992854,1.8134161274128817,0.4766254485963351,0.038546020644431044,0.628960836722883,0.1507383663331414,0.08608822276634948,0.5970250000000007
331,1379,0.861875,69,0.6895761575349211,1.821927231561148,0.47706546401859967,0.039212704105282374,0.628960836722883,0.15072243172740127,0.08570653762394531,0.5961625000000006
332,1398,0.87375,67,0.6814974813308805,1.8091024427318314,0.47678130267056706,0.03848469536273106,0.628960836722883,0.15076136673686524,0.08607504677464183,0.5946625000000006
333,1391,0.869375,69,0.6910491396998308,1.823359947981025,0.4771051307427059,0.039160750534462385,0.6806500680473039,0.15072241893221502,0.08647170475855351,0.5944375000000006
334,1385,0.865625,66,0.6856583055219777,1.8105575027485707,0.47707760202669147,0.03903563241251109,0.6806500680473039,0.15075872919633423,0.08556727317891759,0.5945687500000006
335,1387,0.866875,65,0.6930296580054793,1.820158138669078,0.4772427318065775,0.039269386421847685,0.6806500680473039,0.15081438267342898,0.08564073554340605,0.5938187500000007
336,1385,0.865625,65,0.684063014839151,1.8090763498629718,0.476748332411726,0.038814645239242385,0.6806500680473039,0.1507585040148291,0.08527929686314022,0.5937250000000007
337,1384,0.865,65,0.6895678190393,1.8325121378988127,0.47731084730790396,0.03869458040853064,0.628960836722883,0.15076598508437347,0.0857247074578085,0.5924875000000007
338,1396,0.8725,67,0.6832406910605325,1.8225701600489643,0.47720647762402374,0.038430511296123966,0.628960836722883,0.15075465885877154,0.08536138774864425,0.5914750000000008
339,1391,0.869375,67,0.6934134829339952,1.8432907518304897,0.477663302235481,0.03889905409937103,0.628960836722883,0.15083608546349547,0.08554427525007292,0.5911750000000008
340,1380,0.8625,67,0.6792457086941323,1.8316922005472558,0.47701255430096573,0.03788841139215221,0.628960836722883,0.15081260203631228,0.08556006078973699,0.5906687500000007
341,1368,0.855,65,0.6703486483937675,1.820654005277059,0.4768190436916614,0.03770423992242366,0.628960836722883,0.15084347487835134,0.08574816942608623,0.5911187500000008
342,1374,0.85875,64,0.6597665337829912,1.8097886440472024,0.4770745483261125,0.0372073035031846,0.628960836722883,0.15084270924493495,0.08564760202783407,0.5906687500000006
343,1389,0.868125,66,0.6638963317014058,1.8231008557094048,0.47690204608924003,0.03676001947997579,0.628960836722883,0.15080278772372296,0.0854831597219613,0.5896187500000007
344,1392,0.87,66,0.6570405334259124,1.832100575601212,0.4769294602511968,0.03572835516557677,0.628960836722883,0.1508088731253593,0.08543478631221309,0.5893562500000007
345,1379,0.861875,64,0.6617894540077774,1.8338399992598302,0.4770752104718837,0.03459116742893302,0.5447591171229618,0.15087569362142966,0.08567294675328384,0.5896750000000007
346,1363,0.851875,62,0.6536972144121679,1.8215310765453576,0.4771885534040625,0.0342369549371516,0.5447591171229618,0.1508346084026447,0.085321014899067,0.5897875000000008
347,1377,0.860625,63,0.6537044400662915,1.8232703350102053,0.477028149716842,0.03427659888869068,0.5447591171229618,0.15080124804419395,0.08548404322629069,0.5894687500000008
348,1366,0.85375,64,0.6605877793966999,1.826307530070947,0.47709187912144546,0.03510685947521977,0.5447591171229618,0.15080146324033408,0.08561548463971311,0.5895250000000007
349,1355,0.846875,63,0.6530582012647987,1.8175401787797063,0.4767895581527602,0.035108215096910485,0.5987182083115993,0.15078114626860087,0.08493968580821101,0.5893000000000008
350,1358,0.84875,65,0.6653071545893109,1.8438755442478123,0.476921113041694,0.03566737744465388,0.5987182083115993,0.15081837857782507,0.08560558537588639,0.5899000000000008
351,1352,0.845,65,0.6671039497832659,1.8508630405940445,0.4770524782863571,0.035923035516146715,0.5987182083115993,0.15081087540247395,0.08547645100362945,0.5903500000000007
352,1350,0.84375,63,0.6686318857495448,1.8590719803348117,0.4772406575060824,0.035753432571141386,0.5987182083115993,0.15078112160043877,0.08519042565532361,0.5901437500000007
353,1348,0.8425,61,0.6761683279128522,1.8597723089869667,0.4775567506571526,0.03619765499092019,0.5987182083115993,0.15079342235992702,0.0850885139709968,0.5901812500000009
354,1374,0.85875,60,0.6764482016971707,1.8550047846860402,0.4778257563119313,0.03631662737790724,0.5987182083115993,0.15078224307002913,0.08486364024152361,0.5890750000000007
355,1373,0.858125,58,0.6664504531887029,1.8445237054772088,0.47776058820829487,0.03594272252216435,0.5987182083115993,0.15081315283180094,0.08532877676775596,0.5893187500000008
356,1375,0.859375,54,0.6506495864117585,1.8303528067747294,0.4774150025571207,0.034184289522267236,0.4734750190299052,0.15084805375968435,0.08516803674586003,0.5893187500000008
357,1377,0.860625,56,0.671324276458701,1.858803189830653,0.47797270119477875,0.03480406408215171,0.4734750190299052,0.15088067754416537,0.08573556342352665,0.5891500000000007
358,1380,0.8625,56,0.6691040304149665,1.870534205200166,0.4779094032720013,0.03476758357746294,0.4734750190299052,0.15088451453112817,0.08511881166672071,0.5892250000000008
359,1376,0.86,57,0.6732119479649608,1.8729399786015144,0.4775044647537404,0.036822138985874386,0.7141914543795538,0.15087358796616715,0.08583523299358416,0.5893937500000007
360,1370,0.85625,58,0.6886026988109594,1.8888050457588865,0.47791486247466447,0.03661785842390012,0.7141914543795538,0.1507983343093448,0.08549355223010723,0.5895062500000008
361,1390,0.86875,59,0.6767838526468414,1.8807863373105316,0.4778016838241841,0.036285322849170104,0.7141914543795538,0.15078322107941064,0.08555078939819752,0.5879875000000009
362,1393,0.870625,60,0.6698448725650669,1.8672183174107508,0.4776242950841634,0.03608196238770051,0.7141914543795538,0.15069015422344106,0.08511238415249714,0.5872000000000007
363,1401,0.875625,60,0.6631674028366941,1.864641870894334,0.4775203715485726,0.035940193498299085,0.7141914543795538,0.1507152671068827,0.08449595803942278,0.5861875000000007
364,1410,0.88125,59,0.6616422448933116,1.8639633003224343,0.4774670686487359,0.0360760855052623,0.7141914543795538,0.15070152905829784,0.08508164489288399,0.5843500000000008
365,1399,0.874375,56,0.6539146951303888,1.8626168059032082,0.4774393382586152,0.03502654742430521,0.7141914543795538,0.15070187342218153,0.08450974807963602,0.5840500000000008
366,1386,0.86625,57,0.6512808107832792,1.8690104325014252,0.47724997709217476,0.034967344578520285,0.7141914543795538,0.15073204665211953,0.08489847927804882,0.5843500000000009
367,1375,0.859375,57,0.6601247435323518,1.876401204446178,0.47722748300621737,0.03518098062211459,0.7141914543795538,0.15076379253548608,0.0848874478370204,0.5850625000000008
368,1379,0.861875,56,0.6493228285582261,1.8671514921633103,0.4769097826688034,0.03522069741825587,0.7141914543795538,0.15080991544029598,0.08459176828467115,0.5843500000000008
369,1377,0.860625,59,0.6734854615193081,1.9110265384537648,0.4769910868572166,0.03617689051787758,0.7141914543795538,0.1508286355614057,0.0844765842225242,0.5845000000000008
370,1380,0.8625,59,0.6747005104484615,1.9027741698582774,0.47699530328577155,0.03669839139750131,0.7141914543795538,0.15085971377041074,0.08464106644002267,0.5838437500000008
371,1374,0.85875,61,0.6814228804592876,1.9292098750426065,0.4769689541651501,0.036829969101392156,0.7141914543795538,0.15077853744599884,0.08420858819616481,0.5841625000000008
372,1374,0.85875,60,0.6722223289796797,1.917795522594794,0.47711294461890225,0.036231820434359976,0.7141914543795538,0.15080067158884986,0.08427599211356744,0.5837875000000008
373,1382,0.86375,60,0.6677025246419699,1.9150442361823914,0.47696990062716044,0.03548077002307248,0.7141914543795538,0.15076837680753588,0.08411957816987789,0.5829812500000009
374,1379,0.861875,59,0.6695471225315196,1.9255921756845729,0.4767151012288255,0.034820316723808115,0.7141914543795538,0.15075458827843555,0.08428434742421297,0.5835062500000008
375,1368,0.855,56,0.6689693054467187,1.9187306685093461,0.47700832920912617,0.03227135963774058,0.4070337925742362,0.15076369426888822,0.08461455868350926,0.5835062500000008
376,1367,0.854375,59,0.6888289087425832,1.9426592058177476,0.4777318967742048,0.03412054268506656,0.5374533508731344,0.15081220911234242,0.08488873079019835,0.5827375000000008
377,1361,0.850625,60,0.6870258165650716,1.9349077778101929,0.47752656482314354,0.034083527572227795,0.5374533508731344,0.15089049281605765,0.0844634008666764,0.5823812500000008
378,1364,0.8525,61,0.6820672467006603,1.9293869659591993,0.47740843399249144,0.03401881583665476,0.5374533508731344,0.15086259377312794,0.08456266804237021,0.5832812500000009
379,1387,0.866875,64,0.6855045433067976,1.9413451916811881,0.4776863949821168,0.03447179708077009,0.5374533508731344,0.15083448361498533,0.0847146273878714,0.5822875000000007
380,1390,0.86875,63,0.677494670979103,1.9364254776226468,0.4772935887368043,0.03406902467905722,0.5374533508731344,0.15088657298673785,0.0846136426353047,0.5817812500000008
381,1385,0.865625,65,0.6830833895973485,1.9304382137349,0.4773873224217781,0.03817715218834102,0.8954889787785714,0.1509118253611928,0.0842094574964049,0.5811062500000008
382,1370,0.85625,63,0.6770616649482465,1.92264697664366,0.47710700131377143,0.03843587784662362,0.8954889787785714,0.1509877041939975,0.08416888841835088,0.5813875000000008
383,1360,0.85,66,0.6799373444358957,1.9390671378678601,0.47695687418909927,0.039087052636386864,0.8954889787785714,0.1510111658408178,0.0843109293249081,0.5818937500000009
384,1368,0.855,66,0.6892548044166938,1.9583813170556172,0.4773412110922888,0.03940209643219791,0.8954889787785714,0.15097190621735557,0.08385159240176271,0.5819125000000008
385,1386,0.86625,65,0.6835778876184827,1.9611442442756075,0.477205224270337,0.038379544292978233,0.8954889787785714,0.15104433297935171,0.08412975979644567,0.581087500000001
386,1370,0.85625,65,0.6939377835552222,1.9699183239125504,0.47709950693807734,0.03885176072911724,0.8954889787785714,0.15102588719849172,0.08440003026139738,0.5817625000000008
387,1385,0.865625,64,0.6779812871403671,1.9480411076687594,0.4769008589625393,0.03827521091205866,0.8954889787785714,0.15098606778067347,0.08425857005105393,0.5811250000000008
388,1382,0.86375,67,0.6864809961986699,1.9472157199037907,0.47677809265969684,0.03972651092340254,0.8954889787785714,0.15095824232073315,0.08393505205181187,0.580956250000001
389,1390,0.86875,67,0.679472284863863,1.9435880101433398,0.4764896557525589,0.039407904234753266,0.8954889787785714,0.15105816756675,0.08396497732755677,0.5806375000000009
390,1385,0.865625,67,0.67142125049622,1.926701503268971,0.47649487099198723,0.039611285368956084,0.8954889787785714,0.15092370159540902,0.08440850658902806,0.5809562500000008
391,1385,0.865625,67,0.6752140438977553,1.9427221101332657,0.476548811584465,0.03960111835038174,0.8954889787785714,0.1509720049350056,0.0842228996715827,0.5810312500000009
392,1399,0.874375,68,0.6768281976988275,1.9491962219162802,0.4765539229359336,0.03949213906851218,0.8954889787785714,0.15095360029584082,0.08351360506098746,0.5803937500000009
393,1403,0.876875,68,0.6748936246857897,1.94299549714537,0.4764264124921958,0.03974872780424586,0.8954889787785714,0.15094332486259116,0.08403073245546067,0.5795500000000008
394,1389,0.868125,68,0.6828741651219696,1.9566801864629317,0.4765928681021116,0.040257620300284395,0.8954889787785714,0.15096030955727807,0.0837165777448244,0.5796062500000009
395,1381,0.863125,71,0.6933382499296985,1.9859873762788682,0.47667509429891197,0.04049711509769009,0.8954889787785714,0.15090312730273608,0.08391662433379078,0.5795125000000009
396,1365,0.853125,71,0.6940436175150928,1.9825614520941053,0.47683749406412207,0.04064347024305403,0.8954889787785714,0.15097593251707664,0.08388194853901959,0.5805062500000009
397,1361,0.850625,69,0.7008633933873858,1.9872336455032342,0.4770461914448493,0.040867805734666675,0.8954889787785714,0.15095878928744982,0.0833126860857117,0.5803562500000009
398,1356,0.8475,69,0.687395227825231,1.9684947831463853,0.47659129097657227,0.04044721683183658,0.8954889787785714,0.1509592418182499,0.08414041328856882,0.5809000000000009
399,1362,0.85125,70,0.6922267260196912,1.968119456496294,0.47673870061264745,0.040503736805524986,0.8954889787785714,0.15090752955605924,0.08340748344421173,0.5806187500000008
400,1366,0.85375,69,0.6810542036086489,1.9374105317940415,0.4768716991497718,0.040533103278623854,0.8954889787785714,0.15090987930129174,0.08385118253002076,0.580712500000001
401,1380,0.8625,69,0.6902087267628648,1.9608523853519608,0.47703837952335115,0.040902760467325563,0.8954889787785714,0.1508603507233907,0.08421276682671355,0.5799812500000009
402,1385,0.865625,68,0.6792082114996845,1.9347476788254554,0.4768830664307243,0.040517597460974594,0.8954889787785714,0.1508609257641744,0.08350017240540482,0.5791562500000009
403,1393,0.870625,69,0.6831787395304757,1.943102726081404,0.47669382097173346,0.03889908116027172,0.6862676282092197,0.15078403811862187,0.0835781399544533,0.5780312500000009
404,1398,0.87375,71,0.6886453450582978,1.9503222011616927,0.4768531739494181,0.039205485728073676,0.7138311175534183,0.1506994105142635,0.08311019552388531,0.5772437500000009
405,1383,0.864375,71,0.6978826930568555,1.9671447905584964,0.47654164887028877,0.03953570567476871,0.7138311175534183,0.1507569534626777,0.08356676856493192,0.577318750000001
406,1390,0.86875,72,0.7095751726957019,1.9825985959839412,0.4768212571499977,0.03994018744212229,0.7138311175534183,0.15073926254372905,0.08297840429683338,0.576287500000001
407,1379,0.861875,69,0.7154799490711142,1.9776363731165842,0.47700856855265855,0.03991879035018202,0.7138311175534183,0.15073581150120738,0.0833992417384175,0.5769250000000009
408,1380,0.8625,70,0.7290739691971032,1.992291792287057,0.47747528345667134,0.040240781963684774,0.7138311175534183,0.15070596070115136,0.08310091478327966,0.5770000000000008
409,1376,0.86,69,0.7245860444502201,1.9828674732295322,0.47751117642448054,0.04006218333929284,0.7138311175534183,0.1506624467205918,0.08308935378951274,0.577525000000001
410,1380,0.8625,72,0.7454841090484464,2.009491397234738,0.4776785587696941,0.040962746469177684,0.7138311175534183,0.15062764262333184,0.08324092645534534,0.5771500000000009
411,1381,0.863125,72,0.733805547541688,1.9924978724413513,0.47744825965929855,0.04030149953789109,0.7138311175534183,0.15058090468200255,0.08338163771702299,0.5772812500000009
412,1392,0.87,72,0.7217455579975134,1.9749792785468911,0.4772877944705283,0.040668853302441584,0.7138311175534183,0.15061116256315948,0.08282444216827388,0.5764000000000009
413,1392,0.87,71,0.728850946332911,1.983429579338996,0.47694197381920794,0.03990747451926446,0.7138311175534183,0.15064489019471558,0.08309821694376564,0.576100000000001
414,1383,0.864375,67,0.725881607909905,1.9747509053799506,0.47690805473745707,0.039108609780169265,0.684323125374863,0.15067090382495665,0.08325363269823506,0.5764000000000009
415,1397,0.873125,67,0.7271479918614174,1.981633638968552,0.47699144149844985,0.03879976919744658,0.684323125374863,0.1505629332263602,0.08321026423956135,0.574993750000001
416,1391,0.869375,65,0.7164055337099304,1.9573388006137993,0.47683782451379214,0.03855506125878503,0.684323125374863,0.15057703967051797,0.08279919904194073,0.573925000000001
417,1373,0.858125,64,0.7205103130372035,1.969864737971029,0.47710569617850035,0.03876141704741343,0.684323125374863,0.15060571833667127,0.08315304912076732,0.574037500000001
418,1371,0.856875,63,0.7231082489723382,1.9802681518341654,0.47710286627679777,0.038948034781225584,0.684323125374863,0.15064987259290785,0.0826025122027827,0.5743000000000009
419,1357,0.848125,64,0.7140821486822629,1.9683793788378623,0.47664679135836135,0.03871777767686378,0.684323125374863,0.1507136094818854,0.0824088141728102,0.575050000000001
420,1359,0.849375,68,0.7353986657906944,1.986380443658125,0.4762750204082092,0.039949984715706564,0.684323125374863,0.15072027477000946,0.08261188642575538,0.574543750000001
421,1357,0.848125,68,0.7370065438024923,1.9888384912448114,0.47614946799797664,0.039041639260698896,0.684323125374863,0.15077330206255085,0.08270699137237748,0.5743187500000009
422,1349,0.843125,68,0.7385119861577703,1.9727133192750204,0.47639828579176174,0.03946694362584098,0.684323125374863,0.15082440822936663,0.08279980050789519,0.5743000000000009
423,1353,0.845625,70,0.747649028158884,1.994021641343546,0.4765722366871154,0.039671317385051585,0.684323125374863,0.1508091596842265,0.0829834720147219,0.5750687500000009
424,1351,0.844375,71,0.7606044926353223,2.02001314637421,0.4766233609784925,0.03990599702121639,0.684323125374863,0.15085143650269725,0.08281830671720772,0.575125000000001
425,1345,0.840625,72,0.7718167086517105,2.017413758959094,0.47655611033212514,0.04117059247704058,0.684323125374863,0.1508335616775696,0.08283273969986969,0.5762500000000009
426,1345,0.840625,73,0.7596691623185053,2.0068810338906715,0.4765952999768757,0.04070429608727182,0.684323125374863,0.15083222526171994,0.08320317721555893,0.576531250000001
427,1340,0.8375,72,0.7658672169195208,2.0035728031011226,0.4767760425792649,0.04054716147839819,0.684323125374863,0.15073078148717148,0.08302937982658144,0.576906250000001
428,1325,0.828125,74,0.7721794298431207,2.019348214856316,0.47670925477116227,0.04048720415972165,0.684323125374863,0.15080093719408,0.08344134220171501,0.578275000000001
429,1321,0.825625,74,0.7878450578803367,2.04171471716617,0.47699980341545933,0.042083020447113276,0.684323125374863,0.15070579554633393,0.08337960923743053,0.5793437500000009
430,1326,0.82875,73,0.7724845548050624,2.027882058731979,0.4766428815475666,0.04176532915132957,0.684323125374863,0.15071224052336718,0.08354935777423732,0.5804312500000011
431,1332,0.8325,73,0.7665428482561901,2.0272329994016993,0.4766704234075861,0.041108829386184605,0.684323125374863,0.1507386742862813,0.08377708628976843,0.581687500000001
432,1332,0.8325,73,0.7712653827604052,2.0346682868513017,0.4764670569435528,0.041968120427326575,0.684323125374863,0.15069596030134486,0.08389695395987871,0.582231250000001
433,1351,0.844375,74,0.7720209870712482,2.038240488079474,0.47593969269549363,0.0420436362904674,0.684323125374863,0.15079669729901934,0.08352226077491107,0.581218750000001
434,1357,0.848125,73,0.7707810889763491,2.04436847232162,0.4761383776514008,0.04197619101578407,0.684323125374863,0.15085711437378754,0.08362201513497687,0.580281250000001
435,1353,0.845625,74,0.7725541855231496,2.0459128296247853,0.47590178520341025,0.0420425431746154,0.684323125374863,0.1508711571292191,0.08374993081545146,0.581237500000001
436,1369,0.855625,74,0.7840764836955111,2.0635872007111153,0.47611344835477865,0.04287587257958631,0.7777038650705753,0.15098715142648378,0.08362415872217946,0.581012500000001
437,1361,0.850625,71,0.7877202298049942,2.0690132704226016,0.47611062222858974,0.04347700575190204,0.7777038650705753,0.15100030704382253,0.0836811963991813,0.582175000000001
438,1347,0.841875,71,0.796050645848806,2.07987484930017,0.4761805212916664,0.043734172521691005,0.7777038650705753,0.15094376516176905,0.08437297717095815,0.583506250000001
439,1354,0.84625,71,0.7931636428303951,2.0674232354203186,0.4765895860094451,0.04365404942185444,0.7777038650705753,0.1509700932784207,0.08381475665175618,0.583525000000001
440,1363,0.851875,73,0.7918688314051344,2.087527735473958,0.4766295204478329,0.04274936775648,0.7777038650705753,0.15097064705821756,0.08418853027612341,0.5832437500000011
441,1363,0.851875,71,0.7844972591768627,2.069084389193188,0.4761863832799646,0.0424595252333816,0.7777038650705753,0.151032705014867,0.08380547142092956,0.583112500000001
442,1368,0.855,71,0.8047580616941141,2.10282872759099,0.47644071185145026,0.042807961689462964,0.7777038650705753,0.1510142360033649,0.08417113291767195,0.583431250000001
443,1363,0.851875,71,0.787755401923551,2.1011044581306386,0.4758854177355402,0.041558285238227854,0.7777038650705753,0.1510931562138144,0.08451545326070845,0.583562500000001
444,1365,0.853125,71,0.7943643430578277,2.1071694242589074,0.4758762796103908,0.041713460169111226,0.7777038650705753,0.1510968724593001,0.0838493789856539,0.5837125000000011
445,1367,0.854375,71,0.7996168885990662,2.1181898260405343,0.47577823734225677,0.04188987364612599,0.7777038650705753,0.15114673293842631,0.08383630229511727,0.5832437500000011
446,1365,0.853125,72,0.7910902330599833,2.1175677157452064,0.4760724090500819,0.04142445961274583,0.7777038650705753,0.15123951079117023,0.0842297621399809,0.583318750000001
447,1367,0.854375,69,0.7852164037178142,2.1047717189057935,0.4764614076301254,0.04135864172759656,0.7777038650705753,0.15115052413222688,0.08465486634114552,0.5834687500000011
448,1364,0.8525,70,0.7891197549810092,2.103279996240481,0.47621748365022415,0.04136909315524213,0.7777038650705753,0.15114689651714508,0.08413807636335122,0.583731250000001
449,1353,0.845625,69,0.7932216223120977,2.0904913678662442,0.47606679087399156,0.04160844607019459,0.7777038650705753,0.15105991068942462,0.0852863088590394,0.5845937500000011
450,1339,0.836875,71,0.8158347869635482,2.118778703167526,0.476751647536173,0.04261152568513279,0.7777038650705753,0.1509266128659686,0.08421152193863372,0.585306250000001
451,1357,0.848125,70,0.8024221616153202,2.1091322285981864,0.4768806385695087,0.042313970481099805,0.7777038650705753,0.15097515560189287,0.0843029567417775,0.584500000000001
452,1356,0.8475,68,0.7950058120738639,2.1013022472150023,0.47655177973620766,0.041506932220351817,0.684323125374863,0.1509142928447392,0.0840953688249874,0.5849125000000011
453,1365,0.853125,64,0.7923973487891831,2.068174636936475,0.47666147071071213,0.04118705539191235,0.684323125374863,0.15087505851760435,0.08375466435042087,0.5837687500000011
454,1358,0.84875,66,0.7929399427026153,2.0672582386935145,0.4773751352556994,0.04065176942778101,0.684323125374863,0.1508988189368525,0.08430016672562082,0.584312500000001
455,1362,0.85125,69,0.7941409278799105,2.0817192434531213,0.4766656370626894,0.04062172890362954,0.684323125374863,0.15094287174303891,0.0841570586317774,0.583881250000001
456,1362,0.85125,70,0.8034000535499338,2.1070746909874023,0.4771275678364568,0.04057111829514627,0.684323125374863,0.150948154342684,0.08409093289215701,0.5837687500000011
457,1350,0.84375,65,0.7721110800060503,2.0731964023281364,0.476880850340877,0.03958552591827717,0.684323125374863,0.15092149808113794,0.08469048641581299,0.584350000000001
458,1368,0.855,65,0.7788476896887754,2.0774657296468706,0.4769278798344931,0.040302357901986885,0.684323125374863,0.1510334896643832,0.0840745891291089,0.584162500000001
459,1377,0.860625,66,0.7714378573856401,2.0876115559622326,0.47698928530681073,0.04006984777021596,0.684323125374863,0.1510773646929723,0.08456289656962146,0.5836375000000011
460,1376,0.86,67,0.7730931842936619,2.0893686751705967,0.4769354684637494,0.040464358989310806,0.684323125374863,0.151075853157627,0.08484764418564074,0.584162500000001
461,1362,0.85125,66,0.7665767466449985,2.0817537207212045,0.4765311170481382,0.04011835404327339,0.684323125374863,0.15107430180946335,0.08403626901916142,0.5848937500000011
462,1356,0.8475,64,0.7696688331285403,2.076423748349427,0.4767449577990978,0.04034971863944538,0.684323125374863,0.15107515911348313,0.08452259891929649,0.5855125000000011
463,1360,0.85,65,0.762279699525347,2.0634173867537697,0.4763394146521233,0.040287259083168894,0.684323125374863,0.1511883117410806,0.08487274887038697,0.5858875000000011
464,1346,0.84125,66,0.774516140256965,2.080483070910634,0.4764163917069924,0.04101417899966705,0.684323125374863,0.15124190871731225,0.0844371488609358,0.5868625000000011
465,1355,0.846875,68,0.7673134245530813,2.0766539170519884,0.4763231115334734,0.041212588832552674,0.684323125374863,0.15126191024238989,0.08481339939742318,0.5868062500000011
466,1357,0.848125,67,0.7655782106525912,2.091598602587196,0.47679073429214275,0.03982166880174614,0.684323125374863,0.15129207896361965,0.08501298127230131,0.587125000000001
467,1378,0.86125,67,0.7591598201262793,2.0810959132901843,0.4767220482550739,0.03940145989320168,0.684323125374863,0.15132498444356074,0.08510090768502332,0.586506250000001
468,1381,0.863125,67,0.7611307091723317,2.0716385157199233,0.47679683628514163,0.03947996103595399,0.684323125374863,0.15121864024195192,0.08477467676834503,0.5867312500000011
469,1376,0.86,66,0.7593327376362569,2.066194170276794,0.4767050364451973,0.03935397029716084,0.684323125374863,0.15115897605875903,0.08517966061459249,0.5866000000000011
470,1379,0.861875,65,0.751035962867232,2.059511718074666,0.47635567983471916,0.038931608932679926,0.684323125374863,0.15118742103346666,0.08465908468047473,0.5859437500000011
471,1369,0.855625,62,0.7360835211810643,2.0366196296306525,0.4765630758346723,0.037880845630139395,0.684323125374863,0.1511986825215283,0.08479805735929813,0.5866375000000011
472,1363,0.851875,65,0.7617338990746385,2.0815099802053365,0.47703904931498203,0.03875237025491855,0.684323125374863,0.15110529874474102,0.08505592297052102,0.586918750000001
473,1376,0.86,64,0.7499407386082982,2.065955634363144,0.4768123585427512,0.0384038061764337,0.684323125374863,0.15117194692545105,0.08545002579283031,0.5857000000000011
474,1377,0.860625,65,0.7627072366690589,2.0812250184262315,0.47697901144805277,0.03667709365733186,0.4513878038919387,0.15120292785467276,0.08468650318903653,0.5849687500000011
475,1367,0.854375,66,0.7385715086023898,2.0569387351251653,0.4766280116812544,0.03558560586048183,0.4513878038919387,0.15124294544379988,0.08469636752634335,0.5847812500000011
476,1378,0.86125,67,0.7487175061443486,2.077591780531919,0.4763088609595226,0.03587890364216899,0.4513878038919387,0.15132390739648977,0.08513319520066978,0.5849500000000011
477,1355,0.846875,69,0.7610313450052149,2.099301341570053,0.47659580590801737,0.03696865233879194,0.49610914784150567,0.1514125759717319,0.08505596949209451,0.5853250000000011
478,1344,0.84,68,0.7452392748853922,2.085626894269733,0.47658299447252,0.036497070781709835,0.49610914784150567,0.15152963282794105,0.08480367637541397,0.5863000000000012
479,1361,0.850625,71,0.7538470918405359,2.1008768780426386,0.476874494045463,0.037055310358157005,0.49610914784150567,0.1515802931810775,0.0848761366817128,0.5857187500000011
480,1349,0.843125,68,0.7574972167662009,2.0855697215478086,0.4770736217542663,0.03723199689612823,0.49610914784150567,0.15155948983818415,0.08512694318329035,0.5865062500000011
481,1348,0.8425,67,0.7510561269374272,2.078196660945349,0.4770885001507837,0.037108980368752105,0.49610914784150567,0.15168764584777233,0.08517234932601751,0.5870500000000012
482,1371,0.856875,67,0.7403952924894392,2.064863081386278,0.4770110026200372,0.03678438870107195,0.49610914784150567,0.15176934822676758,0.08454669551328804,0.5858687500000012
483,1370,0.85625,66,0.7397319291053017,2.0595599596572502,0.4768744660863981,0.03663331074748847,0.49610914784150567,0.15158089530089905,0.08535473529167246,0.5861125000000011
484,1376,0.86,65,0.7354022985409312,2.0514226325955227,0.47661552561754256,0.036343993754622425,0.49610914784150567,0.15165890671901539,0.08530744637649255,0.5855687500000011
485,1383,0.864375,67,0.7386893514642546,2.0695340318439146,0.4771032297466099,0.03697993771974006,0.49610914784150567,0.15173607633046085,0.08477992485133275,0.5848000000000011
486,1402,0.87625,69,0.7375845231267113,2.073983324218798,0.47696991337311617,0.03692847272990247,0.49610914784150567,0.15170698558448886,0.08458658234042614,0.5833000000000012
487,1405,0.878125,72,0.7468008523629248,2.0964532103442224,0.4768322481428565,0.037276128511731954,0.49610914784150567,0.15180911124131483,0.08496300171371783,0.5826437500000011
488,1396,0.8725,73,0.7497127914238346,2.1010245442756834,0.47747882417505194,0.039629775278713156,0.7057644362564872,0.15184627326271827,0.08446941390132667,0.5823625000000011
489,1395,0.871875,74,0.7513363253772395,2.1153426889971194,0.4778199702044641,0.04006092810251469,0.7057644362564872,0.1518661590352717,0.08450198633939796,0.5818750000000011
490,1391,0.869375,74,0.7555711736768654,2.1080250139552597,0.4779466401953087,0.0402422119427435,0.7057644362564872,0.1518473496159282,0.08419216145747714,0.5818000000000012
491,1386,0.86625,72,0.7566884398636002,2.1084028511269612,0.4776443516514797,0.04064653580619657,0.7745509884700221,0.15191042629697035,0.08457864031403228,0.5817437500000011
492,1368,0.855,72,0.7523609681651571,2.1032976103402343,0.47795691298859794,0.040230542154635,0.7745509884700221,0.15188524148133298,0.08464441788832126,0.5822687500000012
493,1364,0.8525,72,0.7500628012492889,2.0941312431923507,0.4772729428687117,0.04043639469399072,0.7898845594904138,0.15188343293229428,0.08489839843846483,0.5827750000000012
494,1356,0.8475,70,0.7586559452189633,2.093914689232893,0.4772557676261636,0.040672442978443774,0.7898845594904138,0.15183861160899403,0.0844715906518552,0.5836187500000011
495,1362,0.85125,72,0.76210181119017,2.111787168683297,0.47689607725423666,0.04011443153826595,0.7898845594904138,0.15195700184193092,0.08532835310022835,0.5835250000000012
496,1346,0.84125,71,0.762605423175651,2.0972397383335912,0.47698748893059445,0.04048295326512921,0.7898845594904138,0.15192720206595636,0.08518734636217988,0.5848187500000012
497,1336,0.835,68,0.7538033622978785,2.0894254489525217,0.4762299751944993,0.03795535059023605,0.5802292710754322,0.15190445725187135,0.0851851211080496,0.5859437500000011
498,1372,0.8575,69,0.755580943700309,2.098436764592886,0.47642495994194095,0.0378603378103523,0.5802292710754322,0.15187626105599036,0.08443583433523527,0.5844250000000012
499,1387,0.866875,73,0.7638171832031861,2.11552408983434,0.4762483194314413,0.03836584042857383,0.5802292710754322,0.1518921670458547,0.08474074273898285,0.5840875000000012
500,1383,0.864375,75,0.7652362888311137,2.1253304030663966,0.47632808169118884,0.038311907932205874,0.5802292710754322,0.151901573945333,0.08521432557258819,0.5840687500000011
501,1389,0.868125,75,0.7605103046196191,2.125366451059425,0.47629108554674365,0.038189183589346046,0.5802292710754322,0.15194525809972664,0.08494580073951098,0.5831875000000012
502,1398,0.87375,74,0.7494403774933509,2.1121070562510766,0.47589603969977434,0.037235880971027695,0.5648957000550405,0.15197177030120348,0.08525984853271326,0.5830937500000012
503,1400,0.875,74,0.7530434958779734,2.130743355191345,0.4757886363483715,0.03726677932440317,0.5648957000550405,0.15206406384678947,0.08475888402251185,0.5825125000000013
504,1390,0.86875,72,0.7386663193101516,2.098196707783039,0.47554952923794513,0.03677128868019893,0.5648957000550405,0.15207449084012084,0.08479657151117899,0.5821750000000011
505,1380,0.8625,73,0.7468501928480605,2.113868953508342,0.475739217647949,0.03690943296156265,0.5648957000550405,0.15208642558622198,0.08528819301337442,0.5828125000000012
506,1373,0.858125,72,0.7495467449644923,2.1085983783138493,0.4757959119550292,0.037305248157131106,0.5648957000550405,0.15204466663391905,0.08472324736241303,0.5827375000000012
507,1374,0.85875,71,0.7555959660108803,2.112369841552112,0.47573783230185196,0.03722457077331587,0.5648957000550405,0.15209935863939605,0.08462728693298771,0.5823812500000013
508,1384,0.865,73,0.7439617288150157,2.114880164624473,0.4755793915820706,0.036379264693122165,0.5201743561054736,0.15216079546401692,0.08459771950812406,0.5815375000000013
509,1373,0.858125,73,0.7385312759684083,2.105579295483955,0.4753434970746275,0.03620335556047554,0.5201743561054736,0.15225680371456,0.08446333692282086,0.5816312500000013
510,1387,0.866875,72,0.7404507620957812,2.0972093275207184,0.47558029425167186,0.03635163659068595,0.5201743561054736,0.15213008870837583,0.0849168142699265,0.5805062500000012
511,1394,0.87125,73,0.7444025417648552,2.103281114546957,0.47585169815423844,0.03691570726399271,0.5201743561054736,0.1521546704550779,0.08452031537568325,0.5804875000000012
512,1400,0.875,72,0.736525676030149,2.0939434124712006,0.47498635581726134,0.03583809741269846,0.5201743561054736,0.15222177446370364,0.08440885798300032,0.5798687500000012
513,1399,0.874375,70,0.7310363421550701,2.0867655250570643,0.47496455458704584,0.03566455677926439,0.5201743561054736,0.15220044396837776,0.08423585596420646,0.5791562500000011
514,1393,0.870625,72,0.7419319520750075,2.1107085421139846,0.4752073164419576,0.035860050812070055,0.5201743561054736,0.15225287013670125,0.0841784158221647,0.5785937500000012
515,1388,0.8675,71,0.7383811519550362,2.1126531870321883,0.47535446978114715,0.03535190384486588,0.5201743561054736,0.1523037270776487,0.08471216697938572,0.5786875000000012
516,1384,0.865,72,0.7502892182402792,2.1251808507906382,0.4752434824484487,0.03562910219864994,0.5201743561054736,0.15231600696843195,0.08415008325439634,0.5783687500000012
517,1384,0.865,73,0.761427810797332,2.1408314052665443,0.47494540749713465,0.0361824829518614,0.5201743561054736,0.15233603418645486,0.08408278488229567,0.5782562500000012
518,1377,0.860625,75,0.7694338415510521,2.1493416446219387,0.4750693720980122,0.036357134165998804,0.5201743561054736,0.15236227121624982,0.08422194403766722,0.5784812500000013
519,1394,0.87125,78,0.7731627619452162,2.164025640128695,0.47452005558554533,0.03801457420028831,0.6655556956447539,0.15237040137173108,0.08383263455309352,0.5769437500000012
520,1380,0.8625,78,0.7824436608798845,2.174001887087882,0.4740549134656636,0.03859928783721621,0.6655556956447539,0.15234845267373068,0.0842552103209381,0.5767562500000012
521,1367,0.854375,75,0.7758587192263072,2.164690171229279,0.4739146530728234,0.038624344983509744,0.6655556956447539,0.1523220164280324,0.08367390291692381,0.5772437500000013
522,1365,0.853125,73,0.7819226331601286,2.166862001974848,0.4735105068580333,0.03915746298144105,0.6655556956447539,0.15230927775260356,0.08442161788672513,0.5768500000000012
523,1387,0.866875,76,0.784713464043237,2.174555642843406,0.4731041337737888,0.040007658615613124,0.6655556956447539,0.15235094442039454,0.08392346499933713,0.5752750000000013
524,1396,0.8725,76,0.7861843102305978,2.1756661747653387,0.47337026989778636,0.04016071605564388,0.6655556956447539,0.15234443741371115,0.0830676323258518,0.5744500000000012
525,1397,0.873125,75,0.7889253520472279,2.1862418508717294,0.47297529913800884,0.0398504029593303,0.6436418263523513,0.15233204204026057,0.08327589071145022,0.5740562500000013
526,1387,0.866875,78,0.7872876848776021,2.2051231675502256,0.4729378995662713,0.03964357252761768,0.6436418263523513,0.15231625687060155,0.08364066660172167,0.5741312500000012
527,1386,0.86625,76,0.7850438463892827,2.192695413610493,0.47301406076832525,0.0396618429375963,0.6436418263523513,0.15228574781325466,0.08311369851151837,0.5745062500000012
528,1365,0.853125,78,0.7783004934017036,2.1981223694831975,0.47300661523046944,0.03934918432282416,0.6436418263523513,0.15237483154030632,0.08387812963374902,0.5754250000000013
529,1383,0.864375,80,0.7766655946202451,2.2137246156086734,0.47226710848137354,0.039246297984550024,0.6436418263523513,0.15239280743530026,0.08365007905779775,0.5744312500000013
530,1372,0.8575,79,0.7649922999660613,2.1991424203363445,0.4721705052539698,0.03911768450002768,0.6436418263523513,0.1523419502631344,0.08303814763748588,0.5744875000000013
531,1368,0.855,81,0.7559007664422085,2.194157074597937,0.4715344783480752,0.03886954492711327,0.6436418263523513,0.15238801707187605,0.08367378843865363,0.5742250000000013
532,1374,0.85875,79,0.7560454505716037,2.191464816322731,0.4716662706867775,0.038340651689187856,0.6436418263523513,0.15240179280373822,0.08367172182899027,0.5735125000000013
533,1373,0.858125,76,0.7609862443571903,2.1967760775944996,0.4714307381611779,0.03831641018099276,0.6436418263523513,0.1523136384412334,0.08358755470838669,0.5735500000000013
534,1382,0.86375,76,0.7606123045569635,2.189454638911145,0.4711309191636872,0.03827692400480168,0.6436418263523513,0.15237998242483852,0.08301300332514121,0.5726500000000013
535,1372,0.8575,74,0.7583907406829371,2.1805880305547625,0.4716542012731568,0.03824433763184626,0.6570595924558066,0.15232596814401694,0.08315890706026549,0.5724812500000013
536,1356,0.8475,73,0.7692156581441545,2.191363538567475,0.4719602551478154,0.03882393130770825,0.6570595924558066,0.15233756706742962,0.0836521186267463,0.5731000000000013
537,1359,0.849375,72,0.7588440609558174,2.1701221953841254,0.4721812195616613,0.038642748930239335,0.6570595924558066,0.15229749040404153,0.08298016542350269,0.5727062500000013
538,1359,0.849375,73,0.7614052133440272,2.168045266602386,0.4723002129110881,0.03909703979864046,0.6570595924558066,0.1523499163226084,0.08350767793728113,0.5730437500000014
539,1372,0.8575,76,0.7617499700361404,2.174168361014445,0.4721206083944865,0.039442653842223264,0.6570595924558066,0.1522680792653396,0.0829983563629546,0.5720312500000013
540,1386,0.86625,75,0.7663991972597307,2.1731548717295097,0.4722500527016396,0.03906098294277389,0.6570595924558066,0.152331985208641,0.08340271620662516,0.5717687500000013
541,1380,0.8625,75,0.7545334512313888,2.16627039994766,0.4723915958982649,0.03923273081107997,0.6570595924558066,0.15239582276127359,0.08331303848549364,0.5715625000000013
542,1369,0.855625,75,0.7422096051896659,2.146012629985995,0.4718958179564328,0.03894891887550719,0.6570595924558066,0.1523971363695767,0.08325790059003857,0.5728187500000013
543,1377,0.860625,70,0.7333514029547684,2.1259338339289133,0.4718747641793054,0.03745828629348478,0.6570595924558066,0.15233606977878514,0.08330578944502023,0.5721062500000014
544,1371,0.856875,70,0.7362847252277004,2.135670602507151,0.4721977408390591,0.037257718986778834,0.6570595924558066,0.1521796163456908,0.08292973613495126,0.5720500000000013
545,1373,0.858125,67,0.7248011399136106,2.127810384928568,0.4725782894920419,0.0371418205841364,0.6570595924558066,0.1522196400589011,0.08318089642109133,0.5722187500000012
546,1399,0.874375,70,0.7245555193497989,2.1325981349849377,0.4726672353855047,0.03718845508010857,0.6570595924558066,0.15223501115234833,0.08347259473819196,0.5704937500000012
547,1389,0.868125,69,0.7159448202652483,2.125720857838244,0.47235217414359043,0.037965144446830815,0.6570595924558066,0.15224980266065283,0.08296698147139894,0.5710375000000013
548,1374,0.85875,70,0.7201601491321138,2.140913073683488,0.4722973833977786,0.0381083347023803,0.6570595924558066,0.15217342828143313,0.08286805865464945,0.5719562500000014
549,1369,0.855625,70,0.7235268675474803,2.1412512780857247,0.47225102724625245,0.038033478621559404,0.6570595924558066,0.15209655898771945,0.0837070481594217,0.5718812500000012
550,1359,0.849375,70,0.7221686806078585,2.1350384311831343,0.47228354832291036,0.038108995217674684,0.6570595924558066,0.15205651036632428,0.08264335114131459,0.5723500000000014
551,1382,0.86375,70,0.7225109294207327,2.1379804279087216,0.47246077136298614,0.038124714588016924,0.6570595924558066,0.1520701052044188,0.08292902800432024,0.5708125000000013
552,1375,0.859375,69,0.726034906465324,2.1274106330038056,0.4724155112949113,0.03824544919984612,0.6570595924558066,0.15211074969507812,0.08306134898911514,0.5720312500000013
553,1370,0.85625,67,0.7282435202662957,2.1348038304993353,0.47293377684953763,0.037065978679975006,0.6570595924558066,0.15207447712297367,0.08342448712527874,0.5721625000000014
554,1371,0.856875,70,0.728823689181471,2.1482109877051343,0.47283560377351097,0.03706350003975452,0.6570595924558066,0.1521378025706551,0.08315978900435729,0.5724062500000013
555,1370,0.85625,69,0.7249044706397592,2.1455287526189113,0.4729653443099561,0.03673356639299877,0.6570595924558066,0.15218981310083796,0.08348597449554604,0.5723500000000014
556,1370,0.85625,70,0.7320905721208172,2.164931053174401,0.4730732706624835,0.036783338032924204,0.6570595924558066,0.15221367459846755,0.0837987243399685,0.5727062500000013
557,1350,0.84375,67,0.7334551071735974,2.166658719516703,0.4732251798656925,0.036340113148290124,0.6436418263523513,0.15221318795571653,0.08349674538810777,0.5733812500000013
558,1357,0.848125,68,0.7394744837311568,2.1695461981109125,0.4729704308863155,0.03658315517880825,0.6436418263523513,0.15238692932310963,0.08352812445237193,0.5733812500000013
559,1362,0.85125,68,0.7468862262442647,2.1814371693828774,0.4733517260864108,0.03681564285039563,0.6436418263523513,0.15235927545197261,0.08385734946075141,0.5736250000000013
560,1364,0.8525,68,0.73751478987291,2.1745482025815197,0.47311495250619146,0.036647037201393645,0.6436418263523513,0.15239909345594851,0.08379009225555341,0.5734937500000014
561,1370,0.85625,67,0.7338374832441366,2.1634434496403387,0.47297170185679965,0.036237846262336317,0.6436418263523513,0.15243446076584177,0.08365935267697161,0.5732500000000014
562,1379,0.861875,66,0.7259618232103533,2.1646111570463273,0.4730900580063321,0.03588723483440259,0.6436418263523513,0.15241573380786705,0.08333160258937598,0.5731750000000013
563,1380,0.8625,67,0.7273935945840322,2.1769129948010835,0.47300238597618804,0.03575440116049686,0.6436418263523513,0.1523818663023272,0.08322748210038491,0.5728937500000013
564,1373,0.858125,68,0.7301724584708174,2.177602674787533,0.47251474336235993,0.03673099196021477,0.6806037814018087,0.152347971953864,0.08366759878256394,0.5729312500000013
565,1367,0.854375,69,0.7318093808263509,2.170594470539348,0.47228828820072954,0.03691992284904966,0.6806037814018087,0.15233571445431984,0.08382151045816379,0.5735500000000013
566,1372,0.8575,68,0.734563037248307,2.1690208866310594,0.4720154195412289,0.03660695459478422,0.6806037814018087,0.1523434737879106,0.08346155751393781,0.5734375000000014
567,1367,0.854375,68,0.7348734122010774,2.167716982422067,0.4724411025539739,0.03649210648897876,0.6806037814018087,0.15234321721347202,0.0840640452723828,0.5739812500000013
568,1371,0.856875,68,0.7333295185857638,2.1716206989581632,0.4727355546293337,0.03654119823902084,0.6806037814018087,0.15238363155576445,0.08415760834434498,0.5746187500000013
569,1367,0.854375,65,0.7095235660270933,2.1544738460050215,0.472584071438678,0.035717732100048284,0.6806037814018087,0.15249389691144558,0.084433199812335,0.5744312500000014
570,1367,0.854375,63,0.7016942116571313,2.1325842615002566,0.47276102995599933,0.03536733863476747,0.6806037814018087,0.15250687782677175,0.08441319336602462,0.5748250000000015
571,1387,0.866875,63,0.7044016300250543,2.1435340205551947,0.47261711044640264,0.03529428622752534,0.6806037814018087,0.15251202362064514,0.08451315686941398,0.5737562500000013
572,1386,0.86625,66,0.7119916916039319,2.159645861276716,0.4726311757490582,0.03637661591985743,0.6806037814018087,0.15259961250055154,0.0838877592780323,0.5736812500000014
573,1403,0.876875,66,0.7089422030941057,2.168541569624197,0.4727387971146085,0.03637579674863544,0.6806037814018087,0.15256741128985174,0.08347814434349735,0.5722562500000014
574,1388,0.8675,69,0.7203658314995395,2.178859068008578,0.47262307821664523,0.036716556044022824,0.6806037814018087,0.15261197116644096,0.08345120322527398,0.5717687500000014
575,1386,0.86625,71,0.7300730233250222,2.2056003660972965,0.47275572926313875,0.037978102933134784,0.6823014976537501,0.15271442143607591,0.08358533709655534,0.5713937500000014
576,1370,0.85625,70,0.7285677593340998,2.202648707801414,0.4727385029958583,0.03810429489600791,0.6823014976537501,0.15265168736720688,0.08347363240975425,0.5722187500000014
577,1368,0.855,70,0.7302660672177591,2.2082690532194693,0.4730647625833325,0.038971295095420744,0.82484627904831,0.1527339375564304,0.08300625161188596,0.5722937500000014
578,1348,0.8425,70,0.7414148420071018,2.2230759662979613,0.47290719756986266,0.03912101469501113,0.82484627904831,0.15279217780347762,0.08341759378059023,0.5728750000000014
579,1336,0.835,69,0.7394478552609481,2.2215773263923055,0.4728748126724592,0.039046103879479224,0.82484627904831,0.15281869798089398,0.08358395900076462,0.5738125000000014
580,1354,0.84625,68,0.7382320731888086,2.218431251306912,0.4725804418810003,0.03850500942929182,0.82484627904831,0.15285072280246434,0.08370756545747912,0.5732875000000014
581,1347,0.841875,66,0.7424396054030887,2.2280306133381518,0.47314346482862246,0.03818901857296367,0.82484627904831,0.15283115529298794,0.08348291257064128,0.5735125000000013
582,1353,0.845625,66,0.7508981397863956,2.2434758544705327,0.4740591484668899,0.036163706829943056,0.7878843239988527,0.15275188564304043,0.08405256829613007,0.5732500000000015
583,1359,0.849375,68,0.7514548184769935,2.2488966626161178,0.4736738478177741,0.03798505518175446,0.7911510001050844,0.15272886799247085,0.08376850424569565,0.5729687500000015
584,1351,0.844375,68,0.7336094675668916,2.2211812063364045,0.4731526191719137,0.03628660225540203,0.6469085024585831,0.15282874801293891,0.08408938218861452,0.5736625000000014
585,1347,0.841875,70,0.7389291603763531,2.246344156496341,0.47335736442156723,0.034715065362480986,0.6436418263523513,0.15291570111056166,0.08410030955926877,0.5735312500000014
586,1344,0.84,70,0.7475088573123524,2.2528302927313506,0.4737019011628216,0.03501283709155866,0.6436418263523513,0.152919940812594,0.08425397043019138,0.5744125000000014
587,1372,0.8575,68,0.7525440464331677,2.2556467566100524,0.47338994007736956,0.03591865279917202,0.6436418263523513,0.15292647084177707,0.08425876985210362,0.5739812500000013
588,1372,0.8575,69,0.7624509503548534,2.2761367418924743,0.47399018216565947,0.03586797673618543,0.6436418263523513,0.15291025228476954,0.08460637864877979,0.5738125000000014
589,1377,0.860625,67,0.7634280351508831,2.2660763653626796,0.47431886600861767,0.035529046014488565,0.6436418263523513,0.15304918930579473,0.08417471029295914,0.5737000000000014
590,1353,0.845625,64,0.7483908196149687,2.2393344446678816,0.4742823032988601,0.03502781667276115,0.6436418263523513,0.15302118093280156,0.08430326055280668,0.5753312500000014
591,1351,0.844375,65,0.7579465844614826,2.2434157762803397,0.47427808331759447,0.036011174567694766,0.6436418263523513,0.1530433098795845,0.08456150842736919,0.5761750000000014
592,1365,0.853125,65,0.7547300973896358,2.244915482173349,0.47407816960326055,0.03541472174433047,0.6436418263523513,0.1530606993447435,0.08424838152015189,0.5761000000000014
593,1368,0.855,64,0.7528798657241921,2.232217170240026,0.4736677875485956,0.035380574490209066,0.6436418263523513,0.1531655704498003,0.0843199152633835,0.5754250000000014
594,1372,0.8575,63,0.7537542867199256,2.2321894104342284,0.473920525663686,0.03564284389339115,0.6436418263523513,0.15319487916084756,0.0844377971430318,0.5753687500000014
595,1367,0.854375,61,0.7573815952754478,2.221081725616559,0.4737358310702922,0.03569954176138067,0.6436418263523513,0.15311409914357169,0.08424652599017085,0.5751437500000014
596,1357,0.848125,60,0.7463726104006977,2.2051023390187563,0.4736451413442083,0.034480003130215944,0.6436418263523513,0.15310214924979373,0.08485031802517826,0.5762500000000014
597,1358,0.84875,60,0.7468837851041732,2.2083308922718556,0.4737551610560912,0.034848717583677656,0.7123773238174947,0.15318785735403617,0.08389047692319011,0.5759500000000015
598,1357,0.848125,62,0.7498569741894796,2.2186662790778895,0.4739319861251449,0.035008874376557336,0.7123773238174947,0.1532446349972375,0.08424663823119538,0.5760250000000015
599,1365,0.853125,62,0.7481463927633072,2.2305743911346783,0.4737449407316796,0.035306388066203793,0.7123773238174947,0.15314814016873282,0.08417236703209573,0.5756500000000014
600,1367,0.854375,63,0.7497744784621907,2.233781882107965,0.47393611845864225,0.0349656080111212,0.7123773238174947,0.15310788621625854,0.08488867789371723,0.5759125000000015
601,1380,0.8625,61,0.7436295419197603,2.217364058166561,0.4740147144937849,0.03484016352683117,0.7123773238174947,0.1531604092815226,0.08442920843810432,0.5759312500000014
602,1394,0.87125,62,0.7460367447747264,2.2167324585925163,0.4741062040202533,0.03544405861770622,0.7123773238174947,0.1531139516701435,0.084581930171637,0.5749187500000015
603,1380,0.8625,61,0.7558734613760598,2.2122544924863834,0.4741225003279522,0.03562960676149462,0.7123773238174947,0.15330128677162927,0.08402175871549394,0.5746937500000014
604,1394,0.87125,61,0.7442907016988923,2.1861903937521303,0.47389947449225117,0.03543460484779328,0.7123773238174947,0.15321014274914488,0.08433377891597357,0.5742062500000015
605,1395,0.871875,60,0.7388424274290014,2.176662167820798,0.47408404005381544,0.03540367410829401,0.7123773238174947,0.1532734510355352,0.08476942466212047,0.5735125000000015
606,1399,0.874375,60,0.7512410588663746,2.2009003648835685,0.47443900915060105,0.03600941924793879,0.7123773238174947,0.15330203539734114,0.08414559591886245,0.5728562500000015
607,1390,0.86875,60,0.7532669928472224,2.207624669265235,0.47392600890770903,0.03561729263092341,0.6524704912401246,0.15328482405520485,0.08408610972161094,0.5724250000000015
608,1397,0.873125,60,0.7419951147007472,2.2084248032915865,0.47370221142783997,0.03515157965568643,0.6436418263523513,0.1532322004134864,0.08385250820052097,0.5714687500000015
609,1389,0.868125,60,0.743492528894795,2.1964370489422596,0.4741097316879543,0.03551398065695436,0.6436418263523513,0.15323944020281705,0.0839025881561144,0.5705875000000015
610,1380,0.8625,59,0.7454312980953586,2.2051322620303506,0.4740371430843405,0.03550050881571003,0.6436418263523513,0.1531007939600263,0.08402603889351774,0.5708312500000016
611,1380,0.8625,59,0.7407135625271986,2.2037124804320096,0.473927413970776,0.03515818520966328,0.6436418263523513,0.1531592208243317,0.08353397192314999,0.5703250000000015
612,1373,0.858125,59,0.7421928577246517,2.205135435497132,0.47424221462706134,0.03520819238113655,0.6436418263523513,0.1532354539791308,0.08343185178148076,0.5705125000000014
613,1367,0.854375,58,0.7513152383778858,2.211406585826259,0.4744609173058363,0.03557029205931946,0.6747241711085231,0.15333927836591696,0.08393200332324398,0.5710000000000015
614,1372,0.8575,58,0.742922222858867,2.1929781633151793,0.4741597025372472,0.035302880126567175,0.6747241711085231,0.15336868275608911,0.08458005165172743,0.5712250000000014
615,1372,0.8575,63,0.7461994536160658,2.214309446816377,0.47387853947367276,0.03539696564098527,0.6747241711085231,0.15341718293921533,0.08370523943954347,0.5706062500000015
616,1361,0.850625,64,0.7405554871403587,2.203912045840042,0.4733945639827464,0.035219696647012126,0.6747241711085231,0.15342759221753097,0.08393886296980982,0.5713187500000015
617,1357,0.848125,64,0.7513606624070808,2.1982706157002156,0.4736383047292885,0.035599683721668794,0.6747241711085231,0.15348944748167767,0.08352385158280473,0.5717125000000015
618,1345,0.840625,64,0.7428871513691354,2.194373673838,0.473506059131449,0.03535123637440392,0.6747241711085231,0.15355058568959826,0.08439833483588005,0.5727250000000015
619,1353,0.845625,65,0.7293648225759568,2.1943008214125532,0.47325325347669295,0.034568256914187336,0.6747241711085231,0.15346122653617256,0.08457621682484057,0.5724437500000015
620,1345,0.840625,62,0.7334685691291168,2.2007646666602327,0.47305020350122473,0.03438974356714813,0.6747241711085231,0.15359696179308607,0.08379535066550534,0.5733625000000014
621,1377,0.860625,63,0.7375957529811402,2.19600351982962,0.47343560247199645,0.0346448457866309,0.6747241711085231,0.15362570969585948,0.0846878858214826,0.5724625000000014
622,1371,0.856875,63,0.7154479166714955,2.168700063345356,0.4733941074027794,0.034103703827757806,0.6747241711085231,0.15361289811686268,0.08447880249481139,0.5730437500000015
623,1361,0.850625,61,0.7165702069762736,2.170872588429481,0.47347267236893154,0.03326309531121046,0.6747241711085231,0.15362867090818788,0.0847981786310792,0.5735500000000014
624,1382,0.86375,62,0.7145248242831305,2.164946146284634,0.4732259107030999,0.03283831405604384,0.6747241711085231,0.15364649978334866,0.08448275127997001,0.5721812500000015
625,1387,0.866875,63,0.7085004252623428,2.1678651178524686,0.47352130994043257,0.0327325970732425,0.6747241711085231,0.15371242048112274,0.08438420189856755,0.5717500000000015
626,1392,0.87,63,0.7151818648264804,2.181758687028632,0.47352841035338183,0.032841334211806926,0.6747241711085231,0.15373312603374295,0.08403980250758272,0.5708125000000015
627,1400,0.875,63,0.7236511990476591,2.194446443951826,0.4736611868033121,0.03357713245761163,0.6747241711085231,0.1537877435529621,0.08450320927113797,0.5703812500000015
628,1395,0.871875,65,0.7172071995633562,2.1780452267788823,0.47350823735821546,0.0335636210375031,0.6747241711085231,0.15385410212601613,0.08426281312354982,0.5692562500000016
629,1390,0.86875,66,0.7267397772763446,2.1909470049678137,0.47367396675368784,0.03181218406403684,0.4766004448401212,0.15384056737232044,0.08458740718761969,0.5691062500000015
630,1398,0.87375,68,0.7326365306157379,2.2021730521986287,0.47359204337987926,0.031770452930537915,0.4766004448401212,0.1539091041535626,0.08451301901476022,0.5688250000000015
631,1385,0.865625,71,0.7488710943002926,2.2381946064161373,0.47389212316770696,0.03228323474192054,0.4766004448401212,0.15386108327680548,0.08412054506344044,0.5690875000000015
632,1397,0.873125,69,0.7489282340322163,2.2428992443871336,0.4740283956408995,0.03220772372616101,0.4766004448401212,0.15384647007231614,0.08380449585928496,0.5686187500000015
633,1395,0.871875,72,0.7379211686614495,2.234701789212727,0.47375717254806426,0.03161733827702737,0.4766004448401212,0.1537517321238571,0.08404187056846982,0.5684687500000015
634,1397,0.873125,73,0.7484095506993571,2.24489775830339,0.4739750589706371,0.0320603999033008,0.4766004448401212,0.15377938768930827,0.08399366555268149,0.5681125000000016
635,1374,0.85875,71,0.74775947876758,2.238349222940701,0.4736780431576801,0.032595598857441385,0.5283998106616181,0.1537196796635007,0.08416699510972794,0.5676625000000015
636,1382,0.86375,72,0.7490634025566254,2.2378337743094914,0.47401124145274814,0.03284048635043098,0.5283998106616181,0.15383850278648248,0.08403404896102126,0.5669312500000016
637,1376,0.86,71,0.7546552693416809,2.2451683268831912,0.4739613301506157,0.033382586793381575,0.5283998106616181,0.1538653013677616,0.08342294946921214,0.5675687500000015
638,1374,0.85875,74,0.7624562328757207,2.2670986862805953,0.474008580979448,0.033733228812934765,0.5283998106616181,0.1537936312414058,0.08418602142525088,0.5678687500000015
639,1388,0.8675,76,0.7620520178188587,2.2676509219639334,0.4742046746991343,0.033037105277069816,0.4766004448401212,0.15375218004705493,0.08360144118739446,0.5664250000000015
640,1382,0.86375,76,0.7602770580029836,2.2611102813886097,0.47434688416079657,0.03315347590581804,0.4766004448401212,0.15385999952047216,0.08341535019716663,0.5660687500000016
641,1382,0.86375,75,0.7660728207643365,2.269458192246676,0.4745914412004407,0.033055464200420194,0.4766004448401212,0.15385531229379562,0.08404199701244008,0.5660687500000016
642,1389,0.868125,77,0.7690637289626556,2.2748375515105033,0.4745097786065087,0.03367020430024494,0.4766004448401212,0.15387397520953766,0.08324078401436151,0.5660125000000016
643,1381,0.863125,75,0.7779287761861119,2.2709732626787376,0.47501695130738564,0.03407247810663473,0.4766004448401212,0.1539397957819107,0.0830634461256657,0.5665562500000015
644,1380,0.8625,75,0.7816794961794873,2.283313048483454,0.47471494940664566,0.034464859453703346,0.4793434936179617,0.15399869918802017,0.08377900450786444,0.5664062500000016
645,1368,0.855,73,0.7730177214407246,2.2697795215611545,0.47492038836892814,0.03401928529491948,0.4766004448401212,0.15401260052346263,0.08322906746102464,0.5664812500000016
646,1375,0.859375,73,0.7813825442527779,2.27997898946581,0.4750075122381803,0.03414049111422302,0.4766004448401212,0.154091934140898,0.08360946185292555,0.5666687500000016
647,1374,0.85875,73,0.775595504861958,2.2690866281466997,0.475010500675668,0.033782074775246806,0.4766004448401212,0.1542652716772563,0.0834718683070406,0.5663312500000015
648,1368,0.855,72,0.765632634897407,2.2467816983225575,0.47488959277847664,0.03372151310020746,0.4766004448401212,0.15419912191827748,0.08360233021988481,0.5664250000000015
649,1376,0.86,72,0.7376573591743467,2.2303659828648335,0.47474576189471457,0.03241325871622753,0.4766004448401212,0.15418626083208495,0.08429431322828085,0.5662000000000016
650,1381,0.863125,68,0.7393583205837182,2.2175793488680435,0.47441649838092326,0.031882406190065445,0.4766004448401212,0.15418402086494593,0.08409517960016781,0.5661437500000016
651,1376,0.86,69,0.7441277674640518,2.219142502501099,0.4740233707647018,0.03210948663366388,0.4766004448401212,0.15422322227799712,0.08398666481319204,0.5665937500000016
652,1375,0.859375,70,0.7453910540489102,2.21212013769733,0.4742441640715329,0.033485666747241974,0.589593177660182,0.15412467975738744,0.08438681945017007,0.5671000000000015
653,1368,0.855,71,0.7447701837909221,2.2171641077275823,0.47432110435268066,0.03377762908305081,0.589593177660182,0.1540516226801068,0.08434920524479109,0.5678687500000016
654,1371,0.856875,71,0.7513424717896802,2.2248384947118764,0.4743492661586718,0.0341148551716555,0.589593177660182,0.1539655102869199,0.08413912372045712,0.5675687500000016
655,1351,0.844375,72,0.7435800690116173,2.224179646057257,0.47399314454108543,0.033945746022941606,0.589593177660182,0.15392078892232075,0.08437780307541021,0.5690687500000016
656,1344,0.84,73,0.7370540051260203,2.228498970410768,0.4740023209837491,0.03372372343043799,0.589593177660182,0.1539301842431019,0.08384248405835529,0.5704000000000016
657,1346,0.84125,73,0.7334072678575247,2.2210500160636,0.473493192269326,0.034315109623341854,0.589593177660182,0.15408007261739698,0.08415084689031098,0.5710750000000016
658,1348,0.8425,73,0.7324001332534104,2.2057137016943433,0.473723858942935,0.034944872877298784,0.589593177660182,0.15416206292930743,0.08464156041084886,0.5708500000000015
659,1333,0.833125,71,0.7284351180850994,2.200618084072275,0.47396454144441635,0.034823942277685885,0.589593177660182,0.15417724041442868,0.08522432634123293,0.5720875000000016
660,1340,0.8375,72,0.7447571136746461,2.243403790098971,0.47442329489505036,0.0347944433935217,0.589593177660182,0.1542360841703672,0.08421358390175436,0.5719937500000016
661,1343,0.839375,70,0.7372905072045008,2.2310199230387524,0.4743865564346816,0.03388758258929085,0.589593177660182,0.15420918347531004,0.08561257102406972,0.5728562500000015
662,1346,0.84125,69,0.7497320090005898,2.237427542519108,0.4743718995377534,0.03385467623707393,0.589593177660182,0.15433036326495272,0.08490266485950229,0.5727250000000016
663,1342,0.83875,71,0.7409169651755614,2.2356728799795125,0.4740729344152312,0.03345457792848507,0.589593177660182,0.15431190133624287,0.08500955034443228,0.5730437500000015
664,1344,0.84,69,0.727074929844354,2.231561391598649,0.4740092860999911,0.03315482369814753,0.589593177660182,0.15427206384173053,0.08496457220435875,0.5730437500000016
665,1344,0.84,70,0.7242740743874981,2.239788539033737,0.4737850418818984,0.03260998446615412,0.589593177660182,0.15416715557265567,0.08414721785534361,0.5732687500000015
666,1347,0.841875,70,0.7299660541877346,2.239371036374762,0.47424620329203715,0.03312308263221485,0.589593177660182,0.15429668502704388,0.08525234828845506,0.5725187500000016
667,1345,0.840625,69,0.7206000877476817,2.2333751068220686,0.4741185105569611,0.032719984687996924,0.589593177660182,0.15445415674017304,0.08459791479794215,0.5734937500000017
668,1356,0.8475,68,0.7280490350985597,2.2367559289649,0.4741357223053041,0.0327165551438035,0.589593177660182,0.15454474100670226,0.08521968844742818,0.5733812500000016
669,1374,0.85875,67,0.7216095058320047,2.2420726987700994,0.4742237598523849,0.03264416159324196,0.589593177660182,0.15445066404170932,0.08513221820608348,0.5720125000000017
670,1367,0.854375,70,0.7191309947719391,2.252877056818246,0.4740251441937839,0.03274775801737472,0.589593177660182,0.15455155842895452,0.08472023641226427,0.5713750000000016
671,1352,0.845,67,0.6989514347712681,2.2309241907684982,0.47387393552087104,0.03197081316648931,0.589593177660182,0.15465591035800788,0.08474726279273463,0.5723687500000015
672,1340,0.8375,66,0.70862998115451,2.243899559472331,0.47354531974402325,0.032136487875455574,0.589593177660182,0.15471840763371525,0.0854848040501932,0.5734937500000017
673,1354,0.84625,65,0.6924047584663879,2.231272064276707,0.473255546556982,0.03045612516561351,0.4653793579642296,0.15469447520413032,0.08543507764395662,0.5734187500000016
674,1350,0.84375,64,0.6649297094904856,2.203147624765972,0.47251719249675667,0.029473569565731057,0.4653793579642296,0.15467825246540345,0.08514823766125793,0.5745625000000016
675,1345,0.840625,64,0.6720099951008643,2.212960841438384,0.47211830787568065,0.02889008711472259,0.46180841551223517,0.15476488922532286,0.08559582164244255,0.5745437500000017
676,1360,0.85,66,0.6859657998223039,2.247199589066028,0.47216914474847416,0.029313691023929285,0.46180841551223517,0.15477664481800688,0.08588837436285188,0.5740937500000016
677,1342,0.83875,65,0.6969774516164101,2.251273418310266,0.47243887013332864,0.029662188643658598,0.46180841551223517,0.15479534523949046,0.08545513100219501,0.5742062500000017
678,1358,0.84875,62,0.692682331752183,2.2356122750303706,0.47255856236219707,0.02899452873345592,0.46178258286293705,0.15494848958976565,0.08588015402407802,0.5734187500000016
679,1363,0.851875,64,0.7018321153701026,2.25542792040808,0.47272420024362405,0.03041998374489783,0.6198554776164039,0.15497194290342603,0.08563457097690183,0.5739062500000016
680,1361,0.850625,63,0.6929971077351191,2.239563560619551,0.47244671233088686,0.030173924252619225,0.6198554776164039,0.15494838729864585,0.08512641834533206,0.5745250000000016
681,1374,0.85875,64,0.692051041844234,2.241423974924248,0.4721776189074767,0.030745969046037703,0.6570890305538101,0.15487771735876396,0.0851547704227862,0.5745437500000016
682,1366,0.85375,63,0.6909793352575672,2.2395917967770225,0.47213548349512635,0.030832208231252472,0.6570890305538101,0.154863458122028,0.08537529452811161,0.5746000000000017
683,1372,0.8575,62,0.6963209059941545,2.246476070760462,0.4719270695326087,0.030527690195346298,0.6570890305538101,0.15482704363832778,0.08570212004651538,0.5742062500000017
684,1369,0.855625,62,0.6971537887932104,2.2540227382620097,0.4718821076994432,0.03037360878114123,0.6570890305538101,0.15493893162712483,0.08543627595708062,0.5743750000000016
685,1378,0.86125,63,0.70699304085471,2.2642512984070664,0.47175427855371155,0.030626195916541483,0.6570890305538101,0.1550761029465666,0.08541990565420056,0.5739250000000016
686,1363,0.851875,62,0.6962443632995197,2.256185961481946,0.47199260121293113,0.02991757867371449,0.6570890305538101,0.1549686107060021,0.08571493884452083,0.5740375000000015
687,1372,0.8575,59,0.6838399201755593,2.236482874195326,0.4716383847390614,0.027853702550530685,0.47538633140097863,0.15505367494136899,0.08543450736789485,0.5736250000000017
688,1376,0.86,61,0.695795039686001,2.2477968056629396,0.47196721225795935,0.028164261511776922,0.47538633140097863,0.15504340041056927,0.08584285565710592,0.5732500000000017
689,1378,0.86125,62,0.6802267254889536,2.2388884790640686,0.47192872572851147,0.027687224779137914,0.47538633140097863,0.15513830758334457,0.0859887177471331,0.5737375000000017
690,1371,0.856875,64,0.6805110374944464,2.2480075857191837,0.4722215564800432,0.02784462321355726,0.47538633140097863,0.15515553175439015,0.08530535656667354,0.5739062500000016
691,1366,0.85375,63,0.6893265685512449,2.2511554606242505,0.4724364231035155,0.028009978038193276,0.47538633140097863,0.155173887965901,0.08555863999771798,0.5743375000000017
692,1358,0.84875,63,0.6896984262395125,2.2498613913239036,0.4723232192024172,0.0278999086856158,0.47538633140097863,0.15518076463175082,0.0864420977536129,0.5752562500000017
693,1363,0.851875,62,0.687585897593885,2.2446728545619328,0.47235885578108266,0.02752219705064062,0.47538633140097863,0.15522230948377227,0.08576332866334761,0.5745812500000017
694,1374,0.85875,63,0.6797304518039554,2.229067891667643,0.47235983686555894,0.02751017905504999,0.47538633140097863,0.1551522441852622,0.08626753997680832,0.5741125000000017
695,1381,0.863125,64,0.6858988747745437,2.234456614767097,0.47243811040700306,0.027773226974852426,0.47538633140097863,0.1551698865735583,0.08551686504393735,0.5730812500000017
696,1384,0.865,63,0.6819958540941986,2.232253326983933,0.4723048375512219,0.027310329799367074,0.47538633140097863,0.15518685971756788,0.0856803674931386,0.5734187500000016
697,1387,0.866875,61,0.6708664311606151,2.202039075053828,0.4719961501686596,0.02732562952877755,0.47538633140097863,0.15527593646663496,0.0860107594438726,0.5735125000000018
698,1387,0.866875,61,0.6722002384330914,2.201607952955677,0.4718543886269799,0.02807829016712081,0.47538633140097863,0.15522855004510266,0.08548428926959936,0.5733625000000017
699,1392,0.87,62,0.6619793506867461,2.2087732290149567,0.4718935131641066,0.02748950904435584,0.40708069684131043,0.1552264154901804,0.08575413682808544,0.5726125000000017
700,1391,0.869375,65,0.6712002469220588,2.2209073639207313,0.47216314955828104,0.02842890967349158,0.517349235358851,0.1552315921423002,0.0855838933415508,0.5719937500000017
701,1397,0.873125,65,0.6695556416095252,2.217248276259667,0.47211928880654064,0.028280195454522632,0.517349235358851,0.15521460220404673,0.08561680115064126,0.5719187500000017
702,1409,0.880625,65,0.6668281908510905,2.2133243853740128,0.47206439600990296,0.028166672133485924,0.517349235358851,0.15523756062408545,0.08578327668243994,0.5709625000000017
703,1415,0.884375,65,0.6753774924447495,2.2226975837519896,0.47226746122709834,0.028335103486045947,0.517349235358851,0.1552821399135419,0.08547002764416137,0.5706250000000017
704,1399,0.874375,63,0.6764585852275248,2.2232733837518377,0.4723206029252027,0.028177137791127224,0.517349235358851,0.1553094721079733,0.08609534534198476,0.5715625000000017
705,1394,0.87125,64,0.6727782439370873,2.2135744642208808,0.47216555328672094,0.027503046375437722,0.517349235358851,0.15532834553971808,0.08527195543436902,0.5709437500000017
706,1387,0.866875,66,0.678978858435801,2.2321195786551593,0.47248674158043097,0.02803560029680449,0.517349235358851,0.15532118746642049,0.0848182458285782,0.5702687500000018
707,1376,0.86,67,0.6819746079093552,2.240165473747645,0.47245350095198974,0.028025807437221776,0.517349235358851,0.1552990742578391,0.08543102851620668,0.5707187500000017
708,1377,0.860625,67,0.6807473026127527,2.2304398839596447,0.4724785115737803,0.02826161449958622,0.517349235358851,0.15530628447561148,0.08496343231385815,0.5703062500000017
709,1372,0.8575,68,0.6751119183627972,2.227467304653422,0.4722312532897628,0.028155222064407376,0.517349235358851,0.15526486685550053,0.08503858546460333,0.5704000000000017
710,1376,0.86,66,0.6763806484002901,2.2320850133731835,0.47230511861714947,0.027835238377543675,0.517349235358851,0.1552826910084477,0.08580997278854864,0.5695375000000017
711,1375,0.859375,64,0.6816797977337502,2.225709765305094,0.4723624969634491,0.028179224654906108,0.517349235358851,0.15534692634675204,0.08506405738419734,0.5695562500000018
712,1392,0.87,63,0.6853184649516326,2.2151677737819377,0.472184990642726,0.028600947775132564,0.517349235358851,0.15543786960282022,0.08480468172832138,0.5683375000000018
713,1392,0.87,65,0.6951048172500547,2.22743999034766,0.4723061371360117,0.028971516619578797,0.517349235358851,0.1554799744244095,0.08507836277067256,0.5682250000000018
714,1384,0.865,64,0.6849799811331913,2.213617034681173,0.47206469405258095,0.02866849156463758,0.517349235358851,0.155566743423254,0.08513417762511778,0.5687687500000017
715,1383,0.864375,64,0.6878027005115614,2.21638615795822,0.4722265302035498,0.028794406712583313,0.517349235358851,0.15557718330427742,0.08476307425306165,0.5682812500000017
716,1369,0.855625,61,0.6781033552203412,2.195293566110381,0.4721191409931617,0.02854212360095439,0.517349235358851,0.15559232266353273,0.08518002309925898,0.5685625000000017
717,1372,0.8575,62,0.6841156313241522,2.1999702259495346,0.47195589832622065,0.028787882864959993,0.517349235358851,0.15558199863535965,0.08521530618296129,0.5681875000000017
718,1360,0.85,66,0.6953477875402939,2.2172642079614535,0.4720226273548585,0.02990963443101136,0.517349235358851,0.1555329583990286,0.08483592284351409,0.5689000000000017
719,1347,0.841875,67,0.6969893287196709,2.2147528356488393,0.4717596731975994,0.029940065700480873,0.517349235358851,0.15546213500509956,0.08466585039318636,0.5692937500000017
720,1334,0.83375,65,0.7112570364869876,2.218517815641726,0.47179321530065293,0.03125905746579063,0.6063113387779299,0.15546143001095816,0.0850988931287668,0.5696875000000017
721,1352,0.845,67,0.7112924153222678,2.2204371778013248,0.47144939712301503,0.030998599710766118,0.6063113387779299,0.1555202349483199,0.08495992476134977,0.5693687500000018
722,1362,0.85125,69,0.7064359655786272,2.218073466446291,0.471861529251993,0.03034522946188603,0.6063113387779299,0.15541976875627622,0.08498125469331916,0.5688625000000017
723,1360,0.85,67,0.694402955738859,2.2029980347612375,0.47215269243126834,0.03047682922345433,0.6063113387779299,0.15550779671009227,0.0855199393554991,0.5695937500000018
724,1375,0.859375,67,0.6901815161350083,2.2042800212540437,0.47253976698443056,0.032824990063851436,0.7438695279021867,0.15548138860344157,0.08529600017231133,0.5689937500000017
725,1394,0.87125,69,0.6873843858729848,2.2000727309231642,0.4726228609759514,0.032769489641230706,0.7438695279021867,0.15557415274452932,0.08484914833764735,0.5684125000000018
726,1376,0.86,71,0.6993106867350084,2.203033709772457,0.4725302006184989,0.03321707396611355,0.7438695279021867,0.1555959545649959,0.08504792907795335,0.5693500000000017
727,1394,0.87125,74,0.7091489564376817,2.219003526632346,0.4726052721409834,0.03344605905894152,0.7438695279021867,0.15567430166796165,0.08518956018809984,0.5687125000000018
728,1383,0.864375,75,0.7044884332041343,2.2353483618151637,0.4731194878812076,0.03332357646320924,0.7438695279021867,0.15575284192737635,0.08526891352961485,0.5689937500000017
729,1374,0.85875,73,0.6926686644410031,2.223643440570775,0.4733639563760061,0.032720898213422764,0.7438695279021867,0.1558248026515083,0.08552324623338299,0.5689187500000018
730,1367,0.854375,72,0.7016910156092637,2.2361341242184967,0.47361015194116246,0.03295406517773742,0.7438695279021867,0.15583490781788942,0.08565773497135941,0.5688812500000018
731,1359,0.849375,74,0.7103516433409768,2.2604911581735454,0.47363124497506126,0.033300185322296505,0.7438695279021867,0.15581817424225952,0.08558130789296559,0.5693500000000017
732,1370,0.85625,71,0.709954473780316,2.2566509001617,0.4736482276554771,0.03341818255736165,0.7438695279021867,0.15588543479949954,0.08551334214668219,0.5686750000000018
733,1383,0.864375,74,0.7249301045221301,2.286211372474846,0.4737350881779562,0.033951182628961615,0.7438695279021867,0.15594894766089387,0.0855505759473814,0.5683375000000018
734,1383,0.864375,73,0.7226065758014246,2.286391565611381,0.4733800930295684,0.03352227669826203,0.7438695279021867,0.15607330690191393,0.08452465063369918,0.5681500000000017
735,1375,0.859375,74,0.7173361568690712,2.277835707790211,0.47333597398644683,0.03337030042844698,0.7438695279021867,0.1561857110076561,0.0858444645097088,0.5684500000000018
736,1359,0.849375,74,0.7181144565677325,2.284989423947756,0.4735898431792917,0.03352543156193653,0.7438695279021867,0.15618629649710716,0.08480102355370764,0.5690312500000018
737,1361,0.850625,73,0.7316806672932208,2.2905421895136664,0.4738526242784961,0.034154940805218546,0.7438695279021867,0.1561839822892281,0.08491448949851017,0.5685437500000018
738,1361,0.850625,74,0.7187751664922422,2.281853216586042,0.4736600797139621,0.032979483855616464,0.6983684724172645,0.1561902889947589,0.08532462572865525,0.5687125000000017
739,1366,0.85375,77,0.7281339504314898,2.3032340509843867,0.4734615118301152,0.03296141628705276,0.6983684724172645,0.15619726804055592,0.08520744985313086,0.5685812500000017
740,1382,0.86375,80,0.7489470981640973,2.3253196054277567,0.4737136023980193,0.033734483338777176,0.6983684724172645,0.15623208060041602,0.08548716579741994,0.5676625000000017
741,1382,0.86375,80,0.7399464374850092,2.3234416671495044,0.47352873679651025,0.033430515882924214,0.6983684724172645,0.15613688934204395,0.08515256187699785,0.5670250000000018
742,1368,0.855,80,0.7404987334497487,2.3292304153808656,0.4736538096978685,0.03363619428752831,0.6983684724172645,0.15611244226712365,0.08504431710499674,0.5667062500000017
743,1357,0.848125,78,0.7436673986546897,2.319622333728356,0.47370275945518425,0.033423030653964736,0.6983684724172645,0.15609759565255515,0.08490707024447174,0.5669687500000018
744,1349,0.843125,78,0.7496262652538964,2.3313390261828872,0.47376505917973044,0.03362712796114576,0.6983684724172645,0.15609866846859863,0.08544751231849002,0.5680562500000018
745,1347,0.841875,77,0.7661546146425154,2.3397518623064917,0.4736110072558229,0.03497716344557365,0.7880291990254542,0.15615545484109508,0.08468544947195845,0.5686937500000018
746,1339,0.836875,78,0.7679128534176446,2.3455748236886604,0.4735227500856341,0.03478393865690693,0.7880291990254542,0.15631792197333058,0.08474664191978204,0.5689000000000017
747,1346,0.84125,78,0.773086218578945,2.3510413167209556,0.4725007322659844,0.03143225331722652,0.5110525413018024,0.15634446813478306,0.08550884180086306,0.5690125000000018
748,1351,0.844375,78,0.7593071178674994,2.3411801276681192,0.4723434558137341,0.031201760613342545,0.5110525413018024,0.15629173719621497,0.08520947264538965,0.5689375000000019
749,1358,0.84875,78,0.7470008851125715,2.3397903264387367,0.472464453119903,0.029832983127084118,0.42139181469361275,0.15633336630352287,0.08513617013319805,0.5689750000000018
750,1367,0.854375,78,0.7451462030692011,2.3411225573873344,0.4728051423798758,0.029804137268636406,0.42139181469361275,0.1563909087746055,0.08562463054933642,0.5691625000000018
751,1369,0.855625,81,0.7685948755487697,2.379420996798476,0.47294640962764317,0.030141464785068465,0.42139181469361275,0.1564857929857107,0.08559085595950175,0.5690875000000019
752,1354,0.84625,79,0.7688521105861263,2.3731837686248305,0.4729432658271394,0.030257622875517327,0.42139181469361275,0.1565240242398248,0.0858536790676296,0.5695187500000017
753,1360,0.85,77,0.7631847241594628,2.3682645997772114,0.47355844791558993,0.029997424556276204,0.42139181469361275,0.15656861700839528,0.08526056660583683,0.5691250000000018
754,1371,0.856875,77,0.7833156444162712,2.3748566178590838,0.4737245970215632,0.030805572741282865,0.42139181469361275,0.15649374729225235,0.08531427811194235,0.5680000000000018
755,1362,0.85125,76,0.787770053097855,2.37721286488216,0.47395730013961757,0.031834405593143725,0.4691516343565371,0.15639925351092485,0.08510912596291745,0.5681312500000019
756,1361,0.850625,76,0.7739786542648615,2.3476492910575324,0.4734438484425107,0.031453195034829386,0.4691516343565371,0.15645663755106648,0.08550983018622849,0.5677187500000018
757,1362,0.85125,75,0.7817822079740192,2.3615152935183543,0.4736505660940449,0.03191232594474457,0.4691516343565371,0.15640631998403018,0.08566771963397518,0.5687312500000019
758,1383,0.864375,74,0.7628578172443182,2.338332183434107,0.4733220335599661,0.03115811246237757,0.4691516343565371,0.15632751465734404,0.08510369796327967,0.5673062500000018
759,1397,0.873125,76,0.7646124033359135,2.345062313718953,0.47365599270436937,0.03455604034192048,0.7586785191887575,0.15623112398563485,0.08512028534891773,0.5662750000000019
760,1383,0.864375,77,0.7665459449227419,2.3443919338389776,0.4736579208837406,0.035025632065333226,0.7586785191887575,0.15624242241088668,0.08494588581852974,0.5672687500000019
761,1386,0.86625,78,0.7670420423516933,2.346890138453462,0.473513053218501,0.03523762649741611,0.7586785191887575,0.15627061415536808,0.08524685322645913,0.5666312500000018
762,1397,0.873125,78,0.7691367749474752,2.345398061691312,0.4738527435497477,0.03670441120365171,0.7586785191887575,0.15627305072645567,0.08461180546656535,0.5661437500000018
763,1390,0.86875,78,0.7675109232109951,2.3546918413817415,0.4743472525858178,0.03685905288459659,0.7586785191887575,0.15621227627029757,0.08501693863074535,0.5656937500000019
764,1389,0.868125,78,0.7516674258966297,2.32366714767154,0.47394784905269244,0.03634828670803599,0.7586785191887575,0.15628837570445028,0.08467676290441475,0.5654875000000018
765,1379,0.861875,78,0.76236272576937,2.3389304732717613,0.4741636603826542,0.03647008105555049,0.7586785191887575,0.1563389909630457,0.0846860321919624,0.5665000000000018
766,1383,0.864375,79,0.7687608054171544,2.339370203457502,0.4741710884222985,0.037108947572532185,0.7586785191887575,0.15645513577340195,0.08514781322868746,0.5662187500000018
767,1374,0.85875,82,0.7717739638951118,2.3570534900651245,0.47388193081690033,0.037122461111797234,0.7586785191887575,0.15652924256941472,0.08480927822581458,0.5672687500000019
768,1388,0.8675,83,0.7749040622730512,2.3718319042607856,0.4738844394444263,0.03655065881458276,0.7586785191887575,0.15644658828350713,0.08498716270918269,0.5663125000000019
769,1403,0.876875,84,0.7860115720630448,2.3865025276467824,0.47392061238559813,0.03684651567282036,0.7586785191887575,0.15643765625300943,0.08491046980928321,0.5651312500000019
770,1387,0.866875,84,0.7881284976819604,2.394940698922825,0.47325783238405544,0.03612439502776506,0.7586785191887575,0.15638844212989914,0.08526067862324388,0.5652812500000018
771,1384,0.865,84,0.7905690763725051,2.382695760270086,0.47302312326513746,0.03632528461455078,0.7586785191887575,0.15644837243586396,0.0843034682574321,0.5650375000000019
772,1386,0.86625,85,0.7931800850790366,2.3845021293394337,0.4732048276004392,0.03664139922222948,0.7586785191887575,0.1563808219928584,0.08487647305064931,0.5644937500000018
773,1374,0.85875,84,0.7913627235790204,2.4001557996514458,0.47348072074751535,0.03581359096802108,0.7586785191887575,0.15636584334540385,0.08452432155347822,0.5638187500000018
774,1376,0.86,82,0.773804648633321,2.3614763847283147,0.47318805358433835,0.03319540960394469,0.4691516343565371,0.15638472005149004,0.08469198610854979,0.5641375000000018
775,1371,0.856875,82,0.7892213560369463,2.3671824063531237,0.47317099609566,0.0338125599598784,0.4691516343565371,0.1563500541639448,0.08435943526805395,0.5647750000000019
776,1376,0.86,80,0.7852035413629069,2.352721595808033,0.47302954161364297,0.03411221614986765,0.4691516343565371,0.15631914318163556,0.08416919890246663,0.5639875000000019
777,1381,0.863125,80,0.7888917255742538,2.3634873846464552,0.4728115699335528,0.033898469519374246,0.4691516343565371,0.1562573215224431,0.08485674558705462,0.5637250000000019
778,1387,0.866875,78,0.7873851524451575,2.34368587768886,0.4726897212970709,0.03334347254309231,0.4691516343565371,0.15623810027479232,0.08412235879848337,0.5630875000000019
779,1411,0.881875,81,0.7960668234529087,2.3645104834141657,0.47257870554179393,0.03338381630107072,0.4691516343565371,0.15627737568570188,0.08417576294622597,0.5605375000000019
780,1411,0.881875,81,0.799649996899464,2.3746711021068116,0.4727347663722429,0.033469901697180476,0.4691516343565371,0.15624589161833474,0.08393567146793868,0.5603125000000019
781,1400,0.875,80,0.8068628946930275,2.379350633098517,0.47285794730271846,0.03369635858562439,0.4691516343565371,0.15623845129297945,0.08410394555094994,0.5603125000000019
782,1395,0.871875,83,0.8190388324711498,2.404196197223674,0.47304389850499173,0.03354952400864174,0.4691516343565371,0.1563085183180824,0.08391656503996675,0.5601062500000019
783,1392,0.87,83,0.8170983852107142,2.3919468926099254,0.47299251628790584,0.033465738066037844,0.4691516343565371,0.1562851234561475,0.08389843941580356,0.5603875000000019
784,1398,0.87375,81,0.8229922632280274,2.393967887149869,0.473434343644769,0.03336304919374491,0.4691516343565371,0.156242806966317,0.08474066340579654,0.5602750000000019
785,1397,0.873125,79,0.8187623744037732,2.389366947313649,0.47339840291913093,0.033072837234772376,0.4691516343565371,0.15630514777676915,0.0837796231241348,0.5593187500000019
786,1385,0.865625,79,0.8180366166698408,2.391402530292731,0.4733975489505435,0.03299680138583136,0.4691516343565371,0.15632141848396755,0.08403849982889389,0.5587375000000019
787,1387,0.866875,80,0.8378809694402064,2.419337028238549,0.4739590432431401,0.03372106941589749,0.4691516343565371,0.1563021936827362,0.08370246299959022,0.557556250000002
788,1383,0.864375,80,0.83653147422456,2.415270861333044,0.47399898191020934,0.033938762558818676,0.4691516343565371,0.15613435944315862,0.08316899045072544,0.557425000000002
789,1378,0.86125,79,0.845460719215737,2.42236871968654,0.474183013216315,0.03426834353645427,0.4691516343565371,0.15618640499611697,0.08379074366241941,0.5575937500000019
790,1391,0.869375,79,0.8422904942853222,2.4175889171524427,0.4742171289754172,0.03410347143978405,0.4691516343565371,0.15633223008367084,0.0837803129575109,0.5565062500000019
791,1403,0.876875,77,0.8357090705182368,2.3970892580857983,0.4745411476938777,0.03405837053201812,0.4691516343565371,0.1564129685006968,0.08336218666727238,0.555231250000002
792,1395,0.871875,74,0.8224958647365794,2.3909731375304997,0.4749592142508107,0.033373433487650525,0.4691516343565371,0.1564779272114856,0.08278711719841643,0.5557937500000019
793,1388,0.8675,75,0.8087469394503454,2.36765530402061,0.47449763818915597,0.032805180005925784,0.4691516343565371,0.15653384796746175,0.08326760466937488,0.5554750000000018
794,1393,0.870625,77,0.8176109981406543,2.381943662107237,0.474611120841369,0.033055341864182124,0.4691516343565371,0.1564343264352142,0.0830506229509609,0.5545000000000019
795,1396,0.8725,79,0.8226249602987418,2.382764052309292,0.4748539355493492,0.034325779849419015,0.6069704080050626,0.15641154511108715,0.08358316352432649,0.5540687500000019
796,1403,0.876875,80,0.821410299645551,2.387910526675631,0.47470518556923863,0.034229253763400865,0.6069704080050626,0.15631773991915365,0.08292657738614438,0.553375000000002
797,1403,0.876875,80,0.8329895004072125,2.3908230091028555,0.4745129103623844,0.034578965869763244,0.6069704080050626,0.15640404312052372,0.0830067147724447,0.5524750000000018
798,1379,0.861875,80,0.834144301931992,2.376521890024445,0.47432413743669144,0.03453278825346611,0.6069704080050626,0.15647559805051725,0.08340695926201332,0.5535812500000019
799,1378,0.86125,83,0.8401591540437346,2.3909244357849326,0.47458451402041724,0.03493117357881845,0.6069704080050626,0.15643509837830782,0.08279611207337555,0.5537687500000019
800,1391,0.869375,83,0.844883895188494,2.388490891845062,0.47440835313534985,0.03507231581372137,0.6069704080050626,0.15652343785515738,0.08322718255404771,0.552418750000002
